raw_attribute_id,source_party_id,column_id,raw_value,ingestion_timestamp
RA_SP_SmartPlus_lead_L001_first_name,SP_SmartPlus_lead_L001,1,John,2026-01-27T14:32:16.067077
RA_SP_SmartPlus_lead_L001_last_name,SP_SmartPlus_lead_L001,2,Smith,2026-01-27T14:32:16.067077
RA_SP_SmartPlus_lead_L001_date_of_birth,SP_SmartPlus_lead_L001,3,1985-06-15,2026-01-27T14:32:16.067077
RA_SP_SmartPlus_lead_L001_email,SP_SmartPlus_lead_L001,4,john.smith@email.com,2026-01-27T14:32:16.067077
RA_SP_SmartPlus_lead_L001_phone,SP_SmartPlus_lead_L001,5,+852-9123-4567,2026-01-27T14:32:16.067077
RA_SP_SmartPlus_lead_L001_address,SP_SmartPlus_lead_L001,6,"Flat 5A, 123 Queen's Road, Central, HK",2026-01-27T14:32:16.067077
RA_SP_SmartPlus_lead_L001_gov_id_type,SP_SmartPlus_lead_L001,8,HKID,2026-01-27T14:32:16.067077
RA_SP_SmartPlus_lead_L001_gov_id_number,SP_SmartPlus_lead_L001,7,A123456(7),2026-01-27T14:32:16.067077
RA_SP_SmartPlus_lead_L002_first_name,SP_SmartPlus_lead_L002,1,Sarah,2026-01-27T14:32:16.067077
RA_SP_SmartPlus_lead_L002_last_name,SP_SmartPlus_lead_L002,2,Lee,2026-01-27T14:32:16.067077
RA_SP_SmartPlus_lead_L002_date_of_birth,SP_SmartPlus_lead_L002,3,1982-03-20,2026-01-27T14:32:16.067077
RA_SP_SmartPlus_lead_L002_email,SP_SmartPlus_lead_L002,4,sarah.lee@email.com,2026-01-27T14:32:16.067077
RA_SP_SmartPlus_lead_L002_phone,SP_SmartPlus_lead_L002,5,+852-9234-5678,2026-01-27T14:32:16.067077
RA_SP_SmartPlus_lead_L002_address,SP_SmartPlus_lead_L002,6,"Unit 12B, 456 Nathan Road, Kowloon, HK",2026-01-27T14:32:16.067077
RA_SP_SmartPlus_lead_L002_gov_id_type,SP_SmartPlus_lead_L002,8,HKID,2026-01-27T14:32:16.067077
RA_SP_SmartPlus_lead_L002_gov_id_number,SP_SmartPlus_lead_L002,7,B234567(8),2026-01-27T14:32:16.067077
RA_SP_SmartPlus_lead_L003_first_name,SP_SmartPlus_lead_L003,1,Susan,2026-01-27T14:32:16.067077
RA_SP_SmartPlus_lead_L003_last_name,SP_SmartPlus_lead_L003,2,Martinez,2026-01-27T14:32:16.067077
RA_SP_SmartPlus_lead_L003_date_of_birth,SP_SmartPlus_lead_L003,3,1987-02-18,2026-01-27T14:32:16.067077
RA_SP_SmartPlus_lead_L003_email,SP_SmartPlus_lead_L003,4,susan.martinez@email.com,2026-01-27T14:32:16.067077
RA_SP_SmartPlus_lead_L003_phone,SP_SmartPlus_lead_L003,5,+852-9123-4567,2026-01-27T14:32:16.067077
RA_SP_SmartPlus_lead_L003_address,SP_SmartPlus_lead_L003,6,"Flat 8C, 789 Hennessy Road, Wan Chai, HK",2026-01-27T14:32:16.067077
RA_SP_SmartPlus_lead_L003_gov_id_type,SP_SmartPlus_lead_L003,8,HKID,2026-01-27T14:32:16.067077
RA_SP_SmartPlus_lead_L003_gov_id_number,SP_SmartPlus_lead_L003,7,L123456(7),2026-01-27T14:32:16.067077
RA_SP_SmartPlus_lead_L004_first_name,SP_SmartPlus_lead_L004,1,Broker,2026-01-27T14:32:16.067077
RA_SP_SmartPlus_lead_L004_last_name,SP_SmartPlus_lead_L004,2,Agency,2026-01-27T14:32:16.067077
RA_SP_SmartPlus_lead_L004_email,SP_SmartPlus_lead_L004,4,broker@agency.com,2026-01-27T14:32:16.067077
RA_SP_SmartPlus_lead_L004_phone,SP_SmartPlus_lead_L004,5,+852-9666-6666,2026-01-27T14:32:16.067077
RA_SP_SmartPlus_lead_L004_address,SP_SmartPlus_lead_L004,6,"Office Tower, HK",2026-01-27T14:32:16.067077
RA_SP_SmartPlus_application_A001_applicant_applicant_first_name,SP_SmartPlus_application_A001_applicant,45,John,2026-01-27T14:32:16.095428
RA_SP_SmartPlus_application_A001_applicant_applicant_last_name,SP_SmartPlus_application_A001_applicant,46,Smith,2026-01-27T14:32:16.095428
RA_SP_SmartPlus_application_A001_applicant_applicant_dob,SP_SmartPlus_application_A001_applicant,47,1985-06-15,2026-01-27T14:32:16.095428
RA_SP_SmartPlus_application_A001_applicant_applicant_email,SP_SmartPlus_application_A001_applicant,48,john.smith@email.com,2026-01-27T14:32:16.095428
RA_SP_SmartPlus_application_A001_applicant_applicant_phone,SP_SmartPlus_application_A001_applicant,49,+852-9123-4567,2026-01-27T14:32:16.095428
RA_SP_SmartPlus_application_A001_applicant_applicant_gov_id,SP_SmartPlus_application_A001_applicant,50,A123456(7),2026-01-27T14:32:16.095428
RA_SP_SmartPlus_application_A002_applicant_applicant_first_name,SP_SmartPlus_application_A002_applicant,45,Sarah,2026-01-27T14:32:16.095428
RA_SP_SmartPlus_application_A002_applicant_applicant_last_name,SP_SmartPlus_application_A002_applicant,46,Lee,2026-01-27T14:32:16.095428
RA_SP_SmartPlus_application_A002_applicant_applicant_dob,SP_SmartPlus_application_A002_applicant,47,1982-03-20,2026-01-27T14:32:16.095428
RA_SP_SmartPlus_application_A002_applicant_applicant_email,SP_SmartPlus_application_A002_applicant,48,sarah.lee@email.com,2026-01-27T14:32:16.095428
RA_SP_SmartPlus_application_A002_applicant_applicant_phone,SP_SmartPlus_application_A002_applicant,49,+852-9234-5678,2026-01-27T14:32:16.095428
RA_SP_SmartPlus_application_A002_applicant_applicant_gov_id,SP_SmartPlus_application_A002_applicant,50,B234567(8),2026-01-27T14:32:16.095428
RA_SP_SmartPlus_application_A002_spouse_spouse_first_name,SP_SmartPlus_application_A002_spouse,51,David,2026-01-27T14:32:16.095428
RA_SP_SmartPlus_application_A002_spouse_spouse_last_name,SP_SmartPlus_application_A002_spouse,52,Lee,2026-01-27T14:32:16.095428
RA_SP_SmartPlus_application_A002_spouse_spouse_dob,SP_SmartPlus_application_A002_spouse,53,1980-07-10,2026-01-27T14:32:16.095428
RA_SP_SmartPlus_application_A002_spouse_spouse_email,SP_SmartPlus_application_A002_spouse,54,david.lee@email.com,2026-01-27T14:32:16.095428
RA_SP_SmartPlus_application_A002_spouse_spouse_phone,SP_SmartPlus_application_A002_spouse,55,+852-9234-5678,2026-01-27T14:32:16.095428
RA_SP_SmartPlus_application_A002_spouse_spouse_gov_id,SP_SmartPlus_application_A002_spouse,56,B345678(9),2026-01-27T14:32:16.095428
RA_SP_SmartPlus_application_A003_applicant_applicant_first_name,SP_SmartPlus_application_A003_applicant,45,Alice,2026-01-27T14:32:16.095428
RA_SP_SmartPlus_application_A003_applicant_applicant_last_name,SP_SmartPlus_application_A003_applicant,46,Wong,2026-01-27T14:32:16.095428
RA_SP_SmartPlus_application_A003_applicant_applicant_dob,SP_SmartPlus_application_A003_applicant,47,1988-04-15,2026-01-27T14:32:16.095428
RA_SP_SmartPlus_application_A003_applicant_applicant_email,SP_SmartPlus_application_A003_applicant,48,alice.wong@email.com,2026-01-27T14:32:16.095428
RA_SP_SmartPlus_application_A003_applicant_applicant_phone,SP_SmartPlus_application_A003_applicant,49,+852-9345-6789,2026-01-27T14:32:16.095428
RA_SP_SmartPlus_application_A003_applicant_applicant_gov_id,SP_SmartPlus_application_A003_applicant,50,C123456(7),2026-01-27T14:32:16.095428
RA_SP_SmartPlus_application_A003_spouse_spouse_first_name,SP_SmartPlus_application_A003_spouse,51,Bob,2026-01-27T14:32:16.095428
RA_SP_SmartPlus_application_A003_spouse_spouse_last_name,SP_SmartPlus_application_A003_spouse,52,Wong,2026-01-27T14:32:16.095428
RA_SP_SmartPlus_application_A003_spouse_spouse_dob,SP_SmartPlus_application_A003_spouse,53,1986-08-22,2026-01-27T14:32:16.095428
RA_SP_SmartPlus_application_A003_spouse_spouse_email,SP_SmartPlus_application_A003_spouse,54,bob.wong@email.com,2026-01-27T14:32:16.095428
RA_SP_SmartPlus_application_A003_spouse_spouse_phone,SP_SmartPlus_application_A003_spouse,55,+852-9345-6789,2026-01-27T14:32:16.095428
RA_SP_SmartPlus_application_A003_spouse_spouse_gov_id,SP_SmartPlus_application_A003_spouse,56,C234567(8),2026-01-27T14:32:16.095428
RA_SP_SmartPlus_application_A004_applicant_applicant_first_name,SP_SmartPlus_application_A004_applicant,45,Grace,2026-01-27T14:32:16.095428
RA_SP_SmartPlus_application_A004_applicant_applicant_last_name,SP_SmartPlus_application_A004_applicant,46,Park,2026-01-27T14:32:16.095428
RA_SP_SmartPlus_application_A004_applicant_applicant_dob,SP_SmartPlus_application_A004_applicant,47,1990-09-25,2026-01-27T14:32:16.095428
RA_SP_SmartPlus_application_A004_applicant_applicant_email,SP_SmartPlus_application_A004_applicant,48,grace.park@email.com,2026-01-27T14:32:16.095428
RA_SP_SmartPlus_application_A004_applicant_applicant_phone,SP_SmartPlus_application_A004_applicant,49,+852-9456-7890,2026-01-27T14:32:16.095428
RA_SP_SmartPlus_application_A004_applicant_applicant_gov_id,SP_SmartPlus_application_A004_applicant,50,D123456(7),2026-01-27T14:32:16.095428
RA_SP_SmartPlus_application_A005_applicant_applicant_first_name,SP_SmartPlus_application_A005_applicant,45,Susan,2026-01-27T14:32:16.095428
RA_SP_SmartPlus_application_A005_applicant_applicant_last_name,SP_SmartPlus_application_A005_applicant,46,Martinez,2026-01-27T14:32:16.095428
RA_SP_SmartPlus_application_A005_applicant_applicant_dob,SP_SmartPlus_application_A005_applicant,47,1987-02-18,2026-01-27T14:32:16.095428
RA_SP_SmartPlus_application_A005_applicant_applicant_email,SP_SmartPlus_application_A005_applicant,48,susan.martinez@email.com,2026-01-27T14:32:16.095428
RA_SP_SmartPlus_application_A005_applicant_applicant_phone,SP_SmartPlus_application_A005_applicant,49,+852-9567-8901,2026-01-27T14:32:16.095428
RA_SP_SmartPlus_application_A005_applicant_applicant_gov_id,SP_SmartPlus_application_A005_applicant,50,E123456(7),2026-01-27T14:32:16.095428
RA_SP_SmartPlus_application_A006_applicant_applicant_first_name,SP_SmartPlus_application_A006_applicant,45,Unknown,2026-01-27T14:32:16.095428
RA_SP_SmartPlus_application_A006_applicant_applicant_last_name,SP_SmartPlus_application_A006_applicant,46,Person,2026-01-27T14:32:16.095428
RA_SP_SmartPlus_quote_member_QM001_first_name,SP_SmartPlus_quote_member_QM001,18,John,2026-01-27T14:32:16.181224
RA_SP_SmartPlus_quote_member_QM001_last_name,SP_SmartPlus_quote_member_QM001,19,Smith,2026-01-27T14:32:16.181224
RA_SP_SmartPlus_quote_member_QM001_date_of_birth,SP_SmartPlus_quote_member_QM001,20,1985-06-15,2026-01-27T14:32:16.181224
RA_SP_SmartPlus_quote_member_QM001_email,SP_SmartPlus_quote_member_QM001,21,john.smith@email.com,2026-01-27T14:32:16.181224
RA_SP_SmartPlus_quote_member_QM001_phone,SP_SmartPlus_quote_member_QM001,22,+852-9123-4567,2026-01-27T14:32:16.181224
RA_SP_SmartPlus_quote_member_QM001_gov_id_type,SP_SmartPlus_quote_member_QM001,24,HKID,2026-01-27T14:32:16.181224
RA_SP_SmartPlus_quote_member_QM001_gov_id_number,SP_SmartPlus_quote_member_QM001,23,A123456(7),2026-01-27T14:32:16.181224
RA_SP_SmartPlus_quote_member_QM001_relationship_type,SP_SmartPlus_quote_member_QM001,15,Primary,2026-01-27T14:32:16.181224
RA_SP_SmartPlus_quote_member_QM001_gender,SP_SmartPlus_quote_member_QM001,25,M,2026-01-27T14:32:16.181224
RA_SP_SmartPlus_quote_member_QM002_first_name,SP_SmartPlus_quote_member_QM002,18,Sarah,2026-01-27T14:32:16.181224
RA_SP_SmartPlus_quote_member_QM002_last_name,SP_SmartPlus_quote_member_QM002,19,Lee,2026-01-27T14:32:16.181224
RA_SP_SmartPlus_quote_member_QM002_date_of_birth,SP_SmartPlus_quote_member_QM002,20,1982-03-20,2026-01-27T14:32:16.181224
RA_SP_SmartPlus_quote_member_QM002_email,SP_SmartPlus_quote_member_QM002,21,sarah.lee@email.com,2026-01-27T14:32:16.181224
RA_SP_SmartPlus_quote_member_QM002_phone,SP_SmartPlus_quote_member_QM002,22,+852-9234-5678,2026-01-27T14:32:16.181224
RA_SP_SmartPlus_quote_member_QM002_gov_id_type,SP_SmartPlus_quote_member_QM002,24,HKID,2026-01-27T14:32:16.181224
RA_SP_SmartPlus_quote_member_QM002_gov_id_number,SP_SmartPlus_quote_member_QM002,23,B234567(8),2026-01-27T14:32:16.181224
RA_SP_SmartPlus_quote_member_QM002_relationship_type,SP_SmartPlus_quote_member_QM002,15,Primary,2026-01-27T14:32:16.181224
RA_SP_SmartPlus_quote_member_QM002_gender,SP_SmartPlus_quote_member_QM002,25,F,2026-01-27T14:32:16.181224
RA_SP_SmartPlus_quote_member_QM003_first_name,SP_SmartPlus_quote_member_QM003,26,David,2026-01-27T14:32:16.181224
RA_SP_SmartPlus_quote_member_QM003_last_name,SP_SmartPlus_quote_member_QM003,27,Lee,2026-01-27T14:32:16.181224
RA_SP_SmartPlus_quote_member_QM003_date_of_birth,SP_SmartPlus_quote_member_QM003,28,1980-07-10,2026-01-27T14:32:16.181224
RA_SP_SmartPlus_quote_member_QM003_email,SP_SmartPlus_quote_member_QM003,29,david.lee@email.com,2026-01-27T14:32:16.181224
RA_SP_SmartPlus_quote_member_QM003_phone,SP_SmartPlus_quote_member_QM003,30,+852-9234-5678,2026-01-27T14:32:16.181224
RA_SP_SmartPlus_quote_member_QM003_gov_id_type,SP_SmartPlus_quote_member_QM003,32,HKID,2026-01-27T14:32:16.181224
RA_SP_SmartPlus_quote_member_QM003_gov_id_number,SP_SmartPlus_quote_member_QM003,31,B345678(9),2026-01-27T14:32:16.181224
RA_SP_SmartPlus_quote_member_QM003_relationship_type,SP_SmartPlus_quote_member_QM003,16,Spouse,2026-01-27T14:32:16.181224
RA_SP_SmartPlus_quote_member_QM003_gender,SP_SmartPlus_quote_member_QM003,33,M,2026-01-27T14:32:16.181224
RA_SP_SmartPlus_quote_member_QM004_first_name,SP_SmartPlus_quote_member_QM004,34,Emma,2026-01-27T14:32:16.181224
RA_SP_SmartPlus_quote_member_QM004_last_name,SP_SmartPlus_quote_member_QM004,35,Lee,2026-01-27T14:32:16.181224
RA_SP_SmartPlus_quote_member_QM004_date_of_birth,SP_SmartPlus_quote_member_QM004,36,2010-11-05,2026-01-27T14:32:16.181224
RA_SP_SmartPlus_quote_member_QM004_phone,SP_SmartPlus_quote_member_QM004,38,+852-9234-5678,2026-01-27T14:32:16.181224
RA_SP_SmartPlus_quote_member_QM004_gov_id_type,SP_SmartPlus_quote_member_QM004,40,HKID,2026-01-27T14:32:16.181224
RA_SP_SmartPlus_quote_member_QM004_gov_id_number,SP_SmartPlus_quote_member_QM004,39,C456789(0),2026-01-27T14:32:16.181224
RA_SP_SmartPlus_quote_member_QM004_relationship_type,SP_SmartPlus_quote_member_QM004,17,Child,2026-01-27T14:32:16.181224
RA_SP_SmartPlus_quote_member_QM004_gender,SP_SmartPlus_quote_member_QM004,41,F,2026-01-27T14:32:16.181224
RA_SP_SmartPlus_quote_member_QM005_first_name,SP_SmartPlus_quote_member_QM005,18,Alice,2026-01-27T14:32:16.181224
RA_SP_SmartPlus_quote_member_QM005_last_name,SP_SmartPlus_quote_member_QM005,19,Wong,2026-01-27T14:32:16.181224
RA_SP_SmartPlus_quote_member_QM005_date_of_birth,SP_SmartPlus_quote_member_QM005,20,1988-04-12,2026-01-27T14:32:16.181224
RA_SP_SmartPlus_quote_member_QM005_email,SP_SmartPlus_quote_member_QM005,21,alice.wong@email.com,2026-01-27T14:32:16.181224
RA_SP_SmartPlus_quote_member_QM005_phone,SP_SmartPlus_quote_member_QM005,22,+852-9345-6789,2026-01-27T14:32:16.181224
RA_SP_SmartPlus_quote_member_QM005_gov_id_type,SP_SmartPlus_quote_member_QM005,24,HKID,2026-01-27T14:32:16.181224
RA_SP_SmartPlus_quote_member_QM005_gov_id_number,SP_SmartPlus_quote_member_QM005,23,D123456(7),2026-01-27T14:32:16.181224
RA_SP_SmartPlus_quote_member_QM005_relationship_type,SP_SmartPlus_quote_member_QM005,15,Primary,2026-01-27T14:32:16.181224
RA_SP_SmartPlus_quote_member_QM005_gender,SP_SmartPlus_quote_member_QM005,25,F,2026-01-27T14:32:16.181224
RA_SP_SmartPlus_quote_member_QM006_first_name,SP_SmartPlus_quote_member_QM006,26,Bob,2026-01-27T14:32:16.181224
RA_SP_SmartPlus_quote_member_QM006_last_name,SP_SmartPlus_quote_member_QM006,27,Wong,2026-01-27T14:32:16.181224
RA_SP_SmartPlus_quote_member_QM006_date_of_birth,SP_SmartPlus_quote_member_QM006,28,1986-08-25,2026-01-27T14:32:16.181224
RA_SP_SmartPlus_quote_member_QM006_email,SP_SmartPlus_quote_member_QM006,29,bob.wong@email.com,2026-01-27T14:32:16.181224
RA_SP_SmartPlus_quote_member_QM006_phone,SP_SmartPlus_quote_member_QM006,30,+852-9345-6789,2026-01-27T14:32:16.181224
RA_SP_SmartPlus_quote_member_QM006_gov_id_type,SP_SmartPlus_quote_member_QM006,32,HKID,2026-01-27T14:32:16.181224
RA_SP_SmartPlus_quote_member_QM006_gov_id_number,SP_SmartPlus_quote_member_QM006,31,D223456(7),2026-01-27T14:32:16.181224
RA_SP_SmartPlus_quote_member_QM006_relationship_type,SP_SmartPlus_quote_member_QM006,16,Spouse,2026-01-27T14:32:16.181224
RA_SP_SmartPlus_quote_member_QM006_gender,SP_SmartPlus_quote_member_QM006,33,M,2026-01-27T14:32:16.181224
RA_SP_SmartPlus_quote_member_QM007_first_name,SP_SmartPlus_quote_member_QM007,18,Michael,2026-01-27T14:32:16.181224
RA_SP_SmartPlus_quote_member_QM007_last_name,SP_SmartPlus_quote_member_QM007,19,Chen,2026-01-27T14:32:16.181224
RA_SP_SmartPlus_quote_member_QM007_date_of_birth,SP_SmartPlus_quote_member_QM007,20,1975-09-08,2026-01-27T14:32:16.181224
RA_SP_SmartPlus_quote_member_QM007_email,SP_SmartPlus_quote_member_QM007,21,michael.chen@email.com,2026-01-27T14:32:16.181224
RA_SP_SmartPlus_quote_member_QM007_phone,SP_SmartPlus_quote_member_QM007,22,+852-9456-7890,2026-01-27T14:32:16.181224
RA_SP_SmartPlus_quote_member_QM007_gov_id_type,SP_SmartPlus_quote_member_QM007,24,HKID,2026-01-27T14:32:16.181224
RA_SP_SmartPlus_quote_member_QM007_gov_id_number,SP_SmartPlus_quote_member_QM007,23,E123456(7),2026-01-27T14:32:16.181224
RA_SP_SmartPlus_quote_member_QM007_relationship_type,SP_SmartPlus_quote_member_QM007,15,Primary,2026-01-27T14:32:16.181224
RA_SP_SmartPlus_quote_member_QM007_gender,SP_SmartPlus_quote_member_QM007,25,M,2026-01-27T14:32:16.181224
RA_SP_SmartPlus_quote_member_QM008_first_name,SP_SmartPlus_quote_member_QM008,26,Linda,2026-01-27T14:32:16.181224
RA_SP_SmartPlus_quote_member_QM008_last_name,SP_SmartPlus_quote_member_QM008,27,Chen,2026-01-27T14:32:16.181224
RA_SP_SmartPlus_quote_member_QM008_date_of_birth,SP_SmartPlus_quote_member_QM008,28,1977-12-03,2026-01-27T14:32:16.181224
RA_SP_SmartPlus_quote_member_QM008_email,SP_SmartPlus_quote_member_QM008,29,linda.chen@email.com,2026-01-27T14:32:16.181224
RA_SP_SmartPlus_quote_member_QM008_phone,SP_SmartPlus_quote_member_QM008,30,+852-9456-7890,2026-01-27T14:32:16.181224
RA_SP_SmartPlus_quote_member_QM008_gov_id_type,SP_SmartPlus_quote_member_QM008,32,HKID,2026-01-27T14:32:16.181224
RA_SP_SmartPlus_quote_member_QM008_gov_id_number,SP_SmartPlus_quote_member_QM008,31,E234567(8),2026-01-27T14:32:16.181224
RA_SP_SmartPlus_quote_member_QM008_relationship_type,SP_SmartPlus_quote_member_QM008,16,Spouse,2026-01-27T14:32:16.181224
RA_SP_SmartPlus_quote_member_QM008_gender,SP_SmartPlus_quote_member_QM008,33,F,2026-01-27T14:32:16.181224
RA_SP_SmartPlus_quote_member_QM009_first_name,SP_SmartPlus_quote_member_QM009,18,James,2026-01-27T14:32:16.181224
RA_SP_SmartPlus_quote_member_QM009_last_name,SP_SmartPlus_quote_member_QM009,19,Wilson,2026-01-27T14:32:16.181224
RA_SP_SmartPlus_quote_member_QM009_date_of_birth,SP_SmartPlus_quote_member_QM009,20,1985-03-15,2026-01-27T14:32:16.181224
RA_SP_SmartPlus_quote_member_QM009_email,SP_SmartPlus_quote_member_QM009,21,james.w@email.com,2026-01-27T14:32:16.181224
RA_SP_SmartPlus_quote_member_QM009_phone,SP_SmartPlus_quote_member_QM009,22,+852-9789-0123,2026-01-27T14:32:16.181224
RA_SP_SmartPlus_quote_member_QM009_gov_id_type,SP_SmartPlus_quote_member_QM009,24,HKID,2026-01-27T14:32:16.181224
RA_SP_SmartPlus_quote_member_QM009_gov_id_number,SP_SmartPlus_quote_member_QM009,23,H123456(7),2026-01-27T14:32:16.181224
RA_SP_SmartPlus_quote_member_QM009_relationship_type,SP_SmartPlus_quote_member_QM009,15,Primary,2026-01-27T14:32:16.181224
RA_SP_SmartPlus_quote_member_QM009_gender,SP_SmartPlus_quote_member_QM009,25,M,2026-01-27T14:32:16.181224
RA_SP_SmartPlus_quote_member_QM010_first_name,SP_SmartPlus_quote_member_QM010,18,John Sr,2026-01-27T14:32:16.181224
RA_SP_SmartPlus_quote_member_QM010_last_name,SP_SmartPlus_quote_member_QM010,19,Smith,2026-01-27T14:32:16.181224
RA_SP_SmartPlus_quote_member_QM010_date_of_birth,SP_SmartPlus_quote_member_QM010,20,1960-05-20,2026-01-27T14:32:16.181224
RA_SP_SmartPlus_quote_member_QM010_email,SP_SmartPlus_quote_member_QM010,21,john.smith.sr@email.com,2026-01-27T14:32:16.181224
RA_SP_SmartPlus_quote_member_QM010_phone,SP_SmartPlus_quote_member_QM010,22,+852-9890-1234,2026-01-27T14:32:16.181224
RA_SP_SmartPlus_quote_member_QM010_gov_id_type,SP_SmartPlus_quote_member_QM010,24,HKID,2026-01-27T14:32:16.181224
RA_SP_SmartPlus_quote_member_QM010_gov_id_number,SP_SmartPlus_quote_member_QM010,23,I123456(7),2026-01-27T14:32:16.181224
RA_SP_SmartPlus_quote_member_QM010_relationship_type,SP_SmartPlus_quote_member_QM010,15,Primary,2026-01-27T14:32:16.181224
RA_SP_SmartPlus_quote_member_QM010_gender,SP_SmartPlus_quote_member_QM010,25,M,2026-01-27T14:32:16.181224
RA_SP_SmartPlus_quote_member_QM011_first_name,SP_SmartPlus_quote_member_QM011,34,John Jr,2026-01-27T14:32:16.181224
RA_SP_SmartPlus_quote_member_QM011_last_name,SP_SmartPlus_quote_member_QM011,35,Smith,2026-01-27T14:32:16.181224
RA_SP_SmartPlus_quote_member_QM011_date_of_birth,SP_SmartPlus_quote_member_QM011,36,1990-05-20,2026-01-27T14:32:16.181224
RA_SP_SmartPlus_quote_member_QM011_email,SP_SmartPlus_quote_member_QM011,37,john.smith.jr@email.com,2026-01-27T14:32:16.181224
RA_SP_SmartPlus_quote_member_QM011_phone,SP_SmartPlus_quote_member_QM011,38,+852-9890-1234,2026-01-27T14:32:16.181224
RA_SP_SmartPlus_quote_member_QM011_gov_id_type,SP_SmartPlus_quote_member_QM011,40,HKID,2026-01-27T14:32:16.181224
RA_SP_SmartPlus_quote_member_QM011_gov_id_number,SP_SmartPlus_quote_member_QM011,39,I223456(7),2026-01-27T14:32:16.181224
RA_SP_SmartPlus_quote_member_QM011_relationship_type,SP_SmartPlus_quote_member_QM011,17,Child,2026-01-27T14:32:16.181224
RA_SP_SmartPlus_quote_member_QM011_gender,SP_SmartPlus_quote_member_QM011,41,M,2026-01-27T14:32:16.181224
RA_SP_SmartPlus_quote_member_QM012_first_name,SP_SmartPlus_quote_member_QM012,18,Catherine,2026-01-27T14:32:16.181224
RA_SP_SmartPlus_quote_member_QM012_last_name,SP_SmartPlus_quote_member_QM012,19,Smith,2026-01-27T14:32:16.181224
RA_SP_SmartPlus_quote_member_QM012_date_of_birth,SP_SmartPlus_quote_member_QM012,20,1978-11-10,2026-01-27T14:32:16.181224
RA_SP_SmartPlus_quote_member_QM012_email,SP_SmartPlus_quote_member_QM012,21,catherine.smith@email.com,2026-01-27T14:32:16.181224
RA_SP_SmartPlus_quote_member_QM012_phone,SP_SmartPlus_quote_member_QM012,22,+852-9901-2345,2026-01-27T14:32:16.181224
RA_SP_SmartPlus_quote_member_QM012_gov_id_type,SP_SmartPlus_quote_member_QM012,24,HKID,2026-01-27T14:32:16.181224
RA_SP_SmartPlus_quote_member_QM012_gov_id_number,SP_SmartPlus_quote_member_QM012,23,J123456(7),2026-01-27T14:32:16.181224
RA_SP_SmartPlus_quote_member_QM012_relationship_type,SP_SmartPlus_quote_member_QM012,15,Primary,2026-01-27T14:32:16.181224
RA_SP_SmartPlus_quote_member_QM012_gender,SP_SmartPlus_quote_member_QM012,25,F,2026-01-27T14:32:16.181224
RA_SP_SmartPlus_quote_member_QM013_first_name,SP_SmartPlus_quote_member_QM013,18,Wei,2026-01-27T14:32:16.181224
RA_SP_SmartPlus_quote_member_QM013_last_name,SP_SmartPlus_quote_member_QM013,19,Zhang,2026-01-27T14:32:16.181224
RA_SP_SmartPlus_quote_member_QM013_date_of_birth,SP_SmartPlus_quote_member_QM013,20,1982-07-25,2026-01-27T14:32:16.181224
RA_SP_SmartPlus_quote_member_QM013_email,SP_SmartPlus_quote_member_QM013,21,wei.zhang@email.com,2026-01-27T14:32:16.181224
RA_SP_SmartPlus_quote_member_QM013_phone,SP_SmartPlus_quote_member_QM013,22,+852-9012-3456,2026-01-27T14:32:16.181224
RA_SP_SmartPlus_quote_member_QM013_gov_id_type,SP_SmartPlus_quote_member_QM013,24,HKID,2026-01-27T14:32:16.181224
RA_SP_SmartPlus_quote_member_QM013_gov_id_number,SP_SmartPlus_quote_member_QM013,23,K123456(7),2026-01-27T14:32:16.181224
RA_SP_SmartPlus_quote_member_QM013_relationship_type,SP_SmartPlus_quote_member_QM013,15,Primary,2026-01-27T14:32:16.181224
RA_SP_SmartPlus_quote_member_QM013_gender,SP_SmartPlus_quote_member_QM013,25,M,2026-01-27T14:32:16.181224
RA_SP_SmartPlus_quote_member_QM014_first_name,SP_SmartPlus_quote_member_QM014,18,Susan,2026-01-27T14:32:16.181224
RA_SP_SmartPlus_quote_member_QM014_last_name,SP_SmartPlus_quote_member_QM014,19,Martinez,2026-01-27T14:32:16.181224
RA_SP_SmartPlus_quote_member_QM014_date_of_birth,SP_SmartPlus_quote_member_QM014,20,1987-02-18,2026-01-27T14:32:16.181224
RA_SP_SmartPlus_quote_member_QM014_email,SP_SmartPlus_quote_member_QM014,21,susan.martinez@email.com,2026-01-27T14:32:16.181224
RA_SP_SmartPlus_quote_member_QM014_phone,SP_SmartPlus_quote_member_QM014,22,+852-9123-4567,2026-01-27T14:32:16.181224
RA_SP_SmartPlus_quote_member_QM014_gov_id_type,SP_SmartPlus_quote_member_QM014,24,HKID,2026-01-27T14:32:16.181224
RA_SP_SmartPlus_quote_member_QM014_gov_id_number,SP_SmartPlus_quote_member_QM014,23,L123456(7),2026-01-27T14:32:16.181224
RA_SP_SmartPlus_quote_member_QM014_relationship_type,SP_SmartPlus_quote_member_QM014,15,Primary,2026-01-27T14:32:16.181224
RA_SP_SmartPlus_quote_member_QM014_gender,SP_SmartPlus_quote_member_QM014,25,F,2026-01-27T14:32:16.181224
RA_SP_SmartPlus_quote_member_QM015_relationship_type,SP_SmartPlus_quote_member_QM015,15,Primary,2026-01-27T14:32:16.181224
RA_SP_SmartPlus_quote_member_QM016_first_name,SP_SmartPlus_quote_member_QM016,18,Peter,2026-01-27T14:32:16.181224
RA_SP_SmartPlus_quote_member_QM016_last_name,SP_SmartPlus_quote_member_QM016,19,Johnson,2026-01-27T14:32:16.181224
RA_SP_SmartPlus_quote_member_QM016_date_of_birth,SP_SmartPlus_quote_member_QM016,20,1975-09-14,2026-01-27T14:32:16.181224
RA_SP_SmartPlus_quote_member_QM016_email,SP_SmartPlus_quote_member_QM016,21,peter.johnson@email.com,2026-01-27T14:32:16.181224
RA_SP_SmartPlus_quote_member_QM016_phone,SP_SmartPlus_quote_member_QM016,22,+852-9234-5678,2026-01-27T14:32:16.181224
RA_SP_SmartPlus_quote_member_QM016_gov_id_type,SP_SmartPlus_quote_member_QM016,24,HKID,2026-01-27T14:32:16.181224
RA_SP_SmartPlus_quote_member_QM016_gov_id_number,SP_SmartPlus_quote_member_QM016,23,M123456(7),2026-01-27T14:32:16.181224
RA_SP_SmartPlus_quote_member_QM016_relationship_type,SP_SmartPlus_quote_member_QM016,15,Primary,2026-01-27T14:32:16.181224
RA_SP_SmartPlus_quote_member_QM016_gender,SP_SmartPlus_quote_member_QM016,25,M,2026-01-27T14:32:16.181224
RA_SP_SmartPlus_quote_member_QM017_first_name,SP_SmartPlus_quote_member_QM017,18,Peter,2026-01-27T14:32:16.181224
RA_SP_SmartPlus_quote_member_QM017_last_name,SP_SmartPlus_quote_member_QM017,19,Johnson,2026-01-27T14:32:16.181224
RA_SP_SmartPlus_quote_member_QM017_date_of_birth,SP_SmartPlus_quote_member_QM017,20,1975-09-14,2026-01-27T14:32:16.181224
RA_SP_SmartPlus_quote_member_QM017_email,SP_SmartPlus_quote_member_QM017,21,peter.johnson@email.com,2026-01-27T14:32:16.181224
RA_SP_SmartPlus_quote_member_QM017_phone,SP_SmartPlus_quote_member_QM017,22,+852-9234-5678,2026-01-27T14:32:16.181224
RA_SP_SmartPlus_quote_member_QM017_gov_id_type,SP_SmartPlus_quote_member_QM017,24,HKID,2026-01-27T14:32:16.181224
RA_SP_SmartPlus_quote_member_QM017_gov_id_number,SP_SmartPlus_quote_member_QM017,23,M123456(7),2026-01-27T14:32:16.181224
RA_SP_SmartPlus_quote_member_QM017_relationship_type,SP_SmartPlus_quote_member_QM017,15,Primary,2026-01-27T14:32:16.181224
RA_SP_SmartPlus_quote_member_QM017_gender,SP_SmartPlus_quote_member_QM017,25,M,2026-01-27T14:32:16.181224
RA_SP_SmartPlus_quote_member_QM018_first_name,SP_SmartPlus_quote_member_QM018,18,Member1,2026-01-27T14:32:16.181224
RA_SP_SmartPlus_quote_member_QM018_last_name,SP_SmartPlus_quote_member_QM018,19,LargeFamily,2026-01-27T14:32:16.181224
RA_SP_SmartPlus_quote_member_QM018_date_of_birth,SP_SmartPlus_quote_member_QM018,20,1980-01-01,2026-01-27T14:32:16.181224
RA_SP_SmartPlus_quote_member_QM018_email,SP_SmartPlus_quote_member_QM018,21,member1@largefamily.com,2026-01-27T14:32:16.181224
RA_SP_SmartPlus_quote_member_QM018_phone,SP_SmartPlus_quote_member_QM018,22,+852-9000-0000,2026-01-27T14:32:16.181224
RA_SP_SmartPlus_quote_member_QM018_gov_id_type,SP_SmartPlus_quote_member_QM018,24,HKID,2026-01-27T14:32:16.181224
RA_SP_SmartPlus_quote_member_QM018_gov_id_number,SP_SmartPlus_quote_member_QM018,23,O013456(7),2026-01-27T14:32:16.181224
RA_SP_SmartPlus_quote_member_QM018_relationship_type,SP_SmartPlus_quote_member_QM018,15,Primary,2026-01-27T14:32:16.181224
RA_SP_SmartPlus_quote_member_QM018_gender,SP_SmartPlus_quote_member_QM018,25,M,2026-01-27T14:32:16.181224
RA_SP_SmartPlus_quote_member_QM019_first_name,SP_SmartPlus_quote_member_QM019,26,Member2,2026-01-27T14:32:16.181224
RA_SP_SmartPlus_quote_member_QM019_last_name,SP_SmartPlus_quote_member_QM019,27,LargeFamily,2026-01-27T14:32:16.181224
RA_SP_SmartPlus_quote_member_QM019_date_of_birth,SP_SmartPlus_quote_member_QM019,28,1975-01-01,2026-01-27T14:32:16.181224
RA_SP_SmartPlus_quote_member_QM019_email,SP_SmartPlus_quote_member_QM019,29,member2@largefamily.com,2026-01-27T14:32:16.181224
RA_SP_SmartPlus_quote_member_QM019_phone,SP_SmartPlus_quote_member_QM019,30,+852-9000-0000,2026-01-27T14:32:16.181224
RA_SP_SmartPlus_quote_member_QM019_gov_id_type,SP_SmartPlus_quote_member_QM019,32,HKID,2026-01-27T14:32:16.181224
RA_SP_SmartPlus_quote_member_QM019_gov_id_number,SP_SmartPlus_quote_member_QM019,31,O023456(7),2026-01-27T14:32:16.181224
RA_SP_SmartPlus_quote_member_QM019_relationship_type,SP_SmartPlus_quote_member_QM019,16,Spouse,2026-01-27T14:32:16.181224
RA_SP_SmartPlus_quote_member_QM019_gender,SP_SmartPlus_quote_member_QM019,33,F,2026-01-27T14:32:16.181224
RA_SP_SmartPlus_quote_member_QM020_first_name,SP_SmartPlus_quote_member_QM020,34,Member3,2026-01-27T14:32:16.181224
RA_SP_SmartPlus_quote_member_QM020_last_name,SP_SmartPlus_quote_member_QM020,35,LargeFamily,2026-01-27T14:32:16.181224
RA_SP_SmartPlus_quote_member_QM020_date_of_birth,SP_SmartPlus_quote_member_QM020,36,1970-01-01,2026-01-27T14:32:16.181224
RA_SP_SmartPlus_quote_member_QM020_email,SP_SmartPlus_quote_member_QM020,37,member3@largefamily.com,2026-01-27T14:32:16.181224
RA_SP_SmartPlus_quote_member_QM020_phone,SP_SmartPlus_quote_member_QM020,38,+852-9000-0000,2026-01-27T14:32:16.181224
RA_SP_SmartPlus_quote_member_QM020_gov_id_type,SP_SmartPlus_quote_member_QM020,40,HKID,2026-01-27T14:32:16.181224
RA_SP_SmartPlus_quote_member_QM020_gov_id_number,SP_SmartPlus_quote_member_QM020,39,O033456(7),2026-01-27T14:32:16.181224
RA_SP_SmartPlus_quote_member_QM020_relationship_type,SP_SmartPlus_quote_member_QM020,17,Child,2026-01-27T14:32:16.181224
RA_SP_SmartPlus_quote_member_QM020_gender,SP_SmartPlus_quote_member_QM020,41,M,2026-01-27T14:32:16.181224
RA_SP_SmartPlus_quote_member_QM021_first_name,SP_SmartPlus_quote_member_QM021,34,Member4,2026-01-27T14:32:16.181224
RA_SP_SmartPlus_quote_member_QM021_last_name,SP_SmartPlus_quote_member_QM021,35,LargeFamily,2026-01-27T14:32:16.181224
RA_SP_SmartPlus_quote_member_QM021_date_of_birth,SP_SmartPlus_quote_member_QM021,36,1965-01-01,2026-01-27T14:32:16.181224
RA_SP_SmartPlus_quote_member_QM021_email,SP_SmartPlus_quote_member_QM021,37,member4@largefamily.com,2026-01-27T14:32:16.181224
RA_SP_SmartPlus_quote_member_QM021_phone,SP_SmartPlus_quote_member_QM021,38,+852-9000-0000,2026-01-27T14:32:16.181224
RA_SP_SmartPlus_quote_member_QM021_gov_id_type,SP_SmartPlus_quote_member_QM021,40,HKID,2026-01-27T14:32:16.181224
RA_SP_SmartPlus_quote_member_QM021_gov_id_number,SP_SmartPlus_quote_member_QM021,39,O043456(7),2026-01-27T14:32:16.181224
RA_SP_SmartPlus_quote_member_QM021_relationship_type,SP_SmartPlus_quote_member_QM021,17,Child,2026-01-27T14:32:16.181224
RA_SP_SmartPlus_quote_member_QM021_gender,SP_SmartPlus_quote_member_QM021,41,F,2026-01-27T14:32:16.181224
RA_SP_SmartPlus_quote_member_QM022_first_name,SP_SmartPlus_quote_member_QM022,34,Member5,2026-01-27T14:32:16.181224
RA_SP_SmartPlus_quote_member_QM022_last_name,SP_SmartPlus_quote_member_QM022,35,LargeFamily,2026-01-27T14:32:16.181224
RA_SP_SmartPlus_quote_member_QM022_date_of_birth,SP_SmartPlus_quote_member_QM022,36,1960-01-01,2026-01-27T14:32:16.181224
RA_SP_SmartPlus_quote_member_QM022_email,SP_SmartPlus_quote_member_QM022,37,member5@largefamily.com,2026-01-27T14:32:16.181224
RA_SP_SmartPlus_quote_member_QM022_phone,SP_SmartPlus_quote_member_QM022,38,+852-9000-0000,2026-01-27T14:32:16.181224
RA_SP_SmartPlus_quote_member_QM022_gov_id_type,SP_SmartPlus_quote_member_QM022,40,HKID,2026-01-27T14:32:16.181224
RA_SP_SmartPlus_quote_member_QM022_gov_id_number,SP_SmartPlus_quote_member_QM022,39,O053456(7),2026-01-27T14:32:16.181224
RA_SP_SmartPlus_quote_member_QM022_relationship_type,SP_SmartPlus_quote_member_QM022,17,Child,2026-01-27T14:32:16.181224
RA_SP_SmartPlus_quote_member_QM022_gender,SP_SmartPlus_quote_member_QM022,41,M,2026-01-27T14:32:16.181224
RA_SP_SmartPlus_quote_member_QM023_first_name,SP_SmartPlus_quote_member_QM023,34,Member6,2026-01-27T14:32:16.181224
RA_SP_SmartPlus_quote_member_QM023_last_name,SP_SmartPlus_quote_member_QM023,35,LargeFamily,2026-01-27T14:32:16.181224
RA_SP_SmartPlus_quote_member_QM023_date_of_birth,SP_SmartPlus_quote_member_QM023,36,1955-01-01,2026-01-27T14:32:16.181224
RA_SP_SmartPlus_quote_member_QM023_email,SP_SmartPlus_quote_member_QM023,37,member6@largefamily.com,2026-01-27T14:32:16.181224
RA_SP_SmartPlus_quote_member_QM023_phone,SP_SmartPlus_quote_member_QM023,38,+852-9000-0000,2026-01-27T14:32:16.181224
RA_SP_SmartPlus_quote_member_QM023_gov_id_type,SP_SmartPlus_quote_member_QM023,40,HKID,2026-01-27T14:32:16.181224
RA_SP_SmartPlus_quote_member_QM023_gov_id_number,SP_SmartPlus_quote_member_QM023,39,O063456(7),2026-01-27T14:32:16.181224
RA_SP_SmartPlus_quote_member_QM023_relationship_type,SP_SmartPlus_quote_member_QM023,17,Child,2026-01-27T14:32:16.181224
RA_SP_SmartPlus_quote_member_QM023_gender,SP_SmartPlus_quote_member_QM023,41,F,2026-01-27T14:32:16.181224
RA_SP_SmartPlus_quote_member_QM024_first_name,SP_SmartPlus_quote_member_QM024,34,Member7,2026-01-27T14:32:16.181224
RA_SP_SmartPlus_quote_member_QM024_last_name,SP_SmartPlus_quote_member_QM024,35,LargeFamily,2026-01-27T14:32:16.181224
RA_SP_SmartPlus_quote_member_QM024_date_of_birth,SP_SmartPlus_quote_member_QM024,36,1950-01-01,2026-01-27T14:32:16.181224
RA_SP_SmartPlus_quote_member_QM024_email,SP_SmartPlus_quote_member_QM024,37,member7@largefamily.com,2026-01-27T14:32:16.181224
RA_SP_SmartPlus_quote_member_QM024_phone,SP_SmartPlus_quote_member_QM024,38,+852-9000-0000,2026-01-27T14:32:16.181224
RA_SP_SmartPlus_quote_member_QM024_gov_id_type,SP_SmartPlus_quote_member_QM024,40,HKID,2026-01-27T14:32:16.181224
RA_SP_SmartPlus_quote_member_QM024_gov_id_number,SP_SmartPlus_quote_member_QM024,39,O073456(7),2026-01-27T14:32:16.181224
RA_SP_SmartPlus_quote_member_QM024_relationship_type,SP_SmartPlus_quote_member_QM024,17,Child,2026-01-27T14:32:16.181224
RA_SP_SmartPlus_quote_member_QM024_gender,SP_SmartPlus_quote_member_QM024,41,M,2026-01-27T14:32:16.181224
RA_SP_SmartPlus_quote_member_QM025_first_name,SP_SmartPlus_quote_member_QM025,34,Member8,2026-01-27T14:32:16.181224
RA_SP_SmartPlus_quote_member_QM025_last_name,SP_SmartPlus_quote_member_QM025,35,LargeFamily,2026-01-27T14:32:16.181224
RA_SP_SmartPlus_quote_member_QM025_date_of_birth,SP_SmartPlus_quote_member_QM025,36,1945-01-01,2026-01-27T14:32:16.181224
RA_SP_SmartPlus_quote_member_QM025_email,SP_SmartPlus_quote_member_QM025,37,member8@largefamily.com,2026-01-27T14:32:16.181224
RA_SP_SmartPlus_quote_member_QM025_phone,SP_SmartPlus_quote_member_QM025,38,+852-9000-0000,2026-01-27T14:32:16.181224
RA_SP_SmartPlus_quote_member_QM025_gov_id_type,SP_SmartPlus_quote_member_QM025,40,HKID,2026-01-27T14:32:16.181224
RA_SP_SmartPlus_quote_member_QM025_gov_id_number,SP_SmartPlus_quote_member_QM025,39,O083456(7),2026-01-27T14:32:16.181224
RA_SP_SmartPlus_quote_member_QM025_relationship_type,SP_SmartPlus_quote_member_QM025,17,Child,2026-01-27T14:32:16.181224
RA_SP_SmartPlus_quote_member_QM025_gender,SP_SmartPlus_quote_member_QM025,41,F,2026-01-27T14:32:16.181224
RA_SP_SmartPlus_quote_member_QM026_first_name,SP_SmartPlus_quote_member_QM026,34,Member9,2026-01-27T14:32:16.181224
RA_SP_SmartPlus_quote_member_QM026_last_name,SP_SmartPlus_quote_member_QM026,35,LargeFamily,2026-01-27T14:32:16.181224
RA_SP_SmartPlus_quote_member_QM026_date_of_birth,SP_SmartPlus_quote_member_QM026,36,1940-01-01,2026-01-27T14:32:16.181224
RA_SP_SmartPlus_quote_member_QM026_email,SP_SmartPlus_quote_member_QM026,37,member9@largefamily.com,2026-01-27T14:32:16.181224
RA_SP_SmartPlus_quote_member_QM026_phone,SP_SmartPlus_quote_member_QM026,38,+852-9000-0000,2026-01-27T14:32:16.181224
RA_SP_SmartPlus_quote_member_QM026_gov_id_type,SP_SmartPlus_quote_member_QM026,40,HKID,2026-01-27T14:32:16.181224
RA_SP_SmartPlus_quote_member_QM026_gov_id_number,SP_SmartPlus_quote_member_QM026,39,O093456(7),2026-01-27T14:32:16.181224
RA_SP_SmartPlus_quote_member_QM026_relationship_type,SP_SmartPlus_quote_member_QM026,17,Child,2026-01-27T14:32:16.181224
RA_SP_SmartPlus_quote_member_QM026_gender,SP_SmartPlus_quote_member_QM026,41,M,2026-01-27T14:32:16.181224
RA_SP_SmartPlus_quote_member_QM027_first_name,SP_SmartPlus_quote_member_QM027,34,Member10,2026-01-27T14:32:16.181224
RA_SP_SmartPlus_quote_member_QM027_last_name,SP_SmartPlus_quote_member_QM027,35,LargeFamily,2026-01-27T14:32:16.181224
RA_SP_SmartPlus_quote_member_QM027_date_of_birth,SP_SmartPlus_quote_member_QM027,36,1935-01-01,2026-01-27T14:32:16.181224
RA_SP_SmartPlus_quote_member_QM027_email,SP_SmartPlus_quote_member_QM027,37,member10@largefamily.com,2026-01-27T14:32:16.181224
RA_SP_SmartPlus_quote_member_QM027_phone,SP_SmartPlus_quote_member_QM027,38,+852-9000-0000,2026-01-27T14:32:16.181224
RA_SP_SmartPlus_quote_member_QM027_gov_id_type,SP_SmartPlus_quote_member_QM027,40,HKID,2026-01-27T14:32:16.181224
RA_SP_SmartPlus_quote_member_QM027_gov_id_number,SP_SmartPlus_quote_member_QM027,39,O103456(7),2026-01-27T14:32:16.181224
RA_SP_SmartPlus_quote_member_QM027_relationship_type,SP_SmartPlus_quote_member_QM027,17,Child,2026-01-27T14:32:16.181224
RA_SP_SmartPlus_quote_member_QM027_gender,SP_SmartPlus_quote_member_QM027,41,F,2026-01-27T14:32:16.181224
RA_SP_SmartPlus_quote_member_QM028_first_name,SP_SmartPlus_quote_member_QM028,34,Member11,2026-01-27T14:32:16.181224
RA_SP_SmartPlus_quote_member_QM028_last_name,SP_SmartPlus_quote_member_QM028,35,LargeFamily,2026-01-27T14:32:16.181224
RA_SP_SmartPlus_quote_member_QM028_date_of_birth,SP_SmartPlus_quote_member_QM028,36,1930-01-01,2026-01-27T14:32:16.181224
RA_SP_SmartPlus_quote_member_QM028_email,SP_SmartPlus_quote_member_QM028,37,member11@largefamily.com,2026-01-27T14:32:16.181224
RA_SP_SmartPlus_quote_member_QM028_phone,SP_SmartPlus_quote_member_QM028,38,+852-9000-0000,2026-01-27T14:32:16.181224
RA_SP_SmartPlus_quote_member_QM028_gov_id_type,SP_SmartPlus_quote_member_QM028,40,HKID,2026-01-27T14:32:16.181224
RA_SP_SmartPlus_quote_member_QM028_gov_id_number,SP_SmartPlus_quote_member_QM028,39,O113456(7),2026-01-27T14:32:16.181224
RA_SP_SmartPlus_quote_member_QM028_relationship_type,SP_SmartPlus_quote_member_QM028,17,Child,2026-01-27T14:32:16.181224
RA_SP_SmartPlus_quote_member_QM028_gender,SP_SmartPlus_quote_member_QM028,41,M,2026-01-27T14:32:16.181224
RA_SP_SmartPlus_quote_member_QM029_first_name,SP_SmartPlus_quote_member_QM029,34,Member12,2026-01-27T14:32:16.181224
RA_SP_SmartPlus_quote_member_QM029_last_name,SP_SmartPlus_quote_member_QM029,35,LargeFamily,2026-01-27T14:32:16.181224
RA_SP_SmartPlus_quote_member_QM029_date_of_birth,SP_SmartPlus_quote_member_QM029,36,1925-01-01,2026-01-27T14:32:16.181224
RA_SP_SmartPlus_quote_member_QM029_email,SP_SmartPlus_quote_member_QM029,37,member12@largefamily.com,2026-01-27T14:32:16.181224
RA_SP_SmartPlus_quote_member_QM029_phone,SP_SmartPlus_quote_member_QM029,38,+852-9000-0000,2026-01-27T14:32:16.181224
RA_SP_SmartPlus_quote_member_QM029_gov_id_type,SP_SmartPlus_quote_member_QM029,40,HKID,2026-01-27T14:32:16.181224
RA_SP_SmartPlus_quote_member_QM029_gov_id_number,SP_SmartPlus_quote_member_QM029,39,O123456(7),2026-01-27T14:32:16.181224
RA_SP_SmartPlus_quote_member_QM029_relationship_type,SP_SmartPlus_quote_member_QM029,17,Child,2026-01-27T14:32:16.181224
RA_SP_SmartPlus_quote_member_QM029_gender,SP_SmartPlus_quote_member_QM029,41,F,2026-01-27T14:32:16.181224
RA_SP_SmartPlus_quote_member_QM030_first_name,SP_SmartPlus_quote_member_QM030,18,John,2026-01-27T14:32:16.181224
RA_SP_SmartPlus_quote_member_QM030_last_name,SP_SmartPlus_quote_member_QM030,19,O'Brien-Smith,2026-01-27T14:32:16.181224
RA_SP_SmartPlus_quote_member_QM030_date_of_birth,SP_SmartPlus_quote_member_QM030,20,1985-01-01,2026-01-27T14:32:16.181224
RA_SP_SmartPlus_quote_member_QM030_email,SP_SmartPlus_quote_member_QM030,21,john.obrien-smith@email.com,2026-01-27T14:32:16.181224
RA_SP_SmartPlus_quote_member_QM030_phone,SP_SmartPlus_quote_member_QM030,22,+852-9111-1111,2026-01-27T14:32:16.181224
RA_SP_SmartPlus_quote_member_QM030_gov_id_type,SP_SmartPlus_quote_member_QM030,24,HKID,2026-01-27T14:32:16.181224
RA_SP_SmartPlus_quote_member_QM030_gov_id_number,SP_SmartPlus_quote_member_QM030,23,P123456(7),2026-01-27T14:32:16.181224
RA_SP_SmartPlus_quote_member_QM030_relationship_type,SP_SmartPlus_quote_member_QM030,15,Primary,2026-01-27T14:32:16.181224
RA_SP_SmartPlus_quote_member_QM030_gender,SP_SmartPlus_quote_member_QM030,25,M,2026-01-27T14:32:16.181224
RA_SP_SmartPlus_quote_member_QM031_first_name,SP_SmartPlus_quote_member_QM031,18,José,2026-01-27T14:32:16.181224
RA_SP_SmartPlus_quote_member_QM031_last_name,SP_SmartPlus_quote_member_QM031,19,García,2026-01-27T14:32:16.181224
RA_SP_SmartPlus_quote_member_QM031_date_of_birth,SP_SmartPlus_quote_member_QM031,20,1990-02-02,2026-01-27T14:32:16.181224
RA_SP_SmartPlus_quote_member_QM031_email,SP_SmartPlus_quote_member_QM031,21,josé.garcía@email.com,2026-01-27T14:32:16.181224
RA_SP_SmartPlus_quote_member_QM031_phone,SP_SmartPlus_quote_member_QM031,22,+852-9111-1111,2026-01-27T14:32:16.181224
RA_SP_SmartPlus_quote_member_QM031_gov_id_type,SP_SmartPlus_quote_member_QM031,24,HKID,2026-01-27T14:32:16.181224
RA_SP_SmartPlus_quote_member_QM031_gov_id_number,SP_SmartPlus_quote_member_QM031,23,Q123456(7),2026-01-27T14:32:16.181224
RA_SP_SmartPlus_quote_member_QM031_relationship_type,SP_SmartPlus_quote_member_QM031,15,Primary,2026-01-27T14:32:16.181224
RA_SP_SmartPlus_quote_member_QM031_gender,SP_SmartPlus_quote_member_QM031,25,M,2026-01-27T14:32:16.181224
RA_SP_SmartPlus_quote_member_QM032_first_name,SP_SmartPlus_quote_member_QM032,18,明,2026-01-27T14:32:16.181224
RA_SP_SmartPlus_quote_member_QM032_last_name,SP_SmartPlus_quote_member_QM032,19,李,2026-01-27T14:32:16.181224
RA_SP_SmartPlus_quote_member_QM032_date_of_birth,SP_SmartPlus_quote_member_QM032,20,1988-03-03,2026-01-27T14:32:16.181224
RA_SP_SmartPlus_quote_member_QM032_email,SP_SmartPlus_quote_member_QM032,21,明.李@email.com,2026-01-27T14:32:16.181224
RA_SP_SmartPlus_quote_member_QM032_phone,SP_SmartPlus_quote_member_QM032,22,+852-9111-1111,2026-01-27T14:32:16.181224
RA_SP_SmartPlus_quote_member_QM032_gov_id_type,SP_SmartPlus_quote_member_QM032,24,HKID,2026-01-27T14:32:16.181224
RA_SP_SmartPlus_quote_member_QM032_gov_id_number,SP_SmartPlus_quote_member_QM032,23,R123456(7),2026-01-27T14:32:16.181224
RA_SP_SmartPlus_quote_member_QM032_relationship_type,SP_SmartPlus_quote_member_QM032,15,Primary,2026-01-27T14:32:16.181224
RA_SP_SmartPlus_quote_member_QM032_gender,SP_SmartPlus_quote_member_QM032,25,M,2026-01-27T14:32:16.181224
RA_SP_SmartPlus_quote_member_QM033_first_name,SP_SmartPlus_quote_member_QM033,18,Hans,2026-01-27T14:32:16.181224
RA_SP_SmartPlus_quote_member_QM033_last_name,SP_SmartPlus_quote_member_QM033,19,Müller,2026-01-27T14:32:16.181224
RA_SP_SmartPlus_quote_member_QM033_date_of_birth,SP_SmartPlus_quote_member_QM033,20,1992-04-04,2026-01-27T14:32:16.181224
RA_SP_SmartPlus_quote_member_QM033_email,SP_SmartPlus_quote_member_QM033,21,hans.müller@email.com,2026-01-27T14:32:16.181224
RA_SP_SmartPlus_quote_member_QM033_phone,SP_SmartPlus_quote_member_QM033,22,+852-9111-1111,2026-01-27T14:32:16.181224
RA_SP_SmartPlus_quote_member_QM033_gov_id_type,SP_SmartPlus_quote_member_QM033,24,HKID,2026-01-27T14:32:16.181224
RA_SP_SmartPlus_quote_member_QM033_gov_id_number,SP_SmartPlus_quote_member_QM033,23,S123456(7),2026-01-27T14:32:16.181224
RA_SP_SmartPlus_quote_member_QM033_relationship_type,SP_SmartPlus_quote_member_QM033,15,Primary,2026-01-27T14:32:16.181224
RA_SP_SmartPlus_quote_member_QM033_gender,SP_SmartPlus_quote_member_QM033,25,M,2026-01-27T14:32:16.181224
RA_SP_SmartPlus_quote_member_QM034_first_name,SP_SmartPlus_quote_member_QM034,18,Tom,2026-01-27T14:32:16.181224
RA_SP_SmartPlus_quote_member_QM034_last_name,SP_SmartPlus_quote_member_QM034,19,Brown,2026-01-27T14:32:16.181224
RA_SP_SmartPlus_quote_member_QM034_date_of_birth,SP_SmartPlus_quote_member_QM034,20,1980-01-01,2026-01-27T14:32:16.181224
RA_SP_SmartPlus_quote_member_QM034_email,SP_SmartPlus_quote_member_QM034,21,tom@email.com,2026-01-27T14:32:16.181224
RA_SP_SmartPlus_quote_member_QM034_phone,SP_SmartPlus_quote_member_QM034,22,+852-9222-2222,2026-01-27T14:32:16.181224
RA_SP_SmartPlus_quote_member_QM034_gov_id_type,SP_SmartPlus_quote_member_QM034,24,HKID,2026-01-27T14:32:16.181224
RA_SP_SmartPlus_quote_member_QM034_gov_id_number,SP_SmartPlus_quote_member_QM034,23,T123456(7),2026-01-27T14:32:16.181224
RA_SP_SmartPlus_quote_member_QM034_relationship_type,SP_SmartPlus_quote_member_QM034,15,Primary,2026-01-27T14:32:16.181224
RA_SP_SmartPlus_quote_member_QM034_gender,SP_SmartPlus_quote_member_QM034,25,M,2026-01-27T14:32:16.181224
RA_SP_SmartPlus_quote_member_QM035_first_name,SP_SmartPlus_quote_member_QM035,18,Mary,2026-01-27T14:32:16.181224
RA_SP_SmartPlus_quote_member_QM035_last_name,SP_SmartPlus_quote_member_QM035,19,Johnson,2026-01-27T14:32:16.181224
RA_SP_SmartPlus_quote_member_QM035_date_of_birth,SP_SmartPlus_quote_member_QM035,20,1985-01-15,2026-01-27T14:32:16.181224
RA_SP_SmartPlus_quote_member_QM035_email,SP_SmartPlus_quote_member_QM035,21,mary.j@email.com,2026-01-27T14:32:16.181224
RA_SP_SmartPlus_quote_member_QM035_phone,SP_SmartPlus_quote_member_QM035,22,+852-9333-3333,2026-01-27T14:32:16.181224
RA_SP_SmartPlus_quote_member_QM035_gov_id_type,SP_SmartPlus_quote_member_QM035,24,HKID,2026-01-27T14:32:16.181224
RA_SP_SmartPlus_quote_member_QM035_gov_id_number,SP_SmartPlus_quote_member_QM035,23,U123456(7),2026-01-27T14:32:16.181224
RA_SP_SmartPlus_quote_member_QM035_relationship_type,SP_SmartPlus_quote_member_QM035,15,Primary,2026-01-27T14:32:16.181224
RA_SP_SmartPlus_quote_member_QM035_gender,SP_SmartPlus_quote_member_QM035,25,F,2026-01-27T14:32:16.181224
RA_SP_SmartPlus_quote_member_QM036_first_name,SP_SmartPlus_quote_member_QM036,26,Paul,2026-01-27T14:32:16.181224
RA_SP_SmartPlus_quote_member_QM036_last_name,SP_SmartPlus_quote_member_QM036,27,Johnson,2026-01-27T14:32:16.181224
RA_SP_SmartPlus_quote_member_QM036_date_of_birth,SP_SmartPlus_quote_member_QM036,28,1983-04-20,2026-01-27T14:32:16.181224
RA_SP_SmartPlus_quote_member_QM036_email,SP_SmartPlus_quote_member_QM036,29,paul.j@email.com,2026-01-27T14:32:16.181224
RA_SP_SmartPlus_quote_member_QM036_phone,SP_SmartPlus_quote_member_QM036,30,+852-9333-3333,2026-01-27T14:32:16.181224
RA_SP_SmartPlus_quote_member_QM036_gov_id_type,SP_SmartPlus_quote_member_QM036,32,HKID,2026-01-27T14:32:16.181224
RA_SP_SmartPlus_quote_member_QM036_gov_id_number,SP_SmartPlus_quote_member_QM036,31,V123456(7),2026-01-27T14:32:16.181224
RA_SP_SmartPlus_quote_member_QM036_relationship_type,SP_SmartPlus_quote_member_QM036,16,Spouse,2026-01-27T14:32:16.181224
RA_SP_SmartPlus_quote_member_QM036_gender,SP_SmartPlus_quote_member_QM036,33,M,2026-01-27T14:32:16.181224
RA_SP_SmartPlus_quote_member_QM037_first_name,SP_SmartPlus_quote_member_QM037,34,Lily,2026-01-27T14:32:16.181224
RA_SP_SmartPlus_quote_member_QM037_last_name,SP_SmartPlus_quote_member_QM037,35,Johnson,2026-01-27T14:32:16.181224
RA_SP_SmartPlus_quote_member_QM037_date_of_birth,SP_SmartPlus_quote_member_QM037,36,2015-08-10,2026-01-27T14:32:16.181224
RA_SP_SmartPlus_quote_member_QM037_gov_id_type,SP_SmartPlus_quote_member_QM037,40,HKID,2026-01-27T14:32:16.181224
RA_SP_SmartPlus_quote_member_QM037_gov_id_number,SP_SmartPlus_quote_member_QM037,39,W123456(7),2026-01-27T14:32:16.181224
RA_SP_SmartPlus_quote_member_QM037_relationship_type,SP_SmartPlus_quote_member_QM037,17,Child,2026-01-27T14:32:16.181224
RA_SP_SmartPlus_quote_member_QM037_gender,SP_SmartPlus_quote_member_QM037,41,F,2026-01-27T14:32:16.181224
RA_SP_SmartPlus_quote_member_QM038_first_name,SP_SmartPlus_quote_member_QM038,18,Helen,2026-01-27T14:32:16.181224
RA_SP_SmartPlus_quote_member_QM038_last_name,SP_SmartPlus_quote_member_QM038,19,Wong,2026-01-27T14:32:16.181224
RA_SP_SmartPlus_quote_member_QM038_date_of_birth,SP_SmartPlus_quote_member_QM038,20,1990-03-05,2026-01-27T14:32:16.181224
RA_SP_SmartPlus_quote_member_QM038_email,SP_SmartPlus_quote_member_QM038,21,helen.wong@email.com,2026-01-27T14:32:16.181224
RA_SP_SmartPlus_quote_member_QM038_phone,SP_SmartPlus_quote_member_QM038,22,+852-9444-4444,2026-01-27T14:32:16.181224
RA_SP_SmartPlus_quote_member_QM038_gov_id_type,SP_SmartPlus_quote_member_QM038,24,HKID,2026-01-27T14:32:16.181224
RA_SP_SmartPlus_quote_member_QM038_gov_id_number,SP_SmartPlus_quote_member_QM038,23,X123456(7),2026-01-27T14:32:16.181224
RA_SP_SmartPlus_quote_member_QM038_relationship_type,SP_SmartPlus_quote_member_QM038,15,Primary,2026-01-27T14:32:16.181224
RA_SP_SmartPlus_quote_member_QM038_gender,SP_SmartPlus_quote_member_QM038,25,F,2026-01-27T14:32:16.181224
RA_SP_SmartPlus_quote_member_QM039_first_name,SP_SmartPlus_quote_member_QM039,18,Anna,2026-01-27T14:32:16.181224
RA_SP_SmartPlus_quote_member_QM039_last_name,SP_SmartPlus_quote_member_QM039,19,Kim,2026-01-27T14:32:16.181224
RA_SP_SmartPlus_quote_member_QM039_date_of_birth,SP_SmartPlus_quote_member_QM039,20,1988-05-12,2026-01-27T14:32:16.181224
RA_SP_SmartPlus_quote_member_QM039_email,SP_SmartPlus_quote_member_QM039,21,anna.kim@email.com,2026-01-27T14:32:16.181224
RA_SP_SmartPlus_quote_member_QM039_phone,SP_SmartPlus_quote_member_QM039,22,+852-9555-5555,2026-01-27T14:32:16.181224
RA_SP_SmartPlus_quote_member_QM039_gov_id_type,SP_SmartPlus_quote_member_QM039,24,HKID,2026-01-27T14:32:16.181224
RA_SP_SmartPlus_quote_member_QM039_gov_id_number,SP_SmartPlus_quote_member_QM039,23,Y123456(7),2026-01-27T14:32:16.181224
RA_SP_SmartPlus_quote_member_QM039_relationship_type,SP_SmartPlus_quote_member_QM039,15,Primary,2026-01-27T14:32:16.181224
RA_SP_SmartPlus_quote_member_QM039_gender,SP_SmartPlus_quote_member_QM039,25,F,2026-01-27T14:32:16.181224
RA_SP_SmartPlus_quote_member_QM040_first_name,SP_SmartPlus_quote_member_QM040,26,Brian,2026-01-27T14:32:16.181224
RA_SP_SmartPlus_quote_member_QM040_last_name,SP_SmartPlus_quote_member_QM040,27,Kim,2026-01-27T14:32:16.181224
RA_SP_SmartPlus_quote_member_QM040_date_of_birth,SP_SmartPlus_quote_member_QM040,28,1986-09-08,2026-01-27T14:32:16.181224
RA_SP_SmartPlus_quote_member_QM040_email,SP_SmartPlus_quote_member_QM040,29,brian.kim@email.com,2026-01-27T14:32:16.181224
RA_SP_SmartPlus_quote_member_QM040_phone,SP_SmartPlus_quote_member_QM040,30,+852-9555-5555,2026-01-27T14:32:16.181224
RA_SP_SmartPlus_quote_member_QM040_gov_id_type,SP_SmartPlus_quote_member_QM040,32,HKID,2026-01-27T14:32:16.181224
RA_SP_SmartPlus_quote_member_QM040_gov_id_number,SP_SmartPlus_quote_member_QM040,31,Z123456(7),2026-01-27T14:32:16.181224
RA_SP_SmartPlus_quote_member_QM040_relationship_type,SP_SmartPlus_quote_member_QM040,16,Spouse,2026-01-27T14:32:16.181224
RA_SP_SmartPlus_quote_member_QM040_gender,SP_SmartPlus_quote_member_QM040,33,M,2026-01-27T14:32:16.181224
RA_SP_SmartPlus_quote_member_QM041_first_name,SP_SmartPlus_quote_member_QM041,18,Daniel,2026-01-27T14:32:16.181224
RA_SP_SmartPlus_quote_member_QM041_last_name,SP_SmartPlus_quote_member_QM041,19,Brown,2026-01-27T14:32:16.181224
RA_SP_SmartPlus_quote_member_QM041_date_of_birth,SP_SmartPlus_quote_member_QM041,20,1992-11-22,2026-01-27T14:32:16.181224
RA_SP_SmartPlus_quote_member_QM041_email,SP_SmartPlus_quote_member_QM041,21,daniel.brown@email.com,2026-01-27T14:32:16.181224
RA_SP_SmartPlus_quote_member_QM041_phone,SP_SmartPlus_quote_member_QM041,22,+852-9777-7777,2026-01-27T14:32:16.181224
RA_SP_SmartPlus_quote_member_QM041_gov_id_type,SP_SmartPlus_quote_member_QM041,24,HKID,2026-01-27T14:32:16.181224
RA_SP_SmartPlus_quote_member_QM041_gov_id_number,SP_SmartPlus_quote_member_QM041,23,AA123456(7),2026-01-27T14:32:16.181224
RA_SP_SmartPlus_quote_member_QM041_relationship_type,SP_SmartPlus_quote_member_QM041,15,Primary,2026-01-27T14:32:16.181224
RA_SP_SmartPlus_quote_member_QM041_gender,SP_SmartPlus_quote_member_QM041,25,M,2026-01-27T14:32:16.181224
RA_SP_SmartPlus_quote_member_QM042_first_name,SP_SmartPlus_quote_member_QM042,18,jennifer,2026-01-27T14:32:16.181224
RA_SP_SmartPlus_quote_member_QM042_last_name,SP_SmartPlus_quote_member_QM042,19,LEE,2026-01-27T14:32:16.181224
RA_SP_SmartPlus_quote_member_QM042_date_of_birth,SP_SmartPlus_quote_member_QM042,20,1987-06-15,2026-01-27T14:32:16.181224
RA_SP_SmartPlus_quote_member_QM042_email,SP_SmartPlus_quote_member_QM042,21,jlee@email.com,2026-01-27T14:32:16.181224
RA_SP_SmartPlus_quote_member_QM042_phone,SP_SmartPlus_quote_member_QM042,22,85299998888,2026-01-27T14:32:16.181224
RA_SP_SmartPlus_quote_member_QM042_gov_id_type,SP_SmartPlus_quote_member_QM042,24,HKID,2026-01-27T14:32:16.181224
RA_SP_SmartPlus_quote_member_QM042_gov_id_number,SP_SmartPlus_quote_member_QM042,23,AB123456(7),2026-01-27T14:32:16.181224
RA_SP_SmartPlus_quote_member_QM042_relationship_type,SP_SmartPlus_quote_member_QM042,15,Primary,2026-01-27T14:32:16.181224
RA_SP_SmartPlus_quote_member_QM042_gender,SP_SmartPlus_quote_member_QM042,25,F,2026-01-27T14:32:16.181224
RA_SP_SmartPlus_quote_member_QM043_first_name,SP_SmartPlus_quote_member_QM043,18,Person1,2026-01-27T14:32:16.181224
RA_SP_SmartPlus_quote_member_QM043_last_name,SP_SmartPlus_quote_member_QM043,19,Composite,2026-01-27T14:32:16.181224
RA_SP_SmartPlus_quote_member_QM043_date_of_birth,SP_SmartPlus_quote_member_QM043,20,1986-01-01,2026-01-27T14:32:16.181224
RA_SP_SmartPlus_quote_member_QM043_email,SP_SmartPlus_quote_member_QM043,21,person1@composite.com,2026-01-27T14:32:16.181224
RA_SP_SmartPlus_quote_member_QM043_phone,SP_SmartPlus_quote_member_QM043,22,+852-9000-0000,2026-01-27T14:32:16.181224
RA_SP_SmartPlus_quote_member_QM043_gov_id_type,SP_SmartPlus_quote_member_QM043,24,HKID,2026-01-27T14:32:16.181224
RA_SP_SmartPlus_quote_member_QM043_gov_id_number,SP_SmartPlus_quote_member_QM043,23,AC113456(7),2026-01-27T14:32:16.181224
RA_SP_SmartPlus_quote_member_QM043_relationship_type,SP_SmartPlus_quote_member_QM043,15,Primary,2026-01-27T14:32:16.181224
RA_SP_SmartPlus_quote_member_QM043_gender,SP_SmartPlus_quote_member_QM043,25,F,2026-01-27T14:32:16.181224
RA_SP_SmartPlus_quote_member_QM044_first_name,SP_SmartPlus_quote_member_QM044,26,Person2,2026-01-27T14:32:16.181224
RA_SP_SmartPlus_quote_member_QM044_last_name,SP_SmartPlus_quote_member_QM044,27,Composite,2026-01-27T14:32:16.181224
RA_SP_SmartPlus_quote_member_QM044_date_of_birth,SP_SmartPlus_quote_member_QM044,28,1987-01-01,2026-01-27T14:32:16.181224
RA_SP_SmartPlus_quote_member_QM044_email,SP_SmartPlus_quote_member_QM044,29,person2@composite.com,2026-01-27T14:32:16.181224
RA_SP_SmartPlus_quote_member_QM044_phone,SP_SmartPlus_quote_member_QM044,30,+852-9000-0000,2026-01-27T14:32:16.181224
RA_SP_SmartPlus_quote_member_QM044_gov_id_type,SP_SmartPlus_quote_member_QM044,32,HKID,2026-01-27T14:32:16.181224
RA_SP_SmartPlus_quote_member_QM044_gov_id_number,SP_SmartPlus_quote_member_QM044,31,AC123456(7),2026-01-27T14:32:16.181224
RA_SP_SmartPlus_quote_member_QM044_relationship_type,SP_SmartPlus_quote_member_QM044,16,Spouse,2026-01-27T14:32:16.181224
RA_SP_SmartPlus_quote_member_QM044_gender,SP_SmartPlus_quote_member_QM044,33,M,2026-01-27T14:32:16.181224
RA_SP_Smile_policy_member_PM001_first_name,SP_Smile_policy_member_PM001,77,John,2026-01-27T14:32:16.789891
RA_SP_Smile_policy_member_PM001_last_name,SP_Smile_policy_member_PM001,78,Smith,2026-01-27T14:32:16.789891
RA_SP_Smile_policy_member_PM001_date_of_birth,SP_Smile_policy_member_PM001,79,1985-06-15,2026-01-27T14:32:16.789891
RA_SP_Smile_policy_member_PM001_email,SP_Smile_policy_member_PM001,80,john.smith@email.com,2026-01-27T14:32:16.789891
RA_SP_Smile_policy_member_PM001_phone,SP_Smile_policy_member_PM001,81,+852-9123-4567,2026-01-27T14:32:16.789891
RA_SP_Smile_policy_member_PM001_gov_id_type,SP_Smile_policy_member_PM001,83,HKID,2026-01-27T14:32:16.789891
RA_SP_Smile_policy_member_PM001_gov_id_number,SP_Smile_policy_member_PM001,82,A123456(7),2026-01-27T14:32:16.789891
RA_SP_Smile_policy_member_PM001_relationship_type,SP_Smile_policy_member_PM001,75,Primary,2026-01-27T14:32:16.789891
RA_SP_Smile_policy_member_PM001_gender,SP_Smile_policy_member_PM001,84,M,2026-01-27T14:32:16.789891
RA_SP_Smile_policy_member_PM002_first_name,SP_Smile_policy_member_PM002,77,Sarah,2026-01-27T14:32:16.789891
RA_SP_Smile_policy_member_PM002_last_name,SP_Smile_policy_member_PM002,78,Lee,2026-01-27T14:32:16.789891
RA_SP_Smile_policy_member_PM002_date_of_birth,SP_Smile_policy_member_PM002,79,1982-03-20,2026-01-27T14:32:16.789891
RA_SP_Smile_policy_member_PM002_email,SP_Smile_policy_member_PM002,80,sarah.lee@email.com,2026-01-27T14:32:16.789891
RA_SP_Smile_policy_member_PM002_phone,SP_Smile_policy_member_PM002,81,+852-9234-5678,2026-01-27T14:32:16.789891
RA_SP_Smile_policy_member_PM002_gov_id_type,SP_Smile_policy_member_PM002,83,HKID,2026-01-27T14:32:16.789891
RA_SP_Smile_policy_member_PM002_gov_id_number,SP_Smile_policy_member_PM002,82,B234567(8),2026-01-27T14:32:16.789891
RA_SP_Smile_policy_member_PM002_relationship_type,SP_Smile_policy_member_PM002,75,Primary,2026-01-27T14:32:16.789891
RA_SP_Smile_policy_member_PM002_gender,SP_Smile_policy_member_PM002,84,F,2026-01-27T14:32:16.789891
RA_SP_Smile_policy_member_PM003_first_name,SP_Smile_policy_member_PM003,85,David,2026-01-27T14:32:16.789891
RA_SP_Smile_policy_member_PM003_last_name,SP_Smile_policy_member_PM003,86,Lee,2026-01-27T14:32:16.789891
RA_SP_Smile_policy_member_PM003_date_of_birth,SP_Smile_policy_member_PM003,87,1980-07-10,2026-01-27T14:32:16.789891
RA_SP_Smile_policy_member_PM003_email,SP_Smile_policy_member_PM003,88,david.lee@email.com,2026-01-27T14:32:16.789891
RA_SP_Smile_policy_member_PM003_phone,SP_Smile_policy_member_PM003,89,+852-9234-5678,2026-01-27T14:32:16.789891
RA_SP_Smile_policy_member_PM003_gov_id_type,SP_Smile_policy_member_PM003,91,HKID,2026-01-27T14:32:16.789891
RA_SP_Smile_policy_member_PM003_gov_id_number,SP_Smile_policy_member_PM003,90,B345678(9),2026-01-27T14:32:16.789891
RA_SP_Smile_policy_member_PM003_relationship_type,SP_Smile_policy_member_PM003,76,Spouse,2026-01-27T14:32:16.789891
RA_SP_Smile_policy_member_PM003_gender,SP_Smile_policy_member_PM003,92,M,2026-01-27T14:32:16.789891
RA_SP_Smile_policy_member_PM004_first_name,SP_Smile_policy_member_PM004,85,Emma,2026-01-27T14:32:16.789891
RA_SP_Smile_policy_member_PM004_last_name,SP_Smile_policy_member_PM004,86,Lee,2026-01-27T14:32:16.789891
RA_SP_Smile_policy_member_PM004_date_of_birth,SP_Smile_policy_member_PM004,87,2010-11-05,2026-01-27T14:32:16.789891
RA_SP_Smile_policy_member_PM004_phone,SP_Smile_policy_member_PM004,89,+852-9234-5678,2026-01-27T14:32:16.789891
RA_SP_Smile_policy_member_PM004_gov_id_type,SP_Smile_policy_member_PM004,91,HKID,2026-01-27T14:32:16.789891
RA_SP_Smile_policy_member_PM004_gov_id_number,SP_Smile_policy_member_PM004,90,C456789(0),2026-01-27T14:32:16.789891
RA_SP_Smile_policy_member_PM004_relationship_type,SP_Smile_policy_member_PM004,76,Child,2026-01-27T14:32:16.789891
RA_SP_Smile_policy_member_PM004_gender,SP_Smile_policy_member_PM004,92,F,2026-01-27T14:32:16.789891
RA_SP_Smile_policy_member_PM005_first_name,SP_Smile_policy_member_PM005,77,Michael,2026-01-27T14:32:16.789891
RA_SP_Smile_policy_member_PM005_last_name,SP_Smile_policy_member_PM005,78,Chen,2026-01-27T14:32:16.789891
RA_SP_Smile_policy_member_PM005_date_of_birth,SP_Smile_policy_member_PM005,79,1975-09-08,2026-01-27T14:32:16.789891
RA_SP_Smile_policy_member_PM005_email,SP_Smile_policy_member_PM005,80,michael.chen@email.com,2026-01-27T14:32:16.789891
RA_SP_Smile_policy_member_PM005_phone,SP_Smile_policy_member_PM005,81,+852-9456-7890,2026-01-27T14:32:16.789891
RA_SP_Smile_policy_member_PM005_gov_id_type,SP_Smile_policy_member_PM005,83,HKID,2026-01-27T14:32:16.789891
RA_SP_Smile_policy_member_PM005_gov_id_number,SP_Smile_policy_member_PM005,82,E123456(7),2026-01-27T14:32:16.789891
RA_SP_Smile_policy_member_PM005_relationship_type,SP_Smile_policy_member_PM005,75,Primary,2026-01-27T14:32:16.789891
RA_SP_Smile_policy_member_PM005_gender,SP_Smile_policy_member_PM005,84,M,2026-01-27T14:32:16.789891
RA_SP_Smile_policy_member_PM006_first_name,SP_Smile_policy_member_PM006,85,Linda,2026-01-27T14:32:16.789891
RA_SP_Smile_policy_member_PM006_last_name,SP_Smile_policy_member_PM006,86,Chen,2026-01-27T14:32:16.789891
RA_SP_Smile_policy_member_PM006_date_of_birth,SP_Smile_policy_member_PM006,87,1977-12-03,2026-01-27T14:32:16.789891
RA_SP_Smile_policy_member_PM006_email,SP_Smile_policy_member_PM006,88,linda.chen@email.com,2026-01-27T14:32:16.789891
RA_SP_Smile_policy_member_PM006_phone,SP_Smile_policy_member_PM006,89,+852-9456-7890,2026-01-27T14:32:16.789891
RA_SP_Smile_policy_member_PM006_gov_id_type,SP_Smile_policy_member_PM006,91,HKID,2026-01-27T14:32:16.789891
RA_SP_Smile_policy_member_PM006_gov_id_number,SP_Smile_policy_member_PM006,90,E234567(8),2026-01-27T14:32:16.789891
RA_SP_Smile_policy_member_PM006_relationship_type,SP_Smile_policy_member_PM006,76,Spouse,2026-01-27T14:32:16.789891
RA_SP_Smile_policy_member_PM006_gender,SP_Smile_policy_member_PM006,92,F,2026-01-27T14:32:16.789891
RA_SP_Smile_policy_member_PM007_first_name,SP_Smile_policy_member_PM007,77,Robert,2026-01-27T14:32:16.789891
RA_SP_Smile_policy_member_PM007_last_name,SP_Smile_policy_member_PM007,78,Taylor,2026-01-27T14:32:16.789891
RA_SP_Smile_policy_member_PM007_date_of_birth,SP_Smile_policy_member_PM007,79,1970-05-22,2026-01-27T14:32:16.789891
RA_SP_Smile_policy_member_PM007_email,SP_Smile_policy_member_PM007,80,robert.taylor@email.com,2026-01-27T14:32:16.789891
RA_SP_Smile_policy_member_PM007_phone,SP_Smile_policy_member_PM007,81,+852-9567-8901,2026-01-27T14:32:16.789891
RA_SP_Smile_policy_member_PM007_gov_id_type,SP_Smile_policy_member_PM007,83,HKID,2026-01-27T14:32:16.789891
RA_SP_Smile_policy_member_PM007_gov_id_number,SP_Smile_policy_member_PM007,82,F123456(7),2026-01-27T14:32:16.789891
RA_SP_Smile_policy_member_PM007_relationship_type,SP_Smile_policy_member_PM007,75,Primary,2026-01-27T14:32:16.789891
RA_SP_Smile_policy_member_PM007_gender,SP_Smile_policy_member_PM007,84,M,2026-01-27T14:32:16.789891
RA_SP_Smile_policy_member_PM008_first_name,SP_Smile_policy_member_PM008,77,Grace,2026-01-27T14:32:16.789891
RA_SP_Smile_policy_member_PM008_last_name,SP_Smile_policy_member_PM008,78,Park,2026-01-27T14:32:16.789891
RA_SP_Smile_policy_member_PM008_date_of_birth,SP_Smile_policy_member_PM008,79,1992-08-14,2026-01-27T14:32:16.789891
RA_SP_Smile_policy_member_PM008_email,SP_Smile_policy_member_PM008,80,grace.park@email.com,2026-01-27T14:32:16.789891
RA_SP_Smile_policy_member_PM008_phone,SP_Smile_policy_member_PM008,81,+852-9678-9012,2026-01-27T14:32:16.789891
RA_SP_Smile_policy_member_PM008_gov_id_type,SP_Smile_policy_member_PM008,83,HKID,2026-01-27T14:32:16.789891
RA_SP_Smile_policy_member_PM008_gov_id_number,SP_Smile_policy_member_PM008,82,G123456(7),2026-01-27T14:32:16.789891
RA_SP_Smile_policy_member_PM008_relationship_type,SP_Smile_policy_member_PM008,75,Primary,2026-01-27T14:32:16.789891
RA_SP_Smile_policy_member_PM008_gender,SP_Smile_policy_member_PM008,84,F,2026-01-27T14:32:16.789891
RA_SP_Smile_policy_member_PM009_first_name,SP_Smile_policy_member_PM009,77,James,2026-01-27T14:32:16.789891
RA_SP_Smile_policy_member_PM009_last_name,SP_Smile_policy_member_PM009,78,Wilson,2026-01-27T14:32:16.789891
RA_SP_Smile_policy_member_PM009_date_of_birth,SP_Smile_policy_member_PM009,79,1985-03-15,2026-01-27T14:32:16.789891
RA_SP_Smile_policy_member_PM009_email,SP_Smile_policy_member_PM009,80,james.w@email.com,2026-01-27T14:32:16.789891
RA_SP_Smile_policy_member_PM009_phone,SP_Smile_policy_member_PM009,81,+852-9789-0123,2026-01-27T14:32:16.789891
RA_SP_Smile_policy_member_PM009_gov_id_type,SP_Smile_policy_member_PM009,83,HKID,2026-01-27T14:32:16.789891
RA_SP_Smile_policy_member_PM009_gov_id_number,SP_Smile_policy_member_PM009,82,H123456(7),2026-01-27T14:32:16.789891
RA_SP_Smile_policy_member_PM009_relationship_type,SP_Smile_policy_member_PM009,75,Primary,2026-01-27T14:32:16.789891
RA_SP_Smile_policy_member_PM009_gender,SP_Smile_policy_member_PM009,84,M,2026-01-27T14:32:16.789891
RA_SP_Smile_policy_member_PM010_first_name,SP_Smile_policy_member_PM010,77,Cathy,2026-01-27T14:32:16.789891
RA_SP_Smile_policy_member_PM010_last_name,SP_Smile_policy_member_PM010,78,Smith,2026-01-27T14:32:16.789891
RA_SP_Smile_policy_member_PM010_date_of_birth,SP_Smile_policy_member_PM010,79,1978-11-10,2026-01-27T14:32:16.789891
RA_SP_Smile_policy_member_PM010_email,SP_Smile_policy_member_PM010,80,catherine.smith@email.com,2026-01-27T14:32:16.789891
RA_SP_Smile_policy_member_PM010_phone,SP_Smile_policy_member_PM010,81,+852-9901-2345,2026-01-27T14:32:16.789891
RA_SP_Smile_policy_member_PM010_gov_id_type,SP_Smile_policy_member_PM010,83,HKID,2026-01-27T14:32:16.789891
RA_SP_Smile_policy_member_PM010_gov_id_number,SP_Smile_policy_member_PM010,82,J123456(7),2026-01-27T14:32:16.789891
RA_SP_Smile_policy_member_PM010_relationship_type,SP_Smile_policy_member_PM010,75,Primary,2026-01-27T14:32:16.789891
RA_SP_Smile_policy_member_PM010_gender,SP_Smile_policy_member_PM010,84,F,2026-01-27T14:32:16.789891
RA_SP_Smile_policy_member_PM011_first_name,SP_Smile_policy_member_PM011,77,Zhang,2026-01-27T14:32:16.789891
RA_SP_Smile_policy_member_PM011_last_name,SP_Smile_policy_member_PM011,78,Wei,2026-01-27T14:32:16.789891
RA_SP_Smile_policy_member_PM011_date_of_birth,SP_Smile_policy_member_PM011,79,1982-07-25,2026-01-27T14:32:16.789891
RA_SP_Smile_policy_member_PM011_email,SP_Smile_policy_member_PM011,80,wei.zhang@email.com,2026-01-27T14:32:16.789891
RA_SP_Smile_policy_member_PM011_phone,SP_Smile_policy_member_PM011,81,+852-9012-3456,2026-01-27T14:32:16.789891
RA_SP_Smile_policy_member_PM011_gov_id_type,SP_Smile_policy_member_PM011,83,HKID,2026-01-27T14:32:16.789891
RA_SP_Smile_policy_member_PM011_gov_id_number,SP_Smile_policy_member_PM011,82,K123456(7),2026-01-27T14:32:16.789891
RA_SP_Smile_policy_member_PM011_relationship_type,SP_Smile_policy_member_PM011,75,Primary,2026-01-27T14:32:16.789891
RA_SP_Smile_policy_member_PM011_gender,SP_Smile_policy_member_PM011,84,M,2026-01-27T14:32:16.789891
RA_SP_Smile_policy_member_PM012_first_name,SP_Smile_policy_member_PM012,77,Susan,2026-01-27T14:32:16.789891
RA_SP_Smile_policy_member_PM012_last_name,SP_Smile_policy_member_PM012,78,Martinez,2026-01-27T14:32:16.789891
RA_SP_Smile_policy_member_PM012_date_of_birth,SP_Smile_policy_member_PM012,79,1987-02-18,2026-01-27T14:32:16.789891
RA_SP_Smile_policy_member_PM012_email,SP_Smile_policy_member_PM012,80,susan.martinez@email.com,2026-01-27T14:32:16.789891
RA_SP_Smile_policy_member_PM012_phone,SP_Smile_policy_member_PM012,81,+852-9123-4567,2026-01-27T14:32:16.789891
RA_SP_Smile_policy_member_PM012_gov_id_type,SP_Smile_policy_member_PM012,83,HKID,2026-01-27T14:32:16.789891
RA_SP_Smile_policy_member_PM012_gov_id_number,SP_Smile_policy_member_PM012,82,L123456(7),2026-01-27T14:32:16.789891
RA_SP_Smile_policy_member_PM012_relationship_type,SP_Smile_policy_member_PM012,75,Primary,2026-01-27T14:32:16.789891
RA_SP_Smile_policy_member_PM012_gender,SP_Smile_policy_member_PM012,84,F,2026-01-27T14:32:16.789891
RA_SP_Smile_policy_member_PM013_first_name,SP_Smile_policy_member_PM013,77,Unknown,2026-01-27T14:32:16.789891
RA_SP_Smile_policy_member_PM013_last_name,SP_Smile_policy_member_PM013,78,Unknown,2026-01-27T14:32:16.789891
RA_SP_Smile_policy_member_PM013_relationship_type,SP_Smile_policy_member_PM013,75,Primary,2026-01-27T14:32:16.789891
RA_SP_Smile_policy_member_PM014_first_name,SP_Smile_policy_member_PM014,77,Peter,2026-01-27T14:32:16.789891
RA_SP_Smile_policy_member_PM014_last_name,SP_Smile_policy_member_PM014,78,Johnson,2026-01-27T14:32:16.789891
RA_SP_Smile_policy_member_PM014_date_of_birth,SP_Smile_policy_member_PM014,79,1975-09-14,2026-01-27T14:32:16.789891
RA_SP_Smile_policy_member_PM014_email,SP_Smile_policy_member_PM014,80,peter.johnson@email.com,2026-01-27T14:32:16.789891
RA_SP_Smile_policy_member_PM014_phone,SP_Smile_policy_member_PM014,81,+852-9234-5678,2026-01-27T14:32:16.789891
RA_SP_Smile_policy_member_PM014_gov_id_type,SP_Smile_policy_member_PM014,83,HKID,2026-01-27T14:32:16.789891
RA_SP_Smile_policy_member_PM014_gov_id_number,SP_Smile_policy_member_PM014,82,M123456(7),2026-01-27T14:32:16.789891
RA_SP_Smile_policy_member_PM014_relationship_type,SP_Smile_policy_member_PM014,75,Primary,2026-01-27T14:32:16.789891
RA_SP_Smile_policy_member_PM014_gender,SP_Smile_policy_member_PM014,84,M,2026-01-27T14:32:16.789891
RA_SP_Smile_policy_member_PM015_first_name,SP_Smile_policy_member_PM015,77,Nancy,2026-01-27T14:32:16.789891
RA_SP_Smile_policy_member_PM015_last_name,SP_Smile_policy_member_PM015,78,White,2026-01-27T14:32:16.789891
RA_SP_Smile_policy_member_PM015_date_of_birth,SP_Smile_policy_member_PM015,79,1995-04-08,2026-01-27T14:32:16.789891
RA_SP_Smile_policy_member_PM015_email,SP_Smile_policy_member_PM015,80,nancy.white@email.com,2026-01-27T14:32:16.789891
RA_SP_Smile_policy_member_PM015_phone,SP_Smile_policy_member_PM015,81,+852-9345-6789,2026-01-27T14:32:16.789891
RA_SP_Smile_policy_member_PM015_gov_id_type,SP_Smile_policy_member_PM015,83,HKID,2026-01-27T14:32:16.789891
RA_SP_Smile_policy_member_PM015_gov_id_number,SP_Smile_policy_member_PM015,82,N123456(7),2026-01-27T14:32:16.789891
RA_SP_Smile_policy_member_PM015_relationship_type,SP_Smile_policy_member_PM015,75,Primary,2026-01-27T14:32:16.789891
RA_SP_Smile_policy_member_PM015_gender,SP_Smile_policy_member_PM015,84,F,2026-01-27T14:32:16.789891
RA_SP_Smile_policy_member_PM016_first_name,SP_Smile_policy_member_PM016,77,Member1,2026-01-27T14:32:16.789891
RA_SP_Smile_policy_member_PM016_last_name,SP_Smile_policy_member_PM016,78,LargeFamily,2026-01-27T14:32:16.789891
RA_SP_Smile_policy_member_PM016_date_of_birth,SP_Smile_policy_member_PM016,79,1980-01-01,2026-01-27T14:32:16.789891
RA_SP_Smile_policy_member_PM016_email,SP_Smile_policy_member_PM016,80,member1@largefamily.com,2026-01-27T14:32:16.789891
RA_SP_Smile_policy_member_PM016_phone,SP_Smile_policy_member_PM016,81,+852-9000-0000,2026-01-27T14:32:16.789891
RA_SP_Smile_policy_member_PM016_gov_id_type,SP_Smile_policy_member_PM016,83,HKID,2026-01-27T14:32:16.789891
RA_SP_Smile_policy_member_PM016_gov_id_number,SP_Smile_policy_member_PM016,82,O013456(7),2026-01-27T14:32:16.789891
RA_SP_Smile_policy_member_PM016_relationship_type,SP_Smile_policy_member_PM016,75,Primary,2026-01-27T14:32:16.789891
RA_SP_Smile_policy_member_PM016_gender,SP_Smile_policy_member_PM016,84,M,2026-01-27T14:32:16.789891
RA_SP_Smile_policy_member_PM017_first_name,SP_Smile_policy_member_PM017,85,Member2,2026-01-27T14:32:16.789891
RA_SP_Smile_policy_member_PM017_last_name,SP_Smile_policy_member_PM017,86,LargeFamily,2026-01-27T14:32:16.789891
RA_SP_Smile_policy_member_PM017_date_of_birth,SP_Smile_policy_member_PM017,87,1975-01-01,2026-01-27T14:32:16.789891
RA_SP_Smile_policy_member_PM017_email,SP_Smile_policy_member_PM017,88,member2@largefamily.com,2026-01-27T14:32:16.789891
RA_SP_Smile_policy_member_PM017_phone,SP_Smile_policy_member_PM017,89,+852-9000-0000,2026-01-27T14:32:16.789891
RA_SP_Smile_policy_member_PM017_gov_id_type,SP_Smile_policy_member_PM017,91,HKID,2026-01-27T14:32:16.789891
RA_SP_Smile_policy_member_PM017_gov_id_number,SP_Smile_policy_member_PM017,90,O023456(7),2026-01-27T14:32:16.789891
RA_SP_Smile_policy_member_PM017_relationship_type,SP_Smile_policy_member_PM017,76,Spouse,2026-01-27T14:32:16.789891
RA_SP_Smile_policy_member_PM017_gender,SP_Smile_policy_member_PM017,92,F,2026-01-27T14:32:16.789891
RA_SP_Smile_policy_member_PM018_first_name,SP_Smile_policy_member_PM018,85,Member3,2026-01-27T14:32:16.789891
RA_SP_Smile_policy_member_PM018_last_name,SP_Smile_policy_member_PM018,86,LargeFamily,2026-01-27T14:32:16.789891
RA_SP_Smile_policy_member_PM018_date_of_birth,SP_Smile_policy_member_PM018,87,1970-01-01,2026-01-27T14:32:16.789891
RA_SP_Smile_policy_member_PM018_email,SP_Smile_policy_member_PM018,88,member3@largefamily.com,2026-01-27T14:32:16.789891
RA_SP_Smile_policy_member_PM018_phone,SP_Smile_policy_member_PM018,89,+852-9000-0000,2026-01-27T14:32:16.789891
RA_SP_Smile_policy_member_PM018_gov_id_type,SP_Smile_policy_member_PM018,91,HKID,2026-01-27T14:32:16.789891
RA_SP_Smile_policy_member_PM018_gov_id_number,SP_Smile_policy_member_PM018,90,O033456(7),2026-01-27T14:32:16.789891
RA_SP_Smile_policy_member_PM018_relationship_type,SP_Smile_policy_member_PM018,76,Child,2026-01-27T14:32:16.789891
RA_SP_Smile_policy_member_PM018_gender,SP_Smile_policy_member_PM018,92,M,2026-01-27T14:32:16.789891
RA_SP_Smile_policy_member_PM019_first_name,SP_Smile_policy_member_PM019,85,Member4,2026-01-27T14:32:16.789891
RA_SP_Smile_policy_member_PM019_last_name,SP_Smile_policy_member_PM019,86,LargeFamily,2026-01-27T14:32:16.789891
RA_SP_Smile_policy_member_PM019_date_of_birth,SP_Smile_policy_member_PM019,87,1965-01-01,2026-01-27T14:32:16.789891
RA_SP_Smile_policy_member_PM019_email,SP_Smile_policy_member_PM019,88,member4@largefamily.com,2026-01-27T14:32:16.789891
RA_SP_Smile_policy_member_PM019_phone,SP_Smile_policy_member_PM019,89,+852-9000-0000,2026-01-27T14:32:16.789891
RA_SP_Smile_policy_member_PM019_gov_id_type,SP_Smile_policy_member_PM019,91,HKID,2026-01-27T14:32:16.789891
RA_SP_Smile_policy_member_PM019_gov_id_number,SP_Smile_policy_member_PM019,90,O043456(7),2026-01-27T14:32:16.789891
RA_SP_Smile_policy_member_PM019_relationship_type,SP_Smile_policy_member_PM019,76,Child,2026-01-27T14:32:16.789891
RA_SP_Smile_policy_member_PM019_gender,SP_Smile_policy_member_PM019,92,F,2026-01-27T14:32:16.789891
RA_SP_Smile_policy_member_PM020_first_name,SP_Smile_policy_member_PM020,85,Member5,2026-01-27T14:32:16.789891
RA_SP_Smile_policy_member_PM020_last_name,SP_Smile_policy_member_PM020,86,LargeFamily,2026-01-27T14:32:16.789891
RA_SP_Smile_policy_member_PM020_date_of_birth,SP_Smile_policy_member_PM020,87,1960-01-01,2026-01-27T14:32:16.789891
RA_SP_Smile_policy_member_PM020_email,SP_Smile_policy_member_PM020,88,member5@largefamily.com,2026-01-27T14:32:16.789891
RA_SP_Smile_policy_member_PM020_phone,SP_Smile_policy_member_PM020,89,+852-9000-0000,2026-01-27T14:32:16.789891
RA_SP_Smile_policy_member_PM020_gov_id_type,SP_Smile_policy_member_PM020,91,HKID,2026-01-27T14:32:16.789891
RA_SP_Smile_policy_member_PM020_gov_id_number,SP_Smile_policy_member_PM020,90,O053456(7),2026-01-27T14:32:16.789891
RA_SP_Smile_policy_member_PM020_relationship_type,SP_Smile_policy_member_PM020,76,Child,2026-01-27T14:32:16.789891
RA_SP_Smile_policy_member_PM020_gender,SP_Smile_policy_member_PM020,92,M,2026-01-27T14:32:16.789891
RA_SP_Smile_policy_member_PM021_first_name,SP_Smile_policy_member_PM021,85,Member6,2026-01-27T14:32:16.789891
RA_SP_Smile_policy_member_PM021_last_name,SP_Smile_policy_member_PM021,86,LargeFamily,2026-01-27T14:32:16.789891
RA_SP_Smile_policy_member_PM021_date_of_birth,SP_Smile_policy_member_PM021,87,1955-01-01,2026-01-27T14:32:16.789891
RA_SP_Smile_policy_member_PM021_email,SP_Smile_policy_member_PM021,88,member6@largefamily.com,2026-01-27T14:32:16.789891
RA_SP_Smile_policy_member_PM021_phone,SP_Smile_policy_member_PM021,89,+852-9000-0000,2026-01-27T14:32:16.789891
RA_SP_Smile_policy_member_PM021_gov_id_type,SP_Smile_policy_member_PM021,91,HKID,2026-01-27T14:32:16.789891
RA_SP_Smile_policy_member_PM021_gov_id_number,SP_Smile_policy_member_PM021,90,O063456(7),2026-01-27T14:32:16.789891
RA_SP_Smile_policy_member_PM021_relationship_type,SP_Smile_policy_member_PM021,76,Child,2026-01-27T14:32:16.789891
RA_SP_Smile_policy_member_PM021_gender,SP_Smile_policy_member_PM021,92,F,2026-01-27T14:32:16.789891
RA_SP_Smile_policy_member_PM022_first_name,SP_Smile_policy_member_PM022,85,Member7,2026-01-27T14:32:16.789891
RA_SP_Smile_policy_member_PM022_last_name,SP_Smile_policy_member_PM022,86,LargeFamily,2026-01-27T14:32:16.789891
RA_SP_Smile_policy_member_PM022_date_of_birth,SP_Smile_policy_member_PM022,87,1950-01-01,2026-01-27T14:32:16.789891
RA_SP_Smile_policy_member_PM022_email,SP_Smile_policy_member_PM022,88,member7@largefamily.com,2026-01-27T14:32:16.789891
RA_SP_Smile_policy_member_PM022_phone,SP_Smile_policy_member_PM022,89,+852-9000-0000,2026-01-27T14:32:16.789891
RA_SP_Smile_policy_member_PM022_gov_id_type,SP_Smile_policy_member_PM022,91,HKID,2026-01-27T14:32:16.789891
RA_SP_Smile_policy_member_PM022_gov_id_number,SP_Smile_policy_member_PM022,90,O073456(7),2026-01-27T14:32:16.789891
RA_SP_Smile_policy_member_PM022_relationship_type,SP_Smile_policy_member_PM022,76,Child,2026-01-27T14:32:16.789891
RA_SP_Smile_policy_member_PM022_gender,SP_Smile_policy_member_PM022,92,M,2026-01-27T14:32:16.789891
RA_SP_Smile_policy_member_PM023_first_name,SP_Smile_policy_member_PM023,85,Member8,2026-01-27T14:32:16.789891
RA_SP_Smile_policy_member_PM023_last_name,SP_Smile_policy_member_PM023,86,LargeFamily,2026-01-27T14:32:16.789891
RA_SP_Smile_policy_member_PM023_date_of_birth,SP_Smile_policy_member_PM023,87,1945-01-01,2026-01-27T14:32:16.789891
RA_SP_Smile_policy_member_PM023_email,SP_Smile_policy_member_PM023,88,member8@largefamily.com,2026-01-27T14:32:16.789891
RA_SP_Smile_policy_member_PM023_phone,SP_Smile_policy_member_PM023,89,+852-9000-0000,2026-01-27T14:32:16.789891
RA_SP_Smile_policy_member_PM023_gov_id_type,SP_Smile_policy_member_PM023,91,HKID,2026-01-27T14:32:16.789891
RA_SP_Smile_policy_member_PM023_gov_id_number,SP_Smile_policy_member_PM023,90,O083456(7),2026-01-27T14:32:16.789891
RA_SP_Smile_policy_member_PM023_relationship_type,SP_Smile_policy_member_PM023,76,Child,2026-01-27T14:32:16.789891
RA_SP_Smile_policy_member_PM023_gender,SP_Smile_policy_member_PM023,92,F,2026-01-27T14:32:16.789891
RA_SP_Smile_policy_member_PM024_first_name,SP_Smile_policy_member_PM024,85,Member9,2026-01-27T14:32:16.789891
RA_SP_Smile_policy_member_PM024_last_name,SP_Smile_policy_member_PM024,86,LargeFamily,2026-01-27T14:32:16.789891
RA_SP_Smile_policy_member_PM024_date_of_birth,SP_Smile_policy_member_PM024,87,1940-01-01,2026-01-27T14:32:16.789891
RA_SP_Smile_policy_member_PM024_email,SP_Smile_policy_member_PM024,88,member9@largefamily.com,2026-01-27T14:32:16.789891
RA_SP_Smile_policy_member_PM024_phone,SP_Smile_policy_member_PM024,89,+852-9000-0000,2026-01-27T14:32:16.789891
RA_SP_Smile_policy_member_PM024_gov_id_type,SP_Smile_policy_member_PM024,91,HKID,2026-01-27T14:32:16.789891
RA_SP_Smile_policy_member_PM024_gov_id_number,SP_Smile_policy_member_PM024,90,O093456(7),2026-01-27T14:32:16.789891
RA_SP_Smile_policy_member_PM024_relationship_type,SP_Smile_policy_member_PM024,76,Child,2026-01-27T14:32:16.789891
RA_SP_Smile_policy_member_PM024_gender,SP_Smile_policy_member_PM024,92,M,2026-01-27T14:32:16.789891
RA_SP_Smile_policy_member_PM025_first_name,SP_Smile_policy_member_PM025,85,Member10,2026-01-27T14:32:16.789891
RA_SP_Smile_policy_member_PM025_last_name,SP_Smile_policy_member_PM025,86,LargeFamily,2026-01-27T14:32:16.789891
RA_SP_Smile_policy_member_PM025_date_of_birth,SP_Smile_policy_member_PM025,87,1935-01-01,2026-01-27T14:32:16.789891
RA_SP_Smile_policy_member_PM025_email,SP_Smile_policy_member_PM025,88,member10@largefamily.com,2026-01-27T14:32:16.789891
RA_SP_Smile_policy_member_PM025_phone,SP_Smile_policy_member_PM025,89,+852-9000-0000,2026-01-27T14:32:16.789891
RA_SP_Smile_policy_member_PM025_gov_id_type,SP_Smile_policy_member_PM025,91,HKID,2026-01-27T14:32:16.789891
RA_SP_Smile_policy_member_PM025_gov_id_number,SP_Smile_policy_member_PM025,90,O103456(7),2026-01-27T14:32:16.789891
RA_SP_Smile_policy_member_PM025_relationship_type,SP_Smile_policy_member_PM025,76,Child,2026-01-27T14:32:16.789891
RA_SP_Smile_policy_member_PM025_gender,SP_Smile_policy_member_PM025,92,F,2026-01-27T14:32:16.789891
RA_SP_Smile_policy_member_PM026_first_name,SP_Smile_policy_member_PM026,85,Member11,2026-01-27T14:32:16.789891
RA_SP_Smile_policy_member_PM026_last_name,SP_Smile_policy_member_PM026,86,LargeFamily,2026-01-27T14:32:16.789891
RA_SP_Smile_policy_member_PM026_date_of_birth,SP_Smile_policy_member_PM026,87,1930-01-01,2026-01-27T14:32:16.789891
RA_SP_Smile_policy_member_PM026_email,SP_Smile_policy_member_PM026,88,member11@largefamily.com,2026-01-27T14:32:16.789891
RA_SP_Smile_policy_member_PM026_phone,SP_Smile_policy_member_PM026,89,+852-9000-0000,2026-01-27T14:32:16.789891
RA_SP_Smile_policy_member_PM026_gov_id_type,SP_Smile_policy_member_PM026,91,HKID,2026-01-27T14:32:16.789891
RA_SP_Smile_policy_member_PM026_gov_id_number,SP_Smile_policy_member_PM026,90,O113456(7),2026-01-27T14:32:16.789891
RA_SP_Smile_policy_member_PM026_relationship_type,SP_Smile_policy_member_PM026,76,Child,2026-01-27T14:32:16.789891
RA_SP_Smile_policy_member_PM026_gender,SP_Smile_policy_member_PM026,92,M,2026-01-27T14:32:16.789891
RA_SP_Smile_policy_member_PM027_first_name,SP_Smile_policy_member_PM027,85,Member12,2026-01-27T14:32:16.789891
RA_SP_Smile_policy_member_PM027_last_name,SP_Smile_policy_member_PM027,86,LargeFamily,2026-01-27T14:32:16.789891
RA_SP_Smile_policy_member_PM027_date_of_birth,SP_Smile_policy_member_PM027,87,1925-01-01,2026-01-27T14:32:16.789891
RA_SP_Smile_policy_member_PM027_email,SP_Smile_policy_member_PM027,88,member12@largefamily.com,2026-01-27T14:32:16.789891
RA_SP_Smile_policy_member_PM027_phone,SP_Smile_policy_member_PM027,89,+852-9000-0000,2026-01-27T14:32:16.789891
RA_SP_Smile_policy_member_PM027_gov_id_type,SP_Smile_policy_member_PM027,91,HKID,2026-01-27T14:32:16.789891
RA_SP_Smile_policy_member_PM027_gov_id_number,SP_Smile_policy_member_PM027,90,O123456(7),2026-01-27T14:32:16.789891
RA_SP_Smile_policy_member_PM027_relationship_type,SP_Smile_policy_member_PM027,76,Child,2026-01-27T14:32:16.789891
RA_SP_Smile_policy_member_PM027_gender,SP_Smile_policy_member_PM027,92,F,2026-01-27T14:32:16.789891
RA_SP_Smile_policy_member_PM028_first_name,SP_Smile_policy_member_PM028,77,John,2026-01-27T14:32:16.789891
RA_SP_Smile_policy_member_PM028_last_name,SP_Smile_policy_member_PM028,78,O'Brien-Smith,2026-01-27T14:32:16.789891
RA_SP_Smile_policy_member_PM028_date_of_birth,SP_Smile_policy_member_PM028,79,1985-01-01,2026-01-27T14:32:16.789891
RA_SP_Smile_policy_member_PM028_email,SP_Smile_policy_member_PM028,80,john.obrien-smith@email.com,2026-01-27T14:32:16.789891
RA_SP_Smile_policy_member_PM028_phone,SP_Smile_policy_member_PM028,81,+852-9111-1111,2026-01-27T14:32:16.789891
RA_SP_Smile_policy_member_PM028_gov_id_type,SP_Smile_policy_member_PM028,83,HKID,2026-01-27T14:32:16.789891
RA_SP_Smile_policy_member_PM028_gov_id_number,SP_Smile_policy_member_PM028,82,P123456(7),2026-01-27T14:32:16.789891
RA_SP_Smile_policy_member_PM028_relationship_type,SP_Smile_policy_member_PM028,75,Primary,2026-01-27T14:32:16.789891
RA_SP_Smile_policy_member_PM028_gender,SP_Smile_policy_member_PM028,84,M,2026-01-27T14:32:16.789891
RA_SP_Smile_policy_member_PM029_first_name,SP_Smile_policy_member_PM029,77,José,2026-01-27T14:32:16.789891
RA_SP_Smile_policy_member_PM029_last_name,SP_Smile_policy_member_PM029,78,García,2026-01-27T14:32:16.789891
RA_SP_Smile_policy_member_PM029_date_of_birth,SP_Smile_policy_member_PM029,79,1990-02-02,2026-01-27T14:32:16.789891
RA_SP_Smile_policy_member_PM029_email,SP_Smile_policy_member_PM029,80,josé.garcía@email.com,2026-01-27T14:32:16.789891
RA_SP_Smile_policy_member_PM029_phone,SP_Smile_policy_member_PM029,81,+852-9111-1111,2026-01-27T14:32:16.789891
RA_SP_Smile_policy_member_PM029_gov_id_type,SP_Smile_policy_member_PM029,83,HKID,2026-01-27T14:32:16.789891
RA_SP_Smile_policy_member_PM029_gov_id_number,SP_Smile_policy_member_PM029,82,Q123456(7),2026-01-27T14:32:16.789891
RA_SP_Smile_policy_member_PM029_relationship_type,SP_Smile_policy_member_PM029,75,Primary,2026-01-27T14:32:16.789891
RA_SP_Smile_policy_member_PM029_gender,SP_Smile_policy_member_PM029,84,M,2026-01-27T14:32:16.789891
RA_SP_Smile_policy_member_PM030_first_name,SP_Smile_policy_member_PM030,77,明,2026-01-27T14:32:16.789891
RA_SP_Smile_policy_member_PM030_last_name,SP_Smile_policy_member_PM030,78,李,2026-01-27T14:32:16.789891
RA_SP_Smile_policy_member_PM030_date_of_birth,SP_Smile_policy_member_PM030,79,1988-03-03,2026-01-27T14:32:16.789891
RA_SP_Smile_policy_member_PM030_email,SP_Smile_policy_member_PM030,80,明.李@email.com,2026-01-27T14:32:16.789891
RA_SP_Smile_policy_member_PM030_phone,SP_Smile_policy_member_PM030,81,+852-9111-1111,2026-01-27T14:32:16.789891
RA_SP_Smile_policy_member_PM030_gov_id_type,SP_Smile_policy_member_PM030,83,HKID,2026-01-27T14:32:16.789891
RA_SP_Smile_policy_member_PM030_gov_id_number,SP_Smile_policy_member_PM030,82,R123456(7),2026-01-27T14:32:16.789891
RA_SP_Smile_policy_member_PM030_relationship_type,SP_Smile_policy_member_PM030,75,Primary,2026-01-27T14:32:16.789891
RA_SP_Smile_policy_member_PM030_gender,SP_Smile_policy_member_PM030,84,M,2026-01-27T14:32:16.789891
RA_SP_Smile_policy_member_PM031_first_name,SP_Smile_policy_member_PM031,77,Hans,2026-01-27T14:32:16.789891
RA_SP_Smile_policy_member_PM031_last_name,SP_Smile_policy_member_PM031,78,Müller,2026-01-27T14:32:16.789891
RA_SP_Smile_policy_member_PM031_date_of_birth,SP_Smile_policy_member_PM031,79,1992-04-04,2026-01-27T14:32:16.789891
RA_SP_Smile_policy_member_PM031_email,SP_Smile_policy_member_PM031,80,hans.müller@email.com,2026-01-27T14:32:16.789891
RA_SP_Smile_policy_member_PM031_phone,SP_Smile_policy_member_PM031,81,+852-9111-1111,2026-01-27T14:32:16.789891
RA_SP_Smile_policy_member_PM031_gov_id_type,SP_Smile_policy_member_PM031,83,HKID,2026-01-27T14:32:16.789891
RA_SP_Smile_policy_member_PM031_gov_id_number,SP_Smile_policy_member_PM031,82,S123456(7),2026-01-27T14:32:16.789891
RA_SP_Smile_policy_member_PM031_relationship_type,SP_Smile_policy_member_PM031,75,Primary,2026-01-27T14:32:16.789891
RA_SP_Smile_policy_member_PM031_gender,SP_Smile_policy_member_PM031,84,M,2026-01-27T14:32:16.789891
RA_SP_Smile_policy_member_PM032_first_name,SP_Smile_policy_member_PM032,77,Tom,2026-01-27T14:32:16.789891
RA_SP_Smile_policy_member_PM032_last_name,SP_Smile_policy_member_PM032,78,Brown,2026-01-27T14:32:16.789891
RA_SP_Smile_policy_member_PM032_date_of_birth,SP_Smile_policy_member_PM032,79,1980-01-01,2026-01-27T14:32:16.789891
RA_SP_Smile_policy_member_PM032_email,SP_Smile_policy_member_PM032,80,tom@email.com,2026-01-27T14:32:16.789891
RA_SP_Smile_policy_member_PM032_phone,SP_Smile_policy_member_PM032,81,+852-9222-2222,2026-01-27T14:32:16.789891
RA_SP_Smile_policy_member_PM032_gov_id_type,SP_Smile_policy_member_PM032,83,HKID,2026-01-27T14:32:16.789891
RA_SP_Smile_policy_member_PM032_gov_id_number,SP_Smile_policy_member_PM032,82,T123456(7),2026-01-27T14:32:16.789891
RA_SP_Smile_policy_member_PM032_relationship_type,SP_Smile_policy_member_PM032,75,Primary,2026-01-27T14:32:16.789891
RA_SP_Smile_policy_member_PM032_gender,SP_Smile_policy_member_PM032,84,M,2026-01-27T14:32:16.789891
RA_SP_Smile_policy_member_PM033_first_name,SP_Smile_policy_member_PM033,77,Helen,2026-01-27T14:32:16.789891
RA_SP_Smile_policy_member_PM033_last_name,SP_Smile_policy_member_PM033,78,Wong,2026-01-27T14:32:16.789891
RA_SP_Smile_policy_member_PM033_date_of_birth,SP_Smile_policy_member_PM033,79,1990-03-05,2026-01-27T14:32:16.789891
RA_SP_Smile_policy_member_PM033_email,SP_Smile_policy_member_PM033,80,helen.wong@email.com,2026-01-27T14:32:16.789891
RA_SP_Smile_policy_member_PM033_phone,SP_Smile_policy_member_PM033,81,+852-9444-4444,2026-01-27T14:32:16.789891
RA_SP_Smile_policy_member_PM033_gov_id_type,SP_Smile_policy_member_PM033,83,HKID,2026-01-27T14:32:16.789891
RA_SP_Smile_policy_member_PM033_gov_id_number,SP_Smile_policy_member_PM033,82,X123456(7),2026-01-27T14:32:16.789891
RA_SP_Smile_policy_member_PM033_relationship_type,SP_Smile_policy_member_PM033,75,Primary,2026-01-27T14:32:16.789891
RA_SP_Smile_policy_member_PM033_gender,SP_Smile_policy_member_PM033,84,F,2026-01-27T14:32:16.789891
RA_SP_Smile_policy_member_PM034_first_name,SP_Smile_policy_member_PM034,77,Jennifer,2026-01-27T14:32:16.789891
RA_SP_Smile_policy_member_PM034_last_name,SP_Smile_policy_member_PM034,78,Lee,2026-01-27T14:32:16.789891
RA_SP_Smile_policy_member_PM034_date_of_birth,SP_Smile_policy_member_PM034,79,1987-06-15,2026-01-27T14:32:16.789891
RA_SP_Smile_policy_member_PM034_email,SP_Smile_policy_member_PM034,80,jennifer.lee@email.com,2026-01-27T14:32:16.789891
RA_SP_Smile_policy_member_PM034_phone,SP_Smile_policy_member_PM034,81,+852-9999-8888,2026-01-27T14:32:16.789891
RA_SP_Smile_policy_member_PM034_gov_id_type,SP_Smile_policy_member_PM034,83,HKID,2026-01-27T14:32:16.789891
RA_SP_Smile_policy_member_PM034_gov_id_number,SP_Smile_policy_member_PM034,82,AB123456(7),2026-01-27T14:32:16.789891
RA_SP_Smile_policy_member_PM034_relationship_type,SP_Smile_policy_member_PM034,75,Primary,2026-01-27T14:32:16.789891
RA_SP_Smile_policy_member_PM034_gender,SP_Smile_policy_member_PM034,84,F,2026-01-27T14:32:16.789891
RA_SP_Smile_policy_member_PM035_first_name,SP_Smile_policy_member_PM035,77,Person1,2026-01-27T14:32:16.789891
RA_SP_Smile_policy_member_PM035_last_name,SP_Smile_policy_member_PM035,78,Composite,2026-01-27T14:32:16.789891
RA_SP_Smile_policy_member_PM035_date_of_birth,SP_Smile_policy_member_PM035,79,1986-01-01,2026-01-27T14:32:16.789891
RA_SP_Smile_policy_member_PM035_email,SP_Smile_policy_member_PM035,80,person1@composite.com,2026-01-27T14:32:16.789891
RA_SP_Smile_policy_member_PM035_phone,SP_Smile_policy_member_PM035,81,+852-9000-0000,2026-01-27T14:32:16.789891
RA_SP_Smile_policy_member_PM035_gov_id_type,SP_Smile_policy_member_PM035,83,HKID,2026-01-27T14:32:16.789891
RA_SP_Smile_policy_member_PM035_gov_id_number,SP_Smile_policy_member_PM035,82,AC113456(7),2026-01-27T14:32:16.789891
RA_SP_Smile_policy_member_PM035_relationship_type,SP_Smile_policy_member_PM035,75,Primary,2026-01-27T14:32:16.789891
RA_SP_Smile_policy_member_PM035_gender,SP_Smile_policy_member_PM035,84,F,2026-01-27T14:32:16.789891
RA_SP_Smile_policy_member_PM036_first_name,SP_Smile_policy_member_PM036,85,Person2,2026-01-27T14:32:16.789891
RA_SP_Smile_policy_member_PM036_last_name,SP_Smile_policy_member_PM036,86,Composite,2026-01-27T14:32:16.789891
RA_SP_Smile_policy_member_PM036_date_of_birth,SP_Smile_policy_member_PM036,87,1987-01-01,2026-01-27T14:32:16.789891
RA_SP_Smile_policy_member_PM036_email,SP_Smile_policy_member_PM036,88,person2@composite.com,2026-01-27T14:32:16.789891
RA_SP_Smile_policy_member_PM036_phone,SP_Smile_policy_member_PM036,89,+852-9000-0000,2026-01-27T14:32:16.789891
RA_SP_Smile_policy_member_PM036_gov_id_type,SP_Smile_policy_member_PM036,91,HKID,2026-01-27T14:32:16.789891
RA_SP_Smile_policy_member_PM036_gov_id_number,SP_Smile_policy_member_PM036,90,AC123456(7),2026-01-27T14:32:16.789891
RA_SP_Smile_policy_member_PM036_relationship_type,SP_Smile_policy_member_PM036,76,Spouse,2026-01-27T14:32:16.789891
RA_SP_Smile_policy_member_PM036_gender,SP_Smile_policy_member_PM036,92,M,2026-01-27T14:32:16.789891
