evidence_id,party_id_1,party_id_2,attribute_subtype_id,value_1,value_2,severity_score,is_hard_block,difference_type,created_at
e32eeed2-84b1-4f0c-ac1d-1b1ee0f9e796,SP_SmartPlus_quote_member_QM049,SP_Smile_policy_member_PM039,SUB_HKID,E123456(7),K987654(3),1.0,True,HARD_CONFLICT,2026-03-12T11:07:28.953721
ca20d0ed-1cb5-44d6-ba49-3b9db60d3ad2,SP_SmartPlus_application_A004_applicant,SP_Smile_policy_member_PM008,SUB_HKID,D123456(7),G123456(7),1.0,True,HARD_CONFLICT,2026-03-12T11:07:28.956526
becba924-1fbc-4dbe-a682-d79d5765fc4b,SP_SmartPlus_quote_member_QM019,SP_SmartPlus_quote_member_QM025,SUB_HKID,O023456(7),O083456(7),1.0,True,HARD_CONFLICT,2026-03-12T11:07:28.959465
a47e914d-6866-4e07-b89d-d78b991116ad,SP_SmartPlus_quote_member_QM019,SP_Smile_policy_member_PM022,SUB_HKID,O023456(7),O073456(7),1.0,True,HARD_CONFLICT,2026-03-12T11:07:28.961010
6b4bf4bd-c996-4921-a851-31c68e622759,SP_SmartPlus_quote_member_QM019,SP_SmartPlus_quote_member_QM018,SUB_HKID,O023456(7),O013456(7),1.0,True,HARD_CONFLICT,2026-03-12T11:07:28.962527
19e555fd-62b5-40a6-b616-df3b7e478800,SP_SmartPlus_quote_member_QM019,SP_SmartPlus_quote_member_QM027,SUB_HKID,O023456(7),O103456(7),1.0,True,HARD_CONFLICT,2026-03-12T11:07:28.965698
9ebd5e1a-d048-4fc0-bc19-927491d18371,SP_SmartPlus_quote_member_QM019,SP_SmartPlus_quote_member_QM026,SUB_HKID,O023456(7),O093456(7),1.0,True,HARD_CONFLICT,2026-03-12T11:07:28.968525
4160b8f6-b5ab-4961-8e11-4d1811378987,SP_SmartPlus_quote_member_QM019,SP_SmartPlus_quote_member_QM020,SUB_HKID,O023456(7),O033456(7),1.0,True,HARD_CONFLICT,2026-03-12T11:07:28.970081
e8718129-19c4-4a87-901e-96b6899bae99,SP_SmartPlus_quote_member_QM019,SP_SmartPlus_quote_member_QM024,SUB_HKID,O023456(7),O073456(7),1.0,True,HARD_CONFLICT,2026-03-12T11:07:28.973408
7d0ab621-dbff-4f0e-8592-c7e314453e46,SP_SmartPlus_quote_member_QM019,SP_Smile_policy_member_PM026,SUB_HKID,O023456(7),O113456(7),1.0,True,HARD_CONFLICT,2026-03-12T11:07:28.975125
7e1281fc-15f8-4a50-889e-789340129ab0,SP_SmartPlus_quote_member_QM019,SP_Smile_policy_member_PM018,SUB_HKID,O023456(7),O033456(7),1.0,True,HARD_CONFLICT,2026-03-12T11:07:28.976835
87604648-3a70-4c32-8560-5633ac0220d6,SP_SmartPlus_quote_member_QM019,SP_Smile_policy_member_PM016,SUB_HKID,O023456(7),O013456(7),1.0,True,HARD_CONFLICT,2026-03-12T11:07:28.978519
18e64454-7ebf-44b2-96be-8db85d952746,SP_SmartPlus_quote_member_QM019,SP_Smile_policy_member_PM024,SUB_HKID,O023456(7),O093456(7),1.0,True,HARD_CONFLICT,2026-03-12T11:07:28.980379
309457c7-c0b5-4a18-898b-99e489bccb10,SP_SmartPlus_quote_member_QM019,SP_Smile_policy_member_PM023,SUB_HKID,O023456(7),O083456(7),1.0,True,HARD_CONFLICT,2026-03-12T11:07:28.984500
1d268c82-a52d-493f-bd91-fa2e472b84e1,SP_SmartPlus_quote_member_QM019,SP_Smile_policy_member_PM019,SUB_HKID,O023456(7),O043456(7),1.0,True,HARD_CONFLICT,2026-03-12T11:07:28.987787
35c7fbda-9308-44d4-94ca-b0924be223cd,SP_SmartPlus_quote_member_QM019,SP_SmartPlus_quote_member_QM022,SUB_HKID,O023456(7),O053456(7),1.0,True,HARD_CONFLICT,2026-03-12T11:07:28.989726
11c02497-56b8-45cd-9b15-fc6c97513ff5,SP_SmartPlus_quote_member_QM019,SP_Smile_policy_member_PM020,SUB_HKID,O023456(7),O053456(7),1.0,True,HARD_CONFLICT,2026-03-12T11:07:28.993328
cd0899ff-d555-43f6-b2a2-e8da87bc6216,SP_SmartPlus_quote_member_QM019,SP_Smile_policy_member_PM027,SUB_HKID,O023456(7),O123456(7),1.0,True,HARD_CONFLICT,2026-03-12T11:07:28.996056
655b3a36-2855-4047-ae5c-4392499de4c4,SP_SmartPlus_quote_member_QM019,SP_SmartPlus_quote_member_QM021,SUB_HKID,O023456(7),O043456(7),1.0,True,HARD_CONFLICT,2026-03-12T11:07:28.997881
dfb1d6d6-f173-443b-a6b9-39ca6408a525,SP_SmartPlus_quote_member_QM019,SP_SmartPlus_quote_member_QM029,SUB_HKID,O023456(7),O123456(7),1.0,True,HARD_CONFLICT,2026-03-12T11:07:28.999667
670c67a9-4b90-4358-9472-839283e75014,SP_SmartPlus_quote_member_QM019,SP_SmartPlus_quote_member_QM023,SUB_HKID,O023456(7),O063456(7),1.0,True,HARD_CONFLICT,2026-03-12T11:07:29.001384
4229a497-8cc6-4268-84c2-bde808a559b5,SP_SmartPlus_quote_member_QM019,SP_Smile_policy_member_PM025,SUB_HKID,O023456(7),O103456(7),1.0,True,HARD_CONFLICT,2026-03-12T11:07:29.003098
d780b11f-f3c1-4c8c-9951-212ee9e4ba0c,SP_SmartPlus_quote_member_QM019,SP_Smile_policy_member_PM021,SUB_HKID,O023456(7),O063456(7),1.0,True,HARD_CONFLICT,2026-03-12T11:07:29.004787
930a05b7-0384-4674-bd9d-ba4e92e034a4,SP_SmartPlus_quote_member_QM019,SP_SmartPlus_quote_member_QM028,SUB_HKID,O023456(7),O113456(7),1.0,True,HARD_CONFLICT,2026-03-12T11:07:29.006519
e4c522f9-e1ab-4c54-8c94-7fba3341ac21,SP_SmartPlus_quote_member_QM025,SP_Smile_policy_member_PM022,SUB_HKID,O083456(7),O073456(7),1.0,True,HARD_CONFLICT,2026-03-12T11:07:29.008227
c1a0d39a-9edf-4648-ab5e-fee263151106,SP_SmartPlus_quote_member_QM025,SP_SmartPlus_quote_member_QM018,SUB_HKID,O083456(7),O013456(7),1.0,True,HARD_CONFLICT,2026-03-12T11:07:29.009913
b9e3ab79-d30c-4481-826f-99264dcd1d28,SP_SmartPlus_quote_member_QM025,SP_Smile_policy_member_PM017,SUB_HKID,O083456(7),O023456(7),1.0,True,HARD_CONFLICT,2026-03-12T11:07:29.012114
2cb84e88-e854-43ac-b7a4-625d2fa28f37,SP_SmartPlus_quote_member_QM025,SP_SmartPlus_quote_member_QM027,SUB_HKID,O083456(7),O103456(7),1.0,True,HARD_CONFLICT,2026-03-12T11:07:29.013806
617b9194-0f13-4792-b7bc-553c8ee04704,SP_SmartPlus_quote_member_QM025,SP_SmartPlus_quote_member_QM026,SUB_HKID,O083456(7),O093456(7),1.0,True,HARD_CONFLICT,2026-03-12T11:07:29.016833
27665c0a-9d8e-4620-bf24-3d902b509353,SP_SmartPlus_quote_member_QM025,SP_SmartPlus_quote_member_QM020,SUB_HKID,O083456(7),O033456(7),1.0,True,HARD_CONFLICT,2026-03-12T11:07:29.018494
44bbbff1-a6e5-4d8f-b29d-71e09e03e69b,SP_SmartPlus_quote_member_QM025,SP_SmartPlus_quote_member_QM024,SUB_HKID,O083456(7),O073456(7),1.0,True,HARD_CONFLICT,2026-03-12T11:07:29.021508
eccf2a61-8f16-410b-b4f7-f2eae92baf37,SP_SmartPlus_quote_member_QM025,SP_Smile_policy_member_PM026,SUB_HKID,O083456(7),O113456(7),1.0,True,HARD_CONFLICT,2026-03-12T11:07:29.026461
8905b77e-f488-4e5f-a156-4633337ad02a,SP_SmartPlus_quote_member_QM025,SP_Smile_policy_member_PM018,SUB_HKID,O083456(7),O033456(7),1.0,True,HARD_CONFLICT,2026-03-12T11:07:29.028997
0d6e24d9-4911-4cc2-ba34-4070ca9ea85d,SP_SmartPlus_quote_member_QM025,SP_Smile_policy_member_PM016,SUB_HKID,O083456(7),O013456(7),1.0,True,HARD_CONFLICT,2026-03-12T11:07:29.031772
a9dd5bb9-4334-4065-a5c0-f90f4cb240ab,SP_SmartPlus_quote_member_QM025,SP_Smile_policy_member_PM024,SUB_HKID,O083456(7),O093456(7),1.0,True,HARD_CONFLICT,2026-03-12T11:07:29.034587
c208e933-249d-4613-941e-94322036ceca,SP_SmartPlus_quote_member_QM025,SP_Smile_policy_member_PM019,SUB_HKID,O083456(7),O043456(7),1.0,True,HARD_CONFLICT,2026-03-12T11:07:29.038163
d16cde98-3ef4-46ad-9c49-a721cd96bee7,SP_SmartPlus_quote_member_QM025,SP_SmartPlus_quote_member_QM022,SUB_HKID,O083456(7),O053456(7),1.0,True,HARD_CONFLICT,2026-03-12T11:07:29.039812
e2a9e349-05ce-42e3-8938-fab82fcbfc56,SP_SmartPlus_quote_member_QM025,SP_Smile_policy_member_PM020,SUB_HKID,O083456(7),O053456(7),1.0,True,HARD_CONFLICT,2026-03-12T11:07:29.041570
b35f2c54-aefa-4019-988b-2bc5b6f1ac29,SP_SmartPlus_quote_member_QM025,SP_Smile_policy_member_PM027,SUB_HKID,O083456(7),O123456(7),1.0,True,HARD_CONFLICT,2026-03-12T11:07:29.043148
3694f6c0-da34-4594-8183-73ce57738567,SP_SmartPlus_quote_member_QM025,SP_SmartPlus_quote_member_QM021,SUB_HKID,O083456(7),O043456(7),1.0,True,HARD_CONFLICT,2026-03-12T11:07:29.044691
543083cf-df5e-43c8-9902-4f128f51aaf9,SP_SmartPlus_quote_member_QM025,SP_SmartPlus_quote_member_QM029,SUB_HKID,O083456(7),O123456(7),1.0,True,HARD_CONFLICT,2026-03-12T11:07:29.046207
829ca4ab-270a-41dc-95f8-43904b415fc9,SP_SmartPlus_quote_member_QM025,SP_SmartPlus_quote_member_QM023,SUB_HKID,O083456(7),O063456(7),1.0,True,HARD_CONFLICT,2026-03-12T11:07:29.047697
e3ee4c33-3a26-4dd1-8db3-cc4e1cba6e47,SP_SmartPlus_quote_member_QM025,SP_Smile_policy_member_PM025,SUB_HKID,O083456(7),O103456(7),1.0,True,HARD_CONFLICT,2026-03-12T11:07:29.049199
afc2527b-c239-477e-a078-d0197ea3c416,SP_SmartPlus_quote_member_QM025,SP_Smile_policy_member_PM021,SUB_HKID,O083456(7),O063456(7),1.0,True,HARD_CONFLICT,2026-03-12T11:07:29.050673
69d223d8-923f-437a-b38d-ff6ef0bfa706,SP_SmartPlus_quote_member_QM025,SP_SmartPlus_quote_member_QM028,SUB_HKID,O083456(7),O113456(7),1.0,True,HARD_CONFLICT,2026-03-12T11:07:29.052643
6ffdd675-be18-407f-87c3-7895edb11609,SP_Smile_policy_member_PM022,SP_SmartPlus_quote_member_QM018,SUB_HKID,O073456(7),O013456(7),1.0,True,HARD_CONFLICT,2026-03-12T11:07:29.054193
d018914f-9161-4f69-9683-28dda60ab459,SP_Smile_policy_member_PM022,SP_Smile_policy_member_PM017,SUB_HKID,O073456(7),O023456(7),1.0,True,HARD_CONFLICT,2026-03-12T11:07:29.055654
b939f57e-3c27-494e-9d12-11b08ed1ae79,SP_Smile_policy_member_PM022,SP_SmartPlus_quote_member_QM027,SUB_HKID,O073456(7),O103456(7),1.0,True,HARD_CONFLICT,2026-03-12T11:07:29.057116
283bda37-5285-4b8b-a229-caea7009693b,SP_Smile_policy_member_PM022,SP_SmartPlus_quote_member_QM026,SUB_HKID,O073456(7),O093456(7),1.0,True,HARD_CONFLICT,2026-03-12T11:07:29.059799
da887585-3eab-4dc6-b810-98679bf185ff,SP_Smile_policy_member_PM022,SP_SmartPlus_quote_member_QM020,SUB_HKID,O073456(7),O033456(7),1.0,True,HARD_CONFLICT,2026-03-12T11:07:29.061316
167ec5bc-48a0-45b5-8e69-25ea0db1f353,SP_Smile_policy_member_PM022,SP_Smile_policy_member_PM026,SUB_HKID,O073456(7),O113456(7),1.0,True,HARD_CONFLICT,2026-03-12T11:07:29.068974
c123cb6c-f1ab-49c3-9289-a76d07c452a1,SP_Smile_policy_member_PM022,SP_Smile_policy_member_PM018,SUB_HKID,O073456(7),O033456(7),1.0,True,HARD_CONFLICT,2026-03-12T11:07:29.074743
c8bff038-219c-410a-b3fb-4ce8e9f2645f,SP_Smile_policy_member_PM022,SP_Smile_policy_member_PM016,SUB_HKID,O073456(7),O013456(7),1.0,True,HARD_CONFLICT,2026-03-12T11:07:29.077643
ccf0057b-ddda-4118-b502-5b102f6c1e42,SP_Smile_policy_member_PM022,SP_Smile_policy_member_PM024,SUB_HKID,O073456(7),O093456(7),1.0,True,HARD_CONFLICT,2026-03-12T11:07:29.079545
83058162-579b-410d-b02e-f26035661b0e,SP_Smile_policy_member_PM022,SP_Smile_policy_member_PM023,SUB_HKID,O073456(7),O083456(7),1.0,True,HARD_CONFLICT,2026-03-12T11:07:29.081204
5c3ae816-3b92-4bdc-9252-114f5b4842e9,SP_Smile_policy_member_PM022,SP_Smile_policy_member_PM019,SUB_HKID,O073456(7),O043456(7),1.0,True,HARD_CONFLICT,2026-03-12T11:07:29.082829
01e175c1-d1ec-4bfb-b98e-74419c1f4354,SP_Smile_policy_member_PM022,SP_SmartPlus_quote_member_QM022,SUB_HKID,O073456(7),O053456(7),1.0,True,HARD_CONFLICT,2026-03-12T11:07:29.084474
083b467f-b1ff-47c4-b127-4888581bbb80,SP_Smile_policy_member_PM022,SP_Smile_policy_member_PM020,SUB_HKID,O073456(7),O053456(7),1.0,True,HARD_CONFLICT,2026-03-12T11:07:29.086111
a59726e7-1e21-4c37-bbe4-8994c1763dad,SP_Smile_policy_member_PM022,SP_Smile_policy_member_PM027,SUB_HKID,O073456(7),O123456(7),1.0,True,HARD_CONFLICT,2026-03-12T11:07:29.087883
bec1a04f-2755-4a9e-9ea0-78c31395cd34,SP_Smile_policy_member_PM022,SP_SmartPlus_quote_member_QM021,SUB_HKID,O073456(7),O043456(7),1.0,True,HARD_CONFLICT,2026-03-12T11:07:29.090292
f9240dd2-9c91-43b5-b52c-8ad1115b3066,SP_Smile_policy_member_PM022,SP_SmartPlus_quote_member_QM029,SUB_HKID,O073456(7),O123456(7),1.0,True,HARD_CONFLICT,2026-03-12T11:07:29.092495
03bcfdee-973a-4e2c-bb2e-16f4dbaaa734,SP_Smile_policy_member_PM022,SP_SmartPlus_quote_member_QM023,SUB_HKID,O073456(7),O063456(7),1.0,True,HARD_CONFLICT,2026-03-12T11:07:29.094808
3d5276c2-7706-48da-b35c-d51b13a3de2b,SP_Smile_policy_member_PM022,SP_Smile_policy_member_PM025,SUB_HKID,O073456(7),O103456(7),1.0,True,HARD_CONFLICT,2026-03-12T11:07:29.098364
930369b1-a7ba-4a23-9d51-fd9b992a18c3,SP_Smile_policy_member_PM022,SP_Smile_policy_member_PM021,SUB_HKID,O073456(7),O063456(7),1.0,True,HARD_CONFLICT,2026-03-12T11:07:29.100522
9c607ba9-c105-43a8-ab70-72a34d0a0ce8,SP_Smile_policy_member_PM022,SP_SmartPlus_quote_member_QM028,SUB_HKID,O073456(7),O113456(7),1.0,True,HARD_CONFLICT,2026-03-12T11:07:29.102283
59b9dc96-d318-4f6c-a61d-b98c61b52e9f,SP_SmartPlus_quote_member_QM018,SP_Smile_policy_member_PM017,SUB_HKID,O013456(7),O023456(7),1.0,True,HARD_CONFLICT,2026-03-12T11:07:29.103885
e192b2be-6433-4de4-afa7-3365efc3f5f5,SP_SmartPlus_quote_member_QM018,SP_SmartPlus_quote_member_QM027,SUB_HKID,O013456(7),O103456(7),1.0,True,HARD_CONFLICT,2026-03-12T11:07:29.105469
52af3201-bd9d-4ce8-8b28-c7a25b1604b4,SP_SmartPlus_quote_member_QM018,SP_SmartPlus_quote_member_QM026,SUB_HKID,O013456(7),O093456(7),1.0,True,HARD_CONFLICT,2026-03-12T11:07:29.108418
b5d6bf08-66c2-46e1-8f19-ebcb915167d0,SP_SmartPlus_quote_member_QM018,SP_SmartPlus_quote_member_QM020,SUB_HKID,O013456(7),O033456(7),1.0,True,HARD_CONFLICT,2026-03-12T11:07:29.109993
9b89b9c9-1a11-4427-8b00-808b649c9e5e,SP_SmartPlus_quote_member_QM018,SP_SmartPlus_quote_member_QM024,SUB_HKID,O013456(7),O073456(7),1.0,True,HARD_CONFLICT,2026-03-12T11:07:29.114554
32fcec4e-1643-4be7-ace0-8ce5a0395fd6,SP_SmartPlus_quote_member_QM018,SP_Smile_policy_member_PM026,SUB_HKID,O013456(7),O113456(7),1.0,True,HARD_CONFLICT,2026-03-12T11:07:29.116234
53cd79fd-d0fe-432b-9082-5dff3c893c61,SP_SmartPlus_quote_member_QM018,SP_Smile_policy_member_PM018,SUB_HKID,O013456(7),O033456(7),1.0,True,HARD_CONFLICT,2026-03-12T11:07:29.117870
160e97aa-fbdb-4752-b6e8-263d8be8f18e,SP_SmartPlus_quote_member_QM018,SP_Smile_policy_member_PM024,SUB_HKID,O013456(7),O093456(7),1.0,True,HARD_CONFLICT,2026-03-12T11:07:29.121231
1a0bbb77-ffc0-4ffd-b135-b691345e086a,SP_SmartPlus_quote_member_QM018,SP_Smile_policy_member_PM023,SUB_HKID,O013456(7),O083456(7),1.0,True,HARD_CONFLICT,2026-03-12T11:07:29.122754
60b969e1-196f-4cee-98d1-6d162154a3f7,SP_SmartPlus_quote_member_QM018,SP_Smile_policy_member_PM019,SUB_HKID,O013456(7),O043456(7),1.0,True,HARD_CONFLICT,2026-03-12T11:07:29.124254
86de80a9-5097-4a79-b1e3-854c9e89b22e,SP_SmartPlus_quote_member_QM018,SP_SmartPlus_quote_member_QM022,SUB_HKID,O013456(7),O053456(7),1.0,True,HARD_CONFLICT,2026-03-12T11:07:29.125753
a164649e-aa69-4849-b3f6-1294df4cc03e,SP_SmartPlus_quote_member_QM018,SP_Smile_policy_member_PM020,SUB_HKID,O013456(7),O053456(7),1.0,True,HARD_CONFLICT,2026-03-12T11:07:29.127245
872b0cfa-a055-4bd8-b38d-65238358e8bc,SP_SmartPlus_quote_member_QM018,SP_Smile_policy_member_PM027,SUB_HKID,O013456(7),O123456(7),1.0,True,HARD_CONFLICT,2026-03-12T11:07:29.128744
4707e609-f884-48fb-b453-a1de58ae14f0,SP_SmartPlus_quote_member_QM018,SP_SmartPlus_quote_member_QM021,SUB_HKID,O013456(7),O043456(7),1.0,True,HARD_CONFLICT,2026-03-12T11:07:29.130542
7662a9d9-2038-44fe-a5b7-a6063b00a92e,SP_SmartPlus_quote_member_QM018,SP_SmartPlus_quote_member_QM029,SUB_HKID,O013456(7),O123456(7),1.0,True,HARD_CONFLICT,2026-03-12T11:07:29.135679
c47c525d-84ce-425e-af89-aa6285b731e5,SP_SmartPlus_quote_member_QM018,SP_SmartPlus_quote_member_QM023,SUB_HKID,O013456(7),O063456(7),1.0,True,HARD_CONFLICT,2026-03-12T11:07:29.137546
ae9be863-ac74-41cb-87d8-3de7c87ed0f4,SP_SmartPlus_quote_member_QM018,SP_Smile_policy_member_PM025,SUB_HKID,O013456(7),O103456(7),1.0,True,HARD_CONFLICT,2026-03-12T11:07:29.146908
4a273a92-1d94-4e69-b7a7-3125727629bc,SP_SmartPlus_quote_member_QM018,SP_Smile_policy_member_PM021,SUB_HKID,O013456(7),O063456(7),1.0,True,HARD_CONFLICT,2026-03-12T11:07:29.149378
1402a046-cad3-47e5-829f-dd226e4edb6f,SP_SmartPlus_quote_member_QM018,SP_SmartPlus_quote_member_QM028,SUB_HKID,O013456(7),O113456(7),1.0,True,HARD_CONFLICT,2026-03-12T11:07:29.152392
b5ddfdc7-1816-43a8-8c9d-55be25f48ee6,SP_Smile_policy_member_PM017,SP_SmartPlus_quote_member_QM027,SUB_HKID,O023456(7),O103456(7),1.0,True,HARD_CONFLICT,2026-03-12T11:07:29.159301
9f9583a1-a651-4ed8-9710-bd827570d215,SP_Smile_policy_member_PM017,SP_SmartPlus_quote_member_QM026,SUB_HKID,O023456(7),O093456(7),1.0,True,HARD_CONFLICT,2026-03-12T11:07:29.165860
3b488283-6c42-43fc-b342-2f9ab37c3f47,SP_Smile_policy_member_PM017,SP_SmartPlus_quote_member_QM020,SUB_HKID,O023456(7),O033456(7),1.0,True,HARD_CONFLICT,2026-03-12T11:07:29.169168
c190a265-ffa2-40a2-9566-feab2c194c25,SP_Smile_policy_member_PM017,SP_SmartPlus_quote_member_QM024,SUB_HKID,O023456(7),O073456(7),1.0,True,HARD_CONFLICT,2026-03-12T11:07:29.185247
54c244cd-f5fe-4c8f-9d6d-f9b3cb43fb26,SP_Smile_policy_member_PM017,SP_Smile_policy_member_PM026,SUB_HKID,O023456(7),O113456(7),1.0,True,HARD_CONFLICT,2026-03-12T11:07:29.187080
4de51fdf-8c43-4423-beaa-54dfafba18a9,SP_Smile_policy_member_PM017,SP_Smile_policy_member_PM018,SUB_HKID,O023456(7),O033456(7),1.0,True,HARD_CONFLICT,2026-03-12T11:07:29.189938
6ebe6cde-4736-4e91-b17b-fc9b7487088f,SP_Smile_policy_member_PM017,SP_Smile_policy_member_PM016,SUB_HKID,O023456(7),O013456(7),1.0,True,HARD_CONFLICT,2026-03-12T11:07:29.192673
68daf583-b865-4c33-81a9-be4ffc2e13ea,SP_Smile_policy_member_PM017,SP_Smile_policy_member_PM024,SUB_HKID,O023456(7),O093456(7),1.0,True,HARD_CONFLICT,2026-03-12T11:07:29.195538
f9d3e596-fd68-4a52-8822-29c0fde71698,SP_Smile_policy_member_PM017,SP_Smile_policy_member_PM023,SUB_HKID,O023456(7),O083456(7),1.0,True,HARD_CONFLICT,2026-03-12T11:07:29.199922
943bd385-4e98-4e7c-9224-6f8777b4dcf5,SP_Smile_policy_member_PM017,SP_Smile_policy_member_PM019,SUB_HKID,O023456(7),O043456(7),1.0,True,HARD_CONFLICT,2026-03-12T11:07:29.202150
0d275fd6-1783-4be6-9fb1-0155c12ad27e,SP_Smile_policy_member_PM017,SP_SmartPlus_quote_member_QM022,SUB_HKID,O023456(7),O053456(7),1.0,True,HARD_CONFLICT,2026-03-12T11:07:29.205867
13eee962-c68f-4c5a-a61e-c18c6cddcfc9,SP_Smile_policy_member_PM017,SP_Smile_policy_member_PM020,SUB_HKID,O023456(7),O053456(7),1.0,True,HARD_CONFLICT,2026-03-12T11:07:29.221630
3cd08ae5-8465-4fa8-9d12-f7202a1a7ab5,SP_Smile_policy_member_PM017,SP_Smile_policy_member_PM027,SUB_HKID,O023456(7),O123456(7),1.0,True,HARD_CONFLICT,2026-03-12T11:07:29.225382
5f01b566-3324-481b-9274-2c3c585b5851,SP_Smile_policy_member_PM017,SP_SmartPlus_quote_member_QM021,SUB_HKID,O023456(7),O043456(7),1.0,True,HARD_CONFLICT,2026-03-12T11:07:29.231440
f39f6880-c19d-42f9-90d2-0ff7c64a0885,SP_Smile_policy_member_PM017,SP_SmartPlus_quote_member_QM029,SUB_HKID,O023456(7),O123456(7),1.0,True,HARD_CONFLICT,2026-03-12T11:07:29.235122
5fcf6710-e45c-4bbd-a1b1-b6464d6d2bf3,SP_Smile_policy_member_PM017,SP_SmartPlus_quote_member_QM023,SUB_HKID,O023456(7),O063456(7),1.0,True,HARD_CONFLICT,2026-03-12T11:07:29.247963
d1d3003b-3f38-4ebe-bf4d-973a6ebe8702,SP_Smile_policy_member_PM017,SP_Smile_policy_member_PM025,SUB_HKID,O023456(7),O103456(7),1.0,True,HARD_CONFLICT,2026-03-12T11:07:29.252936
da6af9d0-d238-47d8-a1b3-933b861b4165,SP_Smile_policy_member_PM017,SP_Smile_policy_member_PM021,SUB_HKID,O023456(7),O063456(7),1.0,True,HARD_CONFLICT,2026-03-12T11:07:29.256374
c1ee7fac-31a2-43c5-830b-6dcb3c0c9770,SP_Smile_policy_member_PM017,SP_SmartPlus_quote_member_QM028,SUB_HKID,O023456(7),O113456(7),1.0,True,HARD_CONFLICT,2026-03-12T11:07:29.265466
d17a1a31-22e4-4980-b4c9-0670f1745628,SP_SmartPlus_quote_member_QM027,SP_SmartPlus_quote_member_QM026,SUB_HKID,O103456(7),O093456(7),1.0,True,HARD_CONFLICT,2026-03-12T11:07:29.317944
f6cd468b-58ce-4e5e-9c00-7fb5f66e78d1,SP_SmartPlus_quote_member_QM027,SP_SmartPlus_quote_member_QM020,SUB_HKID,O103456(7),O033456(7),1.0,True,HARD_CONFLICT,2026-03-12T11:07:29.324959
a8c49f25-b9b7-45e0-8e3f-76343aed1394,SP_SmartPlus_quote_member_QM027,SP_SmartPlus_quote_member_QM024,SUB_HKID,O103456(7),O073456(7),1.0,True,HARD_CONFLICT,2026-03-12T11:07:29.347085
6b1df775-c791-4b54-9783-1057f6d29c8b,SP_SmartPlus_quote_member_QM027,SP_Smile_policy_member_PM026,SUB_HKID,O103456(7),O113456(7),1.0,True,HARD_CONFLICT,2026-03-12T11:07:29.356622
85c061b3-3a29-4b40-aabe-1c93c6028a4c,SP_SmartPlus_quote_member_QM027,SP_Smile_policy_member_PM018,SUB_HKID,O103456(7),O033456(7),1.0,True,HARD_CONFLICT,2026-03-12T11:07:29.380112
b2f8418d-0c6e-468e-89cb-a7e36091ecc3,SP_SmartPlus_quote_member_QM027,SP_Smile_policy_member_PM016,SUB_HKID,O103456(7),O013456(7),1.0,True,HARD_CONFLICT,2026-03-12T11:07:29.407204
faacd34f-f299-4dbd-a7ed-c36b6217c4a8,SP_SmartPlus_quote_member_QM027,SP_Smile_policy_member_PM024,SUB_HKID,O103456(7),O093456(7),1.0,True,HARD_CONFLICT,2026-03-12T11:07:29.421246
eff7ecbf-ac97-4695-b84f-64895cb7172c,SP_SmartPlus_quote_member_QM027,SP_Smile_policy_member_PM023,SUB_HKID,O103456(7),O083456(7),1.0,True,HARD_CONFLICT,2026-03-12T11:07:29.452187
23cbef9f-2447-4a67-a43d-9b123ea842e7,SP_SmartPlus_quote_member_QM027,SP_Smile_policy_member_PM019,SUB_HKID,O103456(7),O043456(7),1.0,True,HARD_CONFLICT,2026-03-12T11:07:29.539094
9480ddaa-d8c2-4285-bc30-5f1138c870b7,SP_SmartPlus_quote_member_QM027,SP_SmartPlus_quote_member_QM022,SUB_HKID,O103456(7),O053456(7),1.0,True,HARD_CONFLICT,2026-03-12T11:07:29.751303
553fd0c5-4867-4dd7-bbbc-32b11bf7e930,SP_SmartPlus_quote_member_QM027,SP_Smile_policy_member_PM020,SUB_HKID,O103456(7),O053456(7),1.0,True,HARD_CONFLICT,2026-03-12T11:07:29.843509
9e3ddcdb-27bf-4abf-a535-7949ab3282ef,SP_SmartPlus_quote_member_QM027,SP_Smile_policy_member_PM027,SUB_HKID,O103456(7),O123456(7),1.0,True,HARD_CONFLICT,2026-03-12T11:07:29.870592
e40083c3-bd6a-4772-9c15-f2cd75374f5d,SP_SmartPlus_quote_member_QM027,SP_SmartPlus_quote_member_QM021,SUB_HKID,O103456(7),O043456(7),1.0,True,HARD_CONFLICT,2026-03-12T11:07:29.914350
c3dc0d6e-89a3-4aaa-8273-f48af92566b8,SP_SmartPlus_quote_member_QM027,SP_SmartPlus_quote_member_QM029,SUB_HKID,O103456(7),O123456(7),1.0,True,HARD_CONFLICT,2026-03-12T11:07:29.953560
5690dc82-7fe5-4703-92c8-355087cc0994,SP_SmartPlus_quote_member_QM027,SP_SmartPlus_quote_member_QM023,SUB_HKID,O103456(7),O063456(7),1.0,True,HARD_CONFLICT,2026-03-12T11:07:30.012354
f29fa3a0-f16b-4cf9-ae8b-59e93ff49a70,SP_SmartPlus_quote_member_QM027,SP_Smile_policy_member_PM021,SUB_HKID,O103456(7),O063456(7),1.0,True,HARD_CONFLICT,2026-03-12T11:07:30.025175
43788904-8642-4b1c-ac2a-d321eb97bf6e,SP_SmartPlus_quote_member_QM027,SP_SmartPlus_quote_member_QM028,SUB_HKID,O103456(7),O113456(7),1.0,True,HARD_CONFLICT,2026-03-12T11:07:30.032986
1c439b32-3bc9-4bf4-b871-38dd0deb4822,SP_SmartPlus_quote_member_QM026,SP_SmartPlus_quote_member_QM020,SUB_HKID,O093456(7),O033456(7),1.0,True,HARD_CONFLICT,2026-03-12T11:07:30.094481
32845dc0-970d-4279-8c9c-376f1c6e2b3a,SP_SmartPlus_quote_member_QM026,SP_SmartPlus_quote_member_QM024,SUB_HKID,O093456(7),O073456(7),1.0,True,HARD_CONFLICT,2026-03-12T11:07:30.124444
dea902e9-f963-42de-b7f0-5dc8d30dcd63,SP_SmartPlus_quote_member_QM026,SP_Smile_policy_member_PM026,SUB_HKID,O093456(7),O113456(7),1.0,True,HARD_CONFLICT,2026-03-12T11:07:30.137163
b1626bbd-46e5-4f4e-b5ae-0c4c0be7426d,SP_SmartPlus_quote_member_QM026,SP_Smile_policy_member_PM018,SUB_HKID,O093456(7),O033456(7),1.0,True,HARD_CONFLICT,2026-03-12T11:07:30.140818
20074c00-baa8-4242-8966-42e03d98e627,SP_SmartPlus_quote_member_QM026,SP_Smile_policy_member_PM016,SUB_HKID,O093456(7),O013456(7),1.0,True,HARD_CONFLICT,2026-03-12T11:07:30.145799
224cf6cb-3a9a-4fbb-9eda-545111083615,SP_SmartPlus_quote_member_QM026,SP_Smile_policy_member_PM023,SUB_HKID,O093456(7),O083456(7),1.0,True,HARD_CONFLICT,2026-03-12T11:07:30.168979
476bfa0f-52a4-42c4-8840-f5bdafe533a5,SP_SmartPlus_quote_member_QM026,SP_Smile_policy_member_PM019,SUB_HKID,O093456(7),O043456(7),1.0,True,HARD_CONFLICT,2026-03-12T11:07:30.170589
1f42ad72-7a38-45ac-97d5-033d2db3e9d9,SP_SmartPlus_quote_member_QM026,SP_SmartPlus_quote_member_QM022,SUB_HKID,O093456(7),O053456(7),1.0,True,HARD_CONFLICT,2026-03-12T11:07:30.218012
64293e1f-c517-4ad5-9562-a966d3ab637e,SP_SmartPlus_quote_member_QM026,SP_Smile_policy_member_PM020,SUB_HKID,O093456(7),O053456(7),1.0,True,HARD_CONFLICT,2026-03-12T11:07:30.239268
3350765c-f6b0-41f3-a6db-e2af2513d478,SP_SmartPlus_quote_member_QM026,SP_Smile_policy_member_PM027,SUB_HKID,O093456(7),O123456(7),1.0,True,HARD_CONFLICT,2026-03-12T11:07:30.263645
92cb959f-fe29-48f8-b335-72a3003cc9d0,SP_SmartPlus_quote_member_QM026,SP_SmartPlus_quote_member_QM021,SUB_HKID,O093456(7),O043456(7),1.0,True,HARD_CONFLICT,2026-03-12T11:07:30.265471
2dd6d3af-0656-42c5-94fb-72617afb647b,SP_SmartPlus_quote_member_QM026,SP_SmartPlus_quote_member_QM029,SUB_HKID,O093456(7),O123456(7),1.0,True,HARD_CONFLICT,2026-03-12T11:07:30.271937
b23a5c97-1113-48a2-ac97-30307e9bbdaf,SP_SmartPlus_quote_member_QM026,SP_SmartPlus_quote_member_QM023,SUB_HKID,O093456(7),O063456(7),1.0,True,HARD_CONFLICT,2026-03-12T11:07:30.324600
3a04bef7-9836-4131-b539-796c4a4934a1,SP_SmartPlus_quote_member_QM026,SP_Smile_policy_member_PM025,SUB_HKID,O093456(7),O103456(7),1.0,True,HARD_CONFLICT,2026-03-12T11:07:30.359117
70bb99d4-cd65-4693-ad03-29482a784c3d,SP_SmartPlus_quote_member_QM026,SP_Smile_policy_member_PM021,SUB_HKID,O093456(7),O063456(7),1.0,True,HARD_CONFLICT,2026-03-12T11:07:30.363258
0be28a8d-35bc-484e-946e-eba117472114,SP_SmartPlus_quote_member_QM026,SP_SmartPlus_quote_member_QM028,SUB_HKID,O093456(7),O113456(7),1.0,True,HARD_CONFLICT,2026-03-12T11:07:30.365937
f0e541b3-8e39-4241-8b2b-084b9c71d4dd,SP_SmartPlus_quote_member_QM020,SP_SmartPlus_quote_member_QM024,SUB_HKID,O033456(7),O073456(7),1.0,True,HARD_CONFLICT,2026-03-12T11:07:30.369413
aa8f14b2-b286-40ce-a51d-1cd83900982a,SP_SmartPlus_quote_member_QM020,SP_Smile_policy_member_PM026,SUB_HKID,O033456(7),O113456(7),1.0,True,HARD_CONFLICT,2026-03-12T11:07:30.372866
379d3a37-3756-4361-979b-d133dc26204b,SP_SmartPlus_quote_member_QM020,SP_Smile_policy_member_PM016,SUB_HKID,O033456(7),O013456(7),1.0,True,HARD_CONFLICT,2026-03-12T11:07:30.376392
9b455539-6e49-4b01-bc97-c7a27c95e4eb,SP_SmartPlus_quote_member_QM020,SP_Smile_policy_member_PM024,SUB_HKID,O033456(7),O093456(7),1.0,True,HARD_CONFLICT,2026-03-12T11:07:30.377969
5e7b0c9c-5683-4bcb-af03-00b6f7bbac00,SP_SmartPlus_quote_member_QM020,SP_Smile_policy_member_PM023,SUB_HKID,O033456(7),O083456(7),1.0,True,HARD_CONFLICT,2026-03-12T11:07:30.379516
57807bfb-df45-455a-949e-328144ac3c7c,SP_SmartPlus_quote_member_QM020,SP_Smile_policy_member_PM019,SUB_HKID,O033456(7),O043456(7),1.0,True,HARD_CONFLICT,2026-03-12T11:07:30.381072
22b0d64f-a5f6-4f47-a3dd-334478109ab1,SP_SmartPlus_quote_member_QM020,SP_SmartPlus_quote_member_QM022,SUB_HKID,O033456(7),O053456(7),1.0,True,HARD_CONFLICT,2026-03-12T11:07:30.383097
f37b2cf6-a80f-4bdf-8c73-fd976d3e8326,SP_SmartPlus_quote_member_QM020,SP_Smile_policy_member_PM020,SUB_HKID,O033456(7),O053456(7),1.0,True,HARD_CONFLICT,2026-03-12T11:07:30.384961
b751d565-8d94-465a-93b0-a1be54d79154,SP_SmartPlus_quote_member_QM020,SP_Smile_policy_member_PM027,SUB_HKID,O033456(7),O123456(7),1.0,True,HARD_CONFLICT,2026-03-12T11:07:30.386699
ed18092c-9bf0-49a6-acc7-5d2a59bdee50,SP_SmartPlus_quote_member_QM020,SP_SmartPlus_quote_member_QM021,SUB_HKID,O033456(7),O043456(7),1.0,True,HARD_CONFLICT,2026-03-12T11:07:30.388421
7d46e39a-ffbb-463e-ad7c-bd0804ac69bd,SP_SmartPlus_quote_member_QM020,SP_SmartPlus_quote_member_QM029,SUB_HKID,O033456(7),O123456(7),1.0,True,HARD_CONFLICT,2026-03-12T11:07:30.390093
9126cd6e-877e-4522-9b7f-012d13c30638,SP_SmartPlus_quote_member_QM020,SP_SmartPlus_quote_member_QM023,SUB_HKID,O033456(7),O063456(7),1.0,True,HARD_CONFLICT,2026-03-12T11:07:30.393162
c884c4ad-f774-4582-b309-76685bc473e5,SP_SmartPlus_quote_member_QM020,SP_Smile_policy_member_PM025,SUB_HKID,O033456(7),O103456(7),1.0,True,HARD_CONFLICT,2026-03-12T11:07:30.395108
4ae0042f-245f-4d3f-9090-b79745302f0e,SP_SmartPlus_quote_member_QM020,SP_Smile_policy_member_PM021,SUB_HKID,O033456(7),O063456(7),1.0,True,HARD_CONFLICT,2026-03-12T11:07:30.397094
eb2013ee-0ee1-405e-a341-6cb9df0a5373,SP_SmartPlus_quote_member_QM020,SP_SmartPlus_quote_member_QM028,SUB_HKID,O033456(7),O113456(7),1.0,True,HARD_CONFLICT,2026-03-12T11:07:30.399432
a6c092e6-5f70-4d76-863f-de65d1fbb2e3,SP_SmartPlus_quote_member_QM024,SP_Smile_policy_member_PM026,SUB_HKID,O073456(7),O113456(7),1.0,True,HARD_CONFLICT,2026-03-12T11:07:30.426275
89347406-e0dc-4f58-a16d-65ee49bf6beb,SP_SmartPlus_quote_member_QM024,SP_Smile_policy_member_PM018,SUB_HKID,O073456(7),O033456(7),1.0,True,HARD_CONFLICT,2026-03-12T11:07:30.428105
461a2c38-0c14-4e48-9f73-516730a0b2de,SP_SmartPlus_quote_member_QM024,SP_Smile_policy_member_PM016,SUB_HKID,O073456(7),O013456(7),1.0,True,HARD_CONFLICT,2026-03-12T11:07:30.429942
bd691808-6f1e-4b83-9c27-69ec386c76fe,SP_SmartPlus_quote_member_QM024,SP_Smile_policy_member_PM024,SUB_HKID,O073456(7),O093456(7),1.0,True,HARD_CONFLICT,2026-03-12T11:07:30.433299
e27baf8a-5bf5-42db-9c51-1d04531505af,SP_SmartPlus_quote_member_QM024,SP_Smile_policy_member_PM023,SUB_HKID,O073456(7),O083456(7),1.0,True,HARD_CONFLICT,2026-03-12T11:07:30.435274
aa5a5298-7352-4b28-ac8a-7fe9274136c5,SP_SmartPlus_quote_member_QM024,SP_Smile_policy_member_PM019,SUB_HKID,O073456(7),O043456(7),1.0,True,HARD_CONFLICT,2026-03-12T11:07:30.438008
bb3795fe-797a-4b43-9951-0aa1bba74983,SP_SmartPlus_quote_member_QM024,SP_SmartPlus_quote_member_QM022,SUB_HKID,O073456(7),O053456(7),1.0,True,HARD_CONFLICT,2026-03-12T11:07:30.440054
05695553-61f9-4bd4-a99d-0da396280088,SP_SmartPlus_quote_member_QM024,SP_Smile_policy_member_PM020,SUB_HKID,O073456(7),O053456(7),1.0,True,HARD_CONFLICT,2026-03-12T11:07:30.442031
7c884d7a-fd9b-4a42-b595-8d787ae0d4a1,SP_SmartPlus_quote_member_QM024,SP_Smile_policy_member_PM027,SUB_HKID,O073456(7),O123456(7),1.0,True,HARD_CONFLICT,2026-03-12T11:07:30.443941
89d9ccfc-95d9-4de9-bcca-1ad33ff25b73,SP_SmartPlus_quote_member_QM024,SP_SmartPlus_quote_member_QM021,SUB_HKID,O073456(7),O043456(7),1.0,True,HARD_CONFLICT,2026-03-12T11:07:30.445685
b11bf27b-95d1-4462-91fa-fdf21ebe2137,SP_SmartPlus_quote_member_QM024,SP_SmartPlus_quote_member_QM029,SUB_HKID,O073456(7),O123456(7),1.0,True,HARD_CONFLICT,2026-03-12T11:07:30.447271
37c8cc38-e390-405e-b41b-140b106295af,SP_SmartPlus_quote_member_QM024,SP_SmartPlus_quote_member_QM023,SUB_HKID,O073456(7),O063456(7),1.0,True,HARD_CONFLICT,2026-03-12T11:07:30.448833
bb3a4c98-5bbc-43a4-bbbb-241d9037cdc0,SP_SmartPlus_quote_member_QM024,SP_Smile_policy_member_PM025,SUB_HKID,O073456(7),O103456(7),1.0,True,HARD_CONFLICT,2026-03-12T11:07:30.450372
00000f2e-3f97-4a7a-95bd-1fb34d91c920,SP_SmartPlus_quote_member_QM024,SP_Smile_policy_member_PM021,SUB_HKID,O073456(7),O063456(7),1.0,True,HARD_CONFLICT,2026-03-12T11:07:30.453109
55bf10e3-3c84-4a7e-96ac-7a17da387695,SP_SmartPlus_quote_member_QM024,SP_SmartPlus_quote_member_QM028,SUB_HKID,O073456(7),O113456(7),1.0,True,HARD_CONFLICT,2026-03-12T11:07:30.454871
01a386d7-f07e-4bc8-80fe-92439866de4c,SP_Smile_policy_member_PM026,SP_Smile_policy_member_PM018,SUB_HKID,O113456(7),O033456(7),1.0,True,HARD_CONFLICT,2026-03-12T11:07:30.456626
aa865122-e304-4e95-8550-0d255f06d057,SP_Smile_policy_member_PM026,SP_Smile_policy_member_PM016,SUB_HKID,O113456(7),O013456(7),1.0,True,HARD_CONFLICT,2026-03-12T11:07:30.458310
67a0e2f2-9e35-410a-964d-c7bdea204589,SP_Smile_policy_member_PM026,SP_Smile_policy_member_PM024,SUB_HKID,O113456(7),O093456(7),1.0,True,HARD_CONFLICT,2026-03-12T11:07:30.461948
1fb16240-eebf-480b-b291-b1cfdc5c6a38,SP_Smile_policy_member_PM026,SP_Smile_policy_member_PM023,SUB_HKID,O113456(7),O083456(7),1.0,True,HARD_CONFLICT,2026-03-12T11:07:30.463777
af051732-a897-41af-92a2-7a577232523f,SP_Smile_policy_member_PM026,SP_Smile_policy_member_PM019,SUB_HKID,O113456(7),O043456(7),1.0,True,HARD_CONFLICT,2026-03-12T11:07:30.465556
a1039b7d-c8cb-46d4-9417-81de8cabe424,SP_Smile_policy_member_PM026,SP_SmartPlus_quote_member_QM022,SUB_HKID,O113456(7),O053456(7),1.0,True,HARD_CONFLICT,2026-03-12T11:07:30.467277
b2ab98c4-034d-4bc4-9a02-b8a8af3ac579,SP_Smile_policy_member_PM026,SP_Smile_policy_member_PM020,SUB_HKID,O113456(7),O053456(7),1.0,True,HARD_CONFLICT,2026-03-12T11:07:30.469186
7e3ccb1d-d629-433c-ac5f-e02ce4b0f013,SP_Smile_policy_member_PM026,SP_Smile_policy_member_PM027,SUB_HKID,O113456(7),O123456(7),1.0,True,HARD_CONFLICT,2026-03-12T11:07:30.473013
cf1b3e64-ff19-4517-baba-6c98de2ee5f7,SP_Smile_policy_member_PM026,SP_SmartPlus_quote_member_QM021,SUB_HKID,O113456(7),O043456(7),1.0,True,HARD_CONFLICT,2026-03-12T11:07:30.474744
ad9c0c2f-de65-4425-9e6c-876a987c58ea,SP_Smile_policy_member_PM026,SP_SmartPlus_quote_member_QM029,SUB_HKID,O113456(7),O123456(7),1.0,True,HARD_CONFLICT,2026-03-12T11:07:30.476877
c1a53750-fa55-4048-9b6b-91b4503da7f3,SP_Smile_policy_member_PM026,SP_SmartPlus_quote_member_QM023,SUB_HKID,O113456(7),O063456(7),1.0,True,HARD_CONFLICT,2026-03-12T11:07:30.478527
e07152bf-cc46-444f-a16a-0316bdc5da85,SP_Smile_policy_member_PM026,SP_Smile_policy_member_PM025,SUB_HKID,O113456(7),O103456(7),1.0,True,HARD_CONFLICT,2026-03-12T11:07:30.480306
6771e887-dd64-4937-95ec-f81f33d61364,SP_Smile_policy_member_PM026,SP_Smile_policy_member_PM021,SUB_HKID,O113456(7),O063456(7),1.0,True,HARD_CONFLICT,2026-03-12T11:07:30.482003
107bafeb-7190-4657-8910-af06aa787ba5,SP_Smile_policy_member_PM018,SP_Smile_policy_member_PM016,SUB_HKID,O033456(7),O013456(7),1.0,True,HARD_CONFLICT,2026-03-12T11:07:30.485527
7d81d479-f2f3-4089-bfba-88dc61010930,SP_Smile_policy_member_PM018,SP_Smile_policy_member_PM024,SUB_HKID,O033456(7),O093456(7),1.0,True,HARD_CONFLICT,2026-03-12T11:07:30.487255
8ac71a9e-7da9-491d-b4bd-92602962eea2,SP_Smile_policy_member_PM018,SP_Smile_policy_member_PM023,SUB_HKID,O033456(7),O083456(7),1.0,True,HARD_CONFLICT,2026-03-12T11:07:30.488982
5049faa7-ccd1-4ef6-9188-b0b242b13779,SP_Smile_policy_member_PM018,SP_Smile_policy_member_PM019,SUB_HKID,O033456(7),O043456(7),1.0,True,HARD_CONFLICT,2026-03-12T11:07:30.491544
6cdfe70b-f4b3-47b7-a3c2-b2e7c919f69b,SP_Smile_policy_member_PM018,SP_SmartPlus_quote_member_QM022,SUB_HKID,O033456(7),O053456(7),1.0,True,HARD_CONFLICT,2026-03-12T11:07:30.494970
dc8d17e0-e3da-4e89-abcf-cafcad0db08a,SP_Smile_policy_member_PM018,SP_Smile_policy_member_PM020,SUB_HKID,O033456(7),O053456(7),1.0,True,HARD_CONFLICT,2026-03-12T11:07:30.498068
909e28c8-ee6f-4abf-aae7-c4ec7d285dc8,SP_Smile_policy_member_PM018,SP_Smile_policy_member_PM027,SUB_HKID,O033456(7),O123456(7),1.0,True,HARD_CONFLICT,2026-03-12T11:07:30.500184
c9da7c8f-6365-4fde-ad85-0a731b60385e,SP_Smile_policy_member_PM018,SP_SmartPlus_quote_member_QM021,SUB_HKID,O033456(7),O043456(7),1.0,True,HARD_CONFLICT,2026-03-12T11:07:30.502046
12497bd9-cb61-4e45-b524-fca9e370b871,SP_Smile_policy_member_PM018,SP_SmartPlus_quote_member_QM029,SUB_HKID,O033456(7),O123456(7),1.0,True,HARD_CONFLICT,2026-03-12T11:07:30.503997
63a9da8a-a691-4550-884f-8f7e26fd325b,SP_Smile_policy_member_PM018,SP_SmartPlus_quote_member_QM023,SUB_HKID,O033456(7),O063456(7),1.0,True,HARD_CONFLICT,2026-03-12T11:07:30.506165
e03006be-1c70-473a-9076-425845c95b54,SP_Smile_policy_member_PM018,SP_Smile_policy_member_PM025,SUB_HKID,O033456(7),O103456(7),1.0,True,HARD_CONFLICT,2026-03-12T11:07:30.507952
a0a18cb2-d32d-4144-a3f6-829409f919db,SP_Smile_policy_member_PM018,SP_Smile_policy_member_PM021,SUB_HKID,O033456(7),O063456(7),1.0,True,HARD_CONFLICT,2026-03-12T11:07:30.510026
d11907f6-f559-4037-a27a-dd05dff8662f,SP_Smile_policy_member_PM018,SP_SmartPlus_quote_member_QM028,SUB_HKID,O033456(7),O113456(7),1.0,True,HARD_CONFLICT,2026-03-12T11:07:30.513609
026b6193-852d-46b0-8ee4-d01a98229380,SP_Smile_policy_member_PM016,SP_Smile_policy_member_PM024,SUB_HKID,O013456(7),O093456(7),1.0,True,HARD_CONFLICT,2026-03-12T11:07:30.515241
d0e2255b-ab3d-4e89-83b7-13f7fa34e410,SP_Smile_policy_member_PM016,SP_Smile_policy_member_PM023,SUB_HKID,O013456(7),O083456(7),1.0,True,HARD_CONFLICT,2026-03-12T11:07:30.517066
68c42369-18bb-47e2-b9bd-5879a57c7c31,SP_Smile_policy_member_PM016,SP_Smile_policy_member_PM019,SUB_HKID,O013456(7),O043456(7),1.0,True,HARD_CONFLICT,2026-03-12T11:07:30.518702
96ff2c0b-a184-40bd-8fc6-1e3bea7c30a6,SP_Smile_policy_member_PM016,SP_SmartPlus_quote_member_QM022,SUB_HKID,O013456(7),O053456(7),1.0,True,HARD_CONFLICT,2026-03-12T11:07:30.520284
67e11cfa-9d86-46b8-bcfb-06fcd7b043be,SP_Smile_policy_member_PM016,SP_Smile_policy_member_PM020,SUB_HKID,O013456(7),O053456(7),1.0,True,HARD_CONFLICT,2026-03-12T11:07:30.523165
828b1db1-d0b9-4b4a-a5ec-26f6432b6cce,SP_Smile_policy_member_PM016,SP_Smile_policy_member_PM027,SUB_HKID,O013456(7),O123456(7),1.0,True,HARD_CONFLICT,2026-03-12T11:07:30.525187
c17c99e1-6b87-463f-8f75-ced2b6203b4e,SP_Smile_policy_member_PM016,SP_SmartPlus_quote_member_QM021,SUB_HKID,O013456(7),O043456(7),1.0,True,HARD_CONFLICT,2026-03-12T11:07:30.527008
630cb8ef-72d3-45d1-9b02-dc82bf66aba7,SP_Smile_policy_member_PM016,SP_SmartPlus_quote_member_QM029,SUB_HKID,O013456(7),O123456(7),1.0,True,HARD_CONFLICT,2026-03-12T11:07:30.529057
95b289fd-34c8-4576-a6d9-3cae7ca3ef8d,SP_Smile_policy_member_PM016,SP_SmartPlus_quote_member_QM023,SUB_HKID,O013456(7),O063456(7),1.0,True,HARD_CONFLICT,2026-03-12T11:07:30.532601
45c0fcd8-da0c-4d89-9c31-61fdd469b548,SP_Smile_policy_member_PM016,SP_Smile_policy_member_PM025,SUB_HKID,O013456(7),O103456(7),1.0,True,HARD_CONFLICT,2026-03-12T11:07:30.534565
c6d009db-6a66-4d58-b44d-5d6b056c0987,SP_Smile_policy_member_PM016,SP_Smile_policy_member_PM021,SUB_HKID,O013456(7),O063456(7),1.0,True,HARD_CONFLICT,2026-03-12T11:07:30.536966
dc0df04b-3af1-4363-9b03-38aad8498cb0,SP_Smile_policy_member_PM016,SP_SmartPlus_quote_member_QM028,SUB_HKID,O013456(7),O113456(7),1.0,True,HARD_CONFLICT,2026-03-12T11:07:30.538993
6c8e9c97-45ee-4c19-b100-ebe35d2ff2ac,SP_Smile_policy_member_PM024,SP_Smile_policy_member_PM023,SUB_HKID,O093456(7),O083456(7),1.0,True,HARD_CONFLICT,2026-03-12T11:07:30.540985
73ca3578-9530-4f11-aa00-96607ce90d2e,SP_Smile_policy_member_PM024,SP_Smile_policy_member_PM019,SUB_HKID,O093456(7),O043456(7),1.0,True,HARD_CONFLICT,2026-03-12T11:07:30.542851
e112cd0b-4a70-411c-b21d-68df1e2ad051,SP_Smile_policy_member_PM024,SP_SmartPlus_quote_member_QM022,SUB_HKID,O093456(7),O053456(7),1.0,True,HARD_CONFLICT,2026-03-12T11:07:30.544885
d2158ca0-5379-48e4-854b-29fc5d557a77,SP_Smile_policy_member_PM024,SP_Smile_policy_member_PM020,SUB_HKID,O093456(7),O053456(7),1.0,True,HARD_CONFLICT,2026-03-12T11:07:30.546661
b546cdf4-66e9-4c4c-9a96-6f9a6b357e40,SP_Smile_policy_member_PM024,SP_Smile_policy_member_PM027,SUB_HKID,O093456(7),O123456(7),1.0,True,HARD_CONFLICT,2026-03-12T11:07:30.548551
bbc77958-b4c2-432e-9756-84275578a23c,SP_Smile_policy_member_PM024,SP_SmartPlus_quote_member_QM021,SUB_HKID,O093456(7),O043456(7),1.0,True,HARD_CONFLICT,2026-03-12T11:07:30.550828
63aaabf0-2dca-4aa9-8ff9-520b22b354c9,SP_Smile_policy_member_PM024,SP_SmartPlus_quote_member_QM029,SUB_HKID,O093456(7),O123456(7),1.0,True,HARD_CONFLICT,2026-03-12T11:07:30.553358
7a32b594-3c49-4604-a4de-f3be438c673f,SP_Smile_policy_member_PM024,SP_SmartPlus_quote_member_QM023,SUB_HKID,O093456(7),O063456(7),1.0,True,HARD_CONFLICT,2026-03-12T11:07:30.555006
a487c2e2-7338-4091-802a-f3b47c93f948,SP_Smile_policy_member_PM024,SP_Smile_policy_member_PM025,SUB_HKID,O093456(7),O103456(7),1.0,True,HARD_CONFLICT,2026-03-12T11:07:30.556850
812aa0b9-7dd4-4bd0-a833-0b857ec9aaab,SP_Smile_policy_member_PM024,SP_Smile_policy_member_PM021,SUB_HKID,O093456(7),O063456(7),1.0,True,HARD_CONFLICT,2026-03-12T11:07:30.558575
aa2caece-2592-4adb-b4f6-8e37d8792c41,SP_Smile_policy_member_PM024,SP_SmartPlus_quote_member_QM028,SUB_HKID,O093456(7),O113456(7),1.0,True,HARD_CONFLICT,2026-03-12T11:07:30.560225
8c72cc8c-792c-4dc8-923b-85096d0473b1,SP_Smile_policy_member_PM023,SP_Smile_policy_member_PM019,SUB_HKID,O083456(7),O043456(7),1.0,True,HARD_CONFLICT,2026-03-12T11:07:30.561818
755a8c50-b211-45e4-a937-3a5839f8d245,SP_Smile_policy_member_PM023,SP_SmartPlus_quote_member_QM022,SUB_HKID,O083456(7),O053456(7),1.0,True,HARD_CONFLICT,2026-03-12T11:07:30.563413
2512bdab-2510-4506-9a79-540dee103dd3,SP_Smile_policy_member_PM023,SP_Smile_policy_member_PM020,SUB_HKID,O083456(7),O053456(7),1.0,True,HARD_CONFLICT,2026-03-12T11:07:30.567276
e146f661-0563-4156-8911-5ae872b6f132,SP_Smile_policy_member_PM023,SP_Smile_policy_member_PM027,SUB_HKID,O083456(7),O123456(7),1.0,True,HARD_CONFLICT,2026-03-12T11:07:30.569279
098ae1b9-c213-4bc6-aff1-ca151e6292bf,SP_Smile_policy_member_PM023,SP_SmartPlus_quote_member_QM021,SUB_HKID,O083456(7),O043456(7),1.0,True,HARD_CONFLICT,2026-03-12T11:07:30.572574
45039425-6c0d-42bb-9137-a34091f2c033,SP_Smile_policy_member_PM023,SP_SmartPlus_quote_member_QM029,SUB_HKID,O083456(7),O123456(7),1.0,True,HARD_CONFLICT,2026-03-12T11:07:30.574579
f50e5930-b873-46db-8ec2-dcb1193933eb,SP_Smile_policy_member_PM023,SP_SmartPlus_quote_member_QM023,SUB_HKID,O083456(7),O063456(7),1.0,True,HARD_CONFLICT,2026-03-12T11:07:30.576340
691d09f7-5a8d-4886-91a5-c7ddf7c7db37,SP_Smile_policy_member_PM023,SP_Smile_policy_member_PM025,SUB_HKID,O083456(7),O103456(7),1.0,True,HARD_CONFLICT,2026-03-12T11:07:30.577988
5651fe98-1ef7-4110-93df-6cc404845090,SP_Smile_policy_member_PM023,SP_Smile_policy_member_PM021,SUB_HKID,O083456(7),O063456(7),1.0,True,HARD_CONFLICT,2026-03-12T11:07:30.579639
f38733d4-6103-42a4-8e08-70be6addc81d,SP_Smile_policy_member_PM023,SP_SmartPlus_quote_member_QM028,SUB_HKID,O083456(7),O113456(7),1.0,True,HARD_CONFLICT,2026-03-12T11:07:30.581231
b168efe3-0442-4526-b699-9aa6e16d5b3a,SP_Smile_policy_member_PM019,SP_SmartPlus_quote_member_QM022,SUB_HKID,O043456(7),O053456(7),1.0,True,HARD_CONFLICT,2026-03-12T11:07:30.582804
06d56101-6f47-4f87-8876-5246590693b3,SP_Smile_policy_member_PM019,SP_Smile_policy_member_PM020,SUB_HKID,O043456(7),O053456(7),1.0,True,HARD_CONFLICT,2026-03-12T11:07:30.584545
dad2c00d-8716-4429-b438-b10f79defe86,SP_Smile_policy_member_PM019,SP_Smile_policy_member_PM027,SUB_HKID,O043456(7),O123456(7),1.0,True,HARD_CONFLICT,2026-03-12T11:07:30.586105
fea102b3-4599-4ab0-a675-a16c62a9b62d,SP_Smile_policy_member_PM019,SP_SmartPlus_quote_member_QM029,SUB_HKID,O043456(7),O123456(7),1.0,True,HARD_CONFLICT,2026-03-12T11:07:30.589352
2a666453-3fc9-4851-b72e-6a7da5d920a7,SP_Smile_policy_member_PM019,SP_SmartPlus_quote_member_QM023,SUB_HKID,O043456(7),O063456(7),1.0,True,HARD_CONFLICT,2026-03-12T11:07:30.593599
63e491c1-bfb8-4af6-91f7-44d20b819e55,SP_Smile_policy_member_PM019,SP_Smile_policy_member_PM025,SUB_HKID,O043456(7),O103456(7),1.0,True,HARD_CONFLICT,2026-03-12T11:07:30.595346
03b07da3-b0fd-4c0b-8570-521d3cb36035,SP_Smile_policy_member_PM019,SP_Smile_policy_member_PM021,SUB_HKID,O043456(7),O063456(7),1.0,True,HARD_CONFLICT,2026-03-12T11:07:30.597338
fbc1010f-ea5d-44f3-a7b6-3bab6e03b242,SP_Smile_policy_member_PM019,SP_SmartPlus_quote_member_QM028,SUB_HKID,O043456(7),O113456(7),1.0,True,HARD_CONFLICT,2026-03-12T11:07:30.598985
dc0b968d-661f-43d7-8eda-d5f243f9b3fb,SP_SmartPlus_quote_member_QM022,SP_Smile_policy_member_PM027,SUB_HKID,O053456(7),O123456(7),1.0,True,HARD_CONFLICT,2026-03-12T11:07:30.602163
4114288e-d949-47f7-9d6b-ba833822a5c2,SP_SmartPlus_quote_member_QM022,SP_SmartPlus_quote_member_QM021,SUB_HKID,O053456(7),O043456(7),1.0,True,HARD_CONFLICT,2026-03-12T11:07:30.603703
f9fe6c6b-5822-4776-8a64-b9569a537c25,SP_SmartPlus_quote_member_QM022,SP_SmartPlus_quote_member_QM029,SUB_HKID,O053456(7),O123456(7),1.0,True,HARD_CONFLICT,2026-03-12T11:07:30.605208
62ffe70d-62b5-40f1-b9c7-ffdb2ba42497,SP_SmartPlus_quote_member_QM022,SP_SmartPlus_quote_member_QM023,SUB_HKID,O053456(7),O063456(7),1.0,True,HARD_CONFLICT,2026-03-12T11:07:30.606715
11d32ea6-d314-4d3b-aef8-cea0015b2af9,SP_SmartPlus_quote_member_QM022,SP_Smile_policy_member_PM025,SUB_HKID,O053456(7),O103456(7),1.0,True,HARD_CONFLICT,2026-03-12T11:07:30.608224
fc296e63-9179-44a1-8a54-2f6998e5878a,SP_SmartPlus_quote_member_QM022,SP_Smile_policy_member_PM021,SUB_HKID,O053456(7),O063456(7),1.0,True,HARD_CONFLICT,2026-03-12T11:07:30.609721
cfbcc52b-9200-4bb6-a862-fe9a50706701,SP_SmartPlus_quote_member_QM022,SP_SmartPlus_quote_member_QM028,SUB_HKID,O053456(7),O113456(7),1.0,True,HARD_CONFLICT,2026-03-12T11:07:30.611555
1172d731-901e-4dfb-bd2c-f7d0c47eed5e,SP_Smile_policy_member_PM020,SP_Smile_policy_member_PM027,SUB_HKID,O053456(7),O123456(7),1.0,True,HARD_CONFLICT,2026-03-12T11:07:30.613351
adfe97d8-6be7-481b-ad29-e57af7741b8c,SP_Smile_policy_member_PM020,SP_SmartPlus_quote_member_QM021,SUB_HKID,O053456(7),O043456(7),1.0,True,HARD_CONFLICT,2026-03-12T11:07:30.615032
11f3e0e4-05ae-40d2-9888-a624edda3af1,SP_Smile_policy_member_PM020,SP_SmartPlus_quote_member_QM029,SUB_HKID,O053456(7),O123456(7),1.0,True,HARD_CONFLICT,2026-03-12T11:07:30.616707
082f39b5-fd00-4350-ae94-e21fe943bc49,SP_Smile_policy_member_PM020,SP_SmartPlus_quote_member_QM023,SUB_HKID,O053456(7),O063456(7),1.0,True,HARD_CONFLICT,2026-03-12T11:07:30.618379
bfafe253-31aa-4b58-bf61-eb6159d9d747,SP_Smile_policy_member_PM020,SP_Smile_policy_member_PM025,SUB_HKID,O053456(7),O103456(7),1.0,True,HARD_CONFLICT,2026-03-12T11:07:30.619930
26ca3f95-2387-45bd-b474-75e153a6e689,SP_Smile_policy_member_PM020,SP_Smile_policy_member_PM021,SUB_HKID,O053456(7),O063456(7),1.0,True,HARD_CONFLICT,2026-03-12T11:07:30.621355
7a87a775-81f8-4e42-b712-3fc0c2438c18,SP_Smile_policy_member_PM020,SP_SmartPlus_quote_member_QM028,SUB_HKID,O053456(7),O113456(7),1.0,True,HARD_CONFLICT,2026-03-12T11:07:30.622774
f7fb7721-e751-42f2-a1e5-f3f3af461b24,SP_Smile_policy_member_PM027,SP_SmartPlus_quote_member_QM021,SUB_HKID,O123456(7),O043456(7),1.0,True,HARD_CONFLICT,2026-03-12T11:07:30.624177
db543129-2f4a-4649-aaa0-6ab7f4ea6aac,SP_Smile_policy_member_PM027,SP_SmartPlus_quote_member_QM023,SUB_HKID,O123456(7),O063456(7),1.0,True,HARD_CONFLICT,2026-03-12T11:07:30.627030
ef45d474-316c-4f89-8e6f-ffdbde39ab9c,SP_Smile_policy_member_PM027,SP_Smile_policy_member_PM025,SUB_HKID,O123456(7),O103456(7),1.0,True,HARD_CONFLICT,2026-03-12T11:07:30.628424
da2a70a4-691b-4948-947c-023f7ebaf120,SP_Smile_policy_member_PM027,SP_Smile_policy_member_PM021,SUB_HKID,O123456(7),O063456(7),1.0,True,HARD_CONFLICT,2026-03-12T11:07:30.629846
c46a4ca0-b72d-4062-82b7-f2f58cc892bf,SP_Smile_policy_member_PM027,SP_SmartPlus_quote_member_QM028,SUB_HKID,O123456(7),O113456(7),1.0,True,HARD_CONFLICT,2026-03-12T11:07:30.631453
04a72ebf-94d0-451f-8e2e-0cd075842b25,SP_SmartPlus_quote_member_QM021,SP_SmartPlus_quote_member_QM029,SUB_HKID,O043456(7),O123456(7),1.0,True,HARD_CONFLICT,2026-03-12T11:07:30.633254
9fdc18bd-40b8-4946-983f-6d0ef648823f,SP_SmartPlus_quote_member_QM021,SP_SmartPlus_quote_member_QM023,SUB_HKID,O043456(7),O063456(7),1.0,True,HARD_CONFLICT,2026-03-12T11:07:30.634753
44d58255-0e18-4278-9286-353bb269b696,SP_SmartPlus_quote_member_QM021,SP_Smile_policy_member_PM025,SUB_HKID,O043456(7),O103456(7),1.0,True,HARD_CONFLICT,2026-03-12T11:07:30.636242
bedc705f-d18e-4f9e-8fce-e6d5eadba409,SP_SmartPlus_quote_member_QM021,SP_Smile_policy_member_PM021,SUB_HKID,O043456(7),O063456(7),1.0,True,HARD_CONFLICT,2026-03-12T11:07:30.637671
3323642d-aeea-4f89-bc47-d556847cd283,SP_SmartPlus_quote_member_QM021,SP_SmartPlus_quote_member_QM028,SUB_HKID,O043456(7),O113456(7),1.0,True,HARD_CONFLICT,2026-03-12T11:07:30.639074
c4f43fb6-6302-40aa-aea3-48694b701398,SP_SmartPlus_quote_member_QM029,SP_SmartPlus_quote_member_QM023,SUB_HKID,O123456(7),O063456(7),1.0,True,HARD_CONFLICT,2026-03-12T11:07:30.640497
6656fb50-2185-4dd0-ab66-c3d8e842cc01,SP_SmartPlus_quote_member_QM029,SP_Smile_policy_member_PM025,SUB_HKID,O123456(7),O103456(7),1.0,True,HARD_CONFLICT,2026-03-12T11:07:30.641907
3bfe727f-e054-4304-b0ae-3a6b39b76a6d,SP_SmartPlus_quote_member_QM029,SP_Smile_policy_member_PM021,SUB_HKID,O123456(7),O063456(7),1.0,True,HARD_CONFLICT,2026-03-12T11:07:30.643317
b1bdc8d6-ccb1-4de8-b862-e9b9658cc938,SP_SmartPlus_quote_member_QM029,SP_SmartPlus_quote_member_QM028,SUB_HKID,O123456(7),O113456(7),1.0,True,HARD_CONFLICT,2026-03-12T11:07:30.644786
a07e3923-c368-4fac-8490-526c2c8a50ef,SP_SmartPlus_quote_member_QM023,SP_Smile_policy_member_PM025,SUB_HKID,O063456(7),O103456(7),1.0,True,HARD_CONFLICT,2026-03-12T11:07:30.646200
f12b9dcf-76d9-4e65-9d2a-c0135f59e6c6,SP_SmartPlus_quote_member_QM023,SP_SmartPlus_quote_member_QM028,SUB_HKID,O063456(7),O113456(7),1.0,True,HARD_CONFLICT,2026-03-12T11:07:30.649096
7062f942-56a5-456d-a2d4-57e0656e9922,SP_Smile_policy_member_PM025,SP_Smile_policy_member_PM021,SUB_HKID,O103456(7),O063456(7),1.0,True,HARD_CONFLICT,2026-03-12T11:07:30.650491
034c546a-4541-474d-acf9-9888bfd5333e,SP_Smile_policy_member_PM025,SP_SmartPlus_quote_member_QM028,SUB_HKID,O103456(7),O113456(7),1.0,True,HARD_CONFLICT,2026-03-12T11:07:30.652453
0b759594-0436-43d5-9b36-f56e6229ecad,SP_Smile_policy_member_PM021,SP_SmartPlus_quote_member_QM028,SUB_HKID,O063456(7),O113456(7),1.0,True,HARD_CONFLICT,2026-03-12T11:07:30.653999
641caaa6-4734-4868-9e2a-f2605210a63d,SP_SmartPlus_quote_member_QM001,SP_SmartPlus_contact_person_CP002,SUB_HKID,A123456(7),Y234567(8),1.0,True,HARD_CONFLICT,2026-03-12T11:07:30.656929
2fabb372-900f-49e0-946f-f73dc0cf3d1a,SP_SmartPlus_quote_member_QM001,SP_SmartPlus_lead_L004,ATTR_PHONE,+85291234567,+85296666666,0.3,False,SOFT_CONFLICT,2026-03-12T11:07:30.660955
176f2701-f082-404b-88b6-859055445fa6,SP_SmartPlus_quote_member_QM001,SP_SmartPlus_lead_L004,ATTR_FIRST_NAME,JOHN,BROKER,0.2,False,SOFT_CONFLICT,2026-03-12T11:07:30.660967
fb6d1a93-e993-4f29-a950-338fe543bfc0,SP_SmartPlus_quote_member_QM001,SP_SmartPlus_lead_L004,ATTR_LAST_NAME,SMITH,AGENCY,0.2,False,SOFT_CONFLICT,2026-03-12T11:07:30.660979
06d8886e-39e7-43e2-b3fb-c0101497d52b,SP_SmartPlus_quote_member_QM001,SP_SmartPlus_lead_L004,ATTR_EMAIL,john.smith@email.com,broker@agency.com,0.5,False,SOFT_CONFLICT,2026-03-12T11:07:30.660989
d15694b2-bc0b-440f-a1dc-e963984deb70,SP_SmartPlus_quote_member_QM001,SP_SmartPlus_contact_person_CP001,SUB_HKID,A123456(7),X123456(7),1.0,True,HARD_CONFLICT,2026-03-12T11:07:30.665025
d77ae759-76a1-4af4-acc9-ffe039056ad2,SP_SmartPlus_quote_member_QM001,SP_SmartPlus_quote_member_QM041,SUB_HKID,A123456(7),AA123456(7),1.0,True,HARD_CONFLICT,2026-03-12T11:07:30.666430
46b3a779-44cf-45ec-ad9e-5caedc05f6dd,SP_SmartPlus_contact_person_CP002,SP_SmartPlus_lead_L001,SUB_HKID,Y234567(8),A123456(7),1.0,True,HARD_CONFLICT,2026-03-12T11:07:30.670413
af59f233-7397-46e1-9855-34171fa40eed,SP_SmartPlus_contact_person_CP002,SP_SmartPlus_lead_L004,ATTR_PHONE,+85292223333,+85296666666,0.3,False,SOFT_CONFLICT,2026-03-12T11:07:30.673395
7f34dc40-4617-4706-99b3-59decc721cc8,SP_SmartPlus_contact_person_CP002,SP_SmartPlus_lead_L004,ATTR_FIRST_NAME,MICHAEL,BROKER,0.2,False,SOFT_CONFLICT,2026-03-12T11:07:30.673418
17327f3b-450a-4e27-89d2-cff8aa91307c,SP_SmartPlus_contact_person_CP002,SP_SmartPlus_lead_L004,ATTR_LAST_NAME,WONG,AGENCY,0.2,False,SOFT_CONFLICT,2026-03-12T11:07:30.673429
ae0036eb-9b46-4e08-9b7b-477c95f49025,SP_SmartPlus_contact_person_CP002,SP_SmartPlus_lead_L004,ATTR_EMAIL,michael.wong@finserv.com,broker@agency.com,0.5,False,SOFT_CONFLICT,2026-03-12T11:07:30.673453
3db31305-379f-4c74-bbeb-ff02be63567d,SP_SmartPlus_contact_person_CP002,SP_SmartPlus_application_A001_applicant,SUB_HKID,Y234567(8),A123456(7),1.0,True,HARD_CONFLICT,2026-03-12T11:07:30.674795
3e1b344f-0a68-432b-94ba-2e6cb3e6c277,SP_SmartPlus_contact_person_CP002,SP_SmartPlus_contact_person_CP001,SUB_HKID,Y234567(8),X123456(7),1.0,True,HARD_CONFLICT,2026-03-12T11:07:30.677309
a2d22092-7a3e-489b-a79f-e1a0f97fd240,SP_SmartPlus_contact_person_CP002,SP_SmartPlus_quote_member_QM041,SUB_HKID,Y234567(8),AA123456(7),1.0,True,HARD_CONFLICT,2026-03-12T11:07:30.678695
3187910d-2edf-492b-92b7-769762b9c8e5,SP_SmartPlus_contact_person_CP002,SP_Smile_policy_member_PM001,SUB_HKID,Y234567(8),A123456(7),1.0,True,HARD_CONFLICT,2026-03-12T11:07:30.681207
91dac206-23f6-454a-a154-f8240dc31811,SP_SmartPlus_lead_L001,SP_SmartPlus_lead_L004,ATTR_PHONE,+85291234567,+85296666666,0.3,False,SOFT_CONFLICT,2026-03-12T11:07:30.683653
7a41cce2-17e5-42c3-b168-ab5b77e28960,SP_SmartPlus_lead_L001,SP_SmartPlus_lead_L004,ATTR_FIRST_NAME,JOHN,BROKER,0.2,False,SOFT_CONFLICT,2026-03-12T11:07:30.683666
53a99a8f-7e58-4b87-be5b-bf8d5f37185d,SP_SmartPlus_lead_L001,SP_SmartPlus_lead_L004,ATTR_ADDRESS,"FLAT 5A, 123 QUEEN'S ROAD, CENTRAL, HK","OFFICE TOWER, HK",0.2,False,SOFT_CONFLICT,2026-03-12T11:07:30.683676
7823b961-3e5f-4ccb-812a-99e54cc98158,SP_SmartPlus_lead_L001,SP_SmartPlus_lead_L004,ATTR_LAST_NAME,SMITH,AGENCY,0.2,False,SOFT_CONFLICT,2026-03-12T11:07:30.683689
9a86e584-ffd8-445c-be52-24a1573bded5,SP_SmartPlus_lead_L001,SP_SmartPlus_lead_L004,ATTR_EMAIL,john.smith@email.com,broker@agency.com,0.5,False,SOFT_CONFLICT,2026-03-12T11:07:30.683699
606e12fe-53bd-4bc0-bc5a-d100d906ea88,SP_SmartPlus_lead_L001,SP_SmartPlus_contact_person_CP001,SUB_HKID,A123456(7),X123456(7),1.0,True,HARD_CONFLICT,2026-03-12T11:07:30.687579
9b330301-1dde-4e35-bed4-5d20085a25c3,SP_SmartPlus_lead_L001,SP_SmartPlus_quote_member_QM041,SUB_HKID,A123456(7),AA123456(7),1.0,True,HARD_CONFLICT,2026-03-12T11:07:30.688963
b0efbf19-08ed-4b5c-b5d4-09aaab86b159,SP_SmartPlus_lead_L004,SP_SmartPlus_application_A001_applicant,ATTR_PHONE,+85296666666,+85291234567,0.3,False,SOFT_CONFLICT,2026-03-12T11:07:30.701206
e28543dd-59db-47ac-ae4e-246a554254fd,SP_SmartPlus_lead_L004,SP_SmartPlus_application_A001_applicant,ATTR_FIRST_NAME,BROKER,JOHN,0.2,False,SOFT_CONFLICT,2026-03-12T11:07:30.701225
26540e16-b94f-43bb-bd3a-56a50645c07d,SP_SmartPlus_lead_L004,SP_SmartPlus_application_A001_applicant,ATTR_LAST_NAME,AGENCY,SMITH,0.2,False,SOFT_CONFLICT,2026-03-12T11:07:30.701246
22f76603-6a96-4263-8240-176036fb0dfc,SP_SmartPlus_lead_L004,SP_SmartPlus_application_A001_applicant,ATTR_EMAIL,broker@agency.com,john.smith@email.com,0.5,False,SOFT_CONFLICT,2026-03-12T11:07:30.701256
41cbbeab-fc65-42ae-8b3d-69cd8de8f508,SP_SmartPlus_lead_L004,SP_SmartPlus_contact_person_CP001,ATTR_PHONE,+85296666666,+85291112222,0.3,False,SOFT_CONFLICT,2026-03-12T11:07:30.703628
a2269043-d0a7-438a-a015-0f7b2ceeb761,SP_SmartPlus_lead_L004,SP_SmartPlus_contact_person_CP001,ATTR_FIRST_NAME,BROKER,EMILY,0.2,False,SOFT_CONFLICT,2026-03-12T11:07:30.703640
4a9ca90a-ea45-46a4-88de-44565a053544,SP_SmartPlus_lead_L004,SP_SmartPlus_contact_person_CP001,ATTR_LAST_NAME,AGENCY,CHEN,0.2,False,SOFT_CONFLICT,2026-03-12T11:07:30.703650
f8a5afbe-f0ee-47ed-86c5-d719c70a7ff7,SP_SmartPlus_lead_L004,SP_SmartPlus_contact_person_CP001,ATTR_EMAIL,broker@agency.com,emily.chen@techcorp.com,0.5,False,SOFT_CONFLICT,2026-03-12T11:07:30.703660
24451624-1891-4a02-b33f-68885f17c72c,SP_SmartPlus_lead_L004,SP_SmartPlus_quote_member_QM041,ATTR_PHONE,+85296666666,+85297777777,0.3,False,SOFT_CONFLICT,2026-03-12T11:07:30.704981
25e88edf-c07e-4410-a09a-d7f95a8fcc89,SP_SmartPlus_lead_L004,SP_SmartPlus_quote_member_QM041,ATTR_FIRST_NAME,BROKER,DANIEL,0.2,False,SOFT_CONFLICT,2026-03-12T11:07:30.704993
15354fdb-63f3-409e-b2e4-ec9b85653dd5,SP_SmartPlus_lead_L004,SP_SmartPlus_quote_member_QM041,ATTR_LAST_NAME,AGENCY,BROWN,0.2,False,SOFT_CONFLICT,2026-03-12T11:07:30.705003
de9a9234-3602-449a-8d1a-845eab4826e5,SP_SmartPlus_lead_L004,SP_SmartPlus_quote_member_QM041,ATTR_EMAIL,broker@agency.com,daniel.brown@email.com,0.5,False,SOFT_CONFLICT,2026-03-12T11:07:30.705013
6056a180-71ba-4d69-88f2-73022227b078,SP_SmartPlus_lead_L004,SP_Smile_policy_member_PM001,ATTR_PHONE,+85296666666,+85291234567,0.3,False,SOFT_CONFLICT,2026-03-12T11:07:30.707430
f77b789f-5399-4dce-b899-0abbf19a3cf0,SP_SmartPlus_lead_L004,SP_Smile_policy_member_PM001,ATTR_FIRST_NAME,BROKER,JOHN,0.2,False,SOFT_CONFLICT,2026-03-12T11:07:30.707442
dc970b66-8580-4c69-bd7a-439e0c415cad,SP_SmartPlus_lead_L004,SP_Smile_policy_member_PM001,ATTR_LAST_NAME,AGENCY,SMITH,0.2,False,SOFT_CONFLICT,2026-03-12T11:07:30.707452
15fda3d1-c1f3-4534-85f7-8635714da149,SP_SmartPlus_lead_L004,SP_Smile_policy_member_PM001,ATTR_EMAIL,broker@agency.com,john.smith@email.com,0.5,False,SOFT_CONFLICT,2026-03-12T11:07:30.707467
54aa5777-1311-40f3-b267-c86c5627a8e6,SP_SmartPlus_application_A001_applicant,SP_SmartPlus_contact_person_CP001,SUB_HKID,A123456(7),X123456(7),1.0,True,HARD_CONFLICT,2026-03-12T11:07:30.709860
85548a06-11e2-4376-b341-e811ef786860,SP_SmartPlus_application_A001_applicant,SP_SmartPlus_quote_member_QM041,SUB_HKID,A123456(7),AA123456(7),1.0,True,HARD_CONFLICT,2026-03-12T11:07:30.711525
f979cd3b-f0e9-49a7-8b6e-44259d2abde2,SP_SmartPlus_contact_person_CP001,SP_SmartPlus_quote_member_QM041,SUB_HKID,X123456(7),AA123456(7),1.0,True,HARD_CONFLICT,2026-03-12T11:07:30.720225
ee2abd14-30a6-4663-ab26-8aa05b123042,SP_SmartPlus_contact_person_CP001,SP_Smile_policy_member_PM001,SUB_HKID,X123456(7),A123456(7),1.0,True,HARD_CONFLICT,2026-03-12T11:07:30.722720
a0973797-a919-46bd-a9c4-d98465752207,SP_SmartPlus_quote_member_QM041,SP_Smile_policy_member_PM001,SUB_HKID,AA123456(7),A123456(7),1.0,True,HARD_CONFLICT,2026-03-12T11:07:30.725310
fe49aeb2-6155-4a90-b44a-159e54b1289e,SP_SmartPlus_quote_member_QM014,SP_SmartPlus_contact_person_CP004,SUB_HKID,L123456(7),A456789(0),1.0,True,HARD_CONFLICT,2026-03-12T11:07:30.756951
43dbc3fe-c435-42ff-96db-ada63a288df9,SP_SmartPlus_quote_member_QM014,SP_SmartPlus_contact_person_CP005,SUB_HKID,L123456(7),B567890(1),1.0,True,HARD_CONFLICT,2026-03-12T11:07:30.758312
9083d287-2c91-4589-897c-61bbb74347e2,SP_SmartPlus_quote_member_QM014,SP_SmartPlus_application_A005_applicant,SUB_HKID,L123456(7),E123456(7),1.0,True,HARD_CONFLICT,2026-03-12T11:07:30.759639
f402ad20-6e45-4be6-9aef-1390a1ba3422,SP_Smile_policy_member_PM012,SP_SmartPlus_contact_person_CP004,SUB_HKID,L123456(7),A456789(0),1.0,True,HARD_CONFLICT,2026-03-12T11:07:30.778837
9b8d61d7-a815-454b-8d53-01b73cb21477,SP_Smile_policy_member_PM012,SP_SmartPlus_contact_person_CP005,SUB_HKID,L123456(7),B567890(1),1.0,True,HARD_CONFLICT,2026-03-12T11:07:30.780218
6054f12c-358c-4eb5-8d1f-f262920ebfad,SP_Smile_policy_member_PM012,SP_SmartPlus_application_A005_applicant,SUB_HKID,L123456(7),E123456(7),1.0,True,HARD_CONFLICT,2026-03-12T11:07:30.781565
8dd82f05-205e-4fe6-93f5-7c9ee9954c08,SP_SmartPlus_contact_person_CP004,SP_SmartPlus_contact_person_CP005,SUB_HKID,A456789(0),B567890(1),1.0,True,HARD_CONFLICT,2026-03-12T11:07:30.788862
4d20ce3b-e885-49fc-a898-e9d96f7c01d5,SP_SmartPlus_contact_person_CP004,SP_SmartPlus_application_A005_applicant,SUB_HKID,A456789(0),E123456(7),1.0,True,HARD_CONFLICT,2026-03-12T11:07:30.790145
ce21c569-1238-418d-b3d1-252323b9e6f2,SP_SmartPlus_contact_person_CP004,SP_SmartPlus_lead_L003,SUB_HKID,A456789(0),L123456(7),1.0,True,HARD_CONFLICT,2026-03-12T11:07:30.791815
341a6b7c-d902-4374-a08e-402533d58289,SP_SmartPlus_contact_person_CP005,SP_SmartPlus_application_A005_applicant,SUB_HKID,B567890(1),E123456(7),1.0,True,HARD_CONFLICT,2026-03-12T11:07:30.793248
82688a63-1dcc-49b5-9d41-132570441d76,SP_SmartPlus_contact_person_CP005,SP_SmartPlus_lead_L003,SUB_HKID,B567890(1),L123456(7),1.0,True,HARD_CONFLICT,2026-03-12T11:07:30.794640
7fca4805-0f31-4d32-ae07-f170cafde633,SP_SmartPlus_application_A005_applicant,SP_SmartPlus_lead_L003,SUB_HKID,E123456(7),L123456(7),1.0,True,HARD_CONFLICT,2026-03-12T11:07:30.796185
9d7e1735-74be-44b9-8f37-c68cabe97ede,SP_Smile_policy_member_PM006,SP_Smile_policy_member_PM005,SUB_HKID,E234567(8),E123456(7),1.0,True,HARD_CONFLICT,2026-03-12T11:07:30.804390
273d629e-95d9-4de0-a216-8ead64112800,SP_Smile_policy_member_PM006,SP_SmartPlus_quote_member_QM007,SUB_HKID,E234567(8),E123456(7),1.0,True,HARD_CONFLICT,2026-03-12T11:07:30.805834
9d22cc88-41ae-485c-8996-3811ae870219,SP_SmartPlus_quote_member_QM008,SP_Smile_policy_member_PM005,SUB_HKID,E234567(8),E123456(7),1.0,True,HARD_CONFLICT,2026-03-12T11:07:30.809737
2098d0f5-6bb3-4c4b-a46c-575bf51d84fc,SP_SmartPlus_quote_member_QM008,SP_SmartPlus_quote_member_QM007,SUB_HKID,E234567(8),E123456(7),1.0,True,HARD_CONFLICT,2026-03-12T11:07:30.811761
5389b408-3dbd-4ee6-8f30-d47b8da57095,SP_Smile_policy_member_PM015,SP_SmartPlus_application_A006_applicant,ATTR_FIRST_NAME,NANCY,UNKNOWN,0.2,False,SOFT_CONFLICT,2026-03-12T11:07:30.837760
e3188fc5-8431-448e-9548-c117c3ab14ea,SP_Smile_policy_member_PM015,SP_SmartPlus_application_A006_applicant,ATTR_LAST_NAME,WHITE,PERSON,0.2,False,SOFT_CONFLICT,2026-03-12T11:07:30.837775
7d3cea07-7b15-4a43-aefa-090d25603966,SP_SmartPlus_quote_member_QM011,SP_SmartPlus_quote_member_QM010,SUB_HKID,I223456(7),I123456(7),1.0,True,HARD_CONFLICT,2026-03-12T11:07:30.842621
786dc05c-b0f2-4ef7-ba28-73fb03b51510,SP_SmartPlus_quote_member_QM044,SP_Smile_policy_member_PM035,SUB_HKID,AC123456(7),AC113456(7),1.0,True,HARD_CONFLICT,2026-03-12T11:07:30.845273
f79f75af-b173-4ea7-b948-a56ae1cd07e0,SP_SmartPlus_quote_member_QM044,SP_SmartPlus_quote_member_QM043,SUB_HKID,AC123456(7),AC113456(7),1.0,True,HARD_CONFLICT,2026-03-12T11:07:30.851157
4e70b6eb-27ef-4104-8008-cf707d163f69,SP_SmartPlus_quote_member_QM044,SP_SmartPlus_quote_member_QM046,SUB_HKID,AC123456(7),D123456(7),1.0,True,HARD_CONFLICT,2026-03-12T11:07:30.854549
a59a64e0-174d-4d73-9b9c-35f969e07915,SP_Smile_policy_member_PM035,SP_Smile_policy_member_PM036,SUB_HKID,AC113456(7),AC123456(7),1.0,True,HARD_CONFLICT,2026-03-12T11:07:30.860533
ce9a6da5-300a-4dc4-b291-e545579696de,SP_Smile_policy_member_PM035,SP_SmartPlus_quote_member_QM046,SUB_HKID,AC113456(7),D123456(7),1.0,True,HARD_CONFLICT,2026-03-12T11:07:30.863628
77db3349-9dc0-43bc-b8c9-8575450e0c70,SP_Smile_policy_member_PM036,SP_SmartPlus_quote_member_QM043,SUB_HKID,AC123456(7),AC113456(7),1.0,True,HARD_CONFLICT,2026-03-12T11:07:30.877564
b24b2239-98b5-4645-b0f9-3863e81279e3,SP_Smile_policy_member_PM036,SP_SmartPlus_quote_member_QM046,SUB_HKID,AC123456(7),D123456(7),1.0,True,HARD_CONFLICT,2026-03-12T11:07:30.878994
5d52b754-3404-4f79-8376-e3819837fe3b,SP_SmartPlus_quote_member_QM043,SP_SmartPlus_quote_member_QM046,SUB_HKID,AC113456(7),D123456(7),1.0,True,HARD_CONFLICT,2026-03-12T11:07:30.881595
c825501f-deb5-45f1-8610-633dc9b2673d,SP_Smile_policy_member_PM034,SP_Smile_policy_member_PM037,SUB_HKID,AB123456(7),C999999(9),1.0,True,HARD_CONFLICT,2026-03-12T11:07:30.897591
ac4b3d6a-4646-48d7-ac69-0e7e7c62e831,SP_Smile_policy_member_PM034,SP_SmartPlus_quote_member_QM045,SUB_HKID,AB123456(7),C123456(7),1.0,True,HARD_CONFLICT,2026-03-12T11:07:30.899028
8d82e9a3-aeb3-479a-b935-fcf7d970d124,SP_Smile_policy_member_PM037,SP_SmartPlus_quote_member_QM045,SUB_HKID,C999999(9),C123456(7),1.0,True,HARD_CONFLICT,2026-03-12T11:07:30.901722
788e6f49-04a4-4096-bfcf-20e7265304c7,SP_SmartPlus_quote_member_QM037,SP_SmartPlus_quote_member_QM036,SUB_HKID,W123456(7),V123456(7),1.0,True,HARD_CONFLICT,2026-03-12T11:07:30.909211
a4facd35-0214-4713-89ec-e0a61cd40e21,SP_SmartPlus_quote_member_QM037,SP_SmartPlus_quote_member_QM035,SUB_HKID,W123456(7),U123456(7),1.0,True,HARD_CONFLICT,2026-03-12T11:07:30.910597
f14ba3d9-4138-4158-860e-fd303c5f1e2a,SP_SmartPlus_quote_member_QM036,SP_SmartPlus_quote_member_QM035,SUB_HKID,V123456(7),U123456(7),1.0,True,HARD_CONFLICT,2026-03-12T11:07:30.914950
42c45040-c0c5-42cc-b9fc-7ff7de1b3f90,SP_SmartPlus_application_A003_applicant,SP_SmartPlus_quote_member_QM006,SUB_HKID,C123456(7),D223456(7),1.0,True,HARD_CONFLICT,2026-03-12T11:07:30.917522
f0ae3286-1196-4995-9af9-be4addca3e4a,SP_SmartPlus_application_A003_applicant,SP_SmartPlus_quote_member_QM005,SUB_HKID,C123456(7),D123456(7),1.0,True,HARD_CONFLICT,2026-03-12T11:07:30.918863
27bf3071-6c09-4620-89b8-adf2ac44a5b2,SP_SmartPlus_application_A003_applicant,SP_SmartPlus_application_A003_spouse,SUB_HKID,C123456(7),C234567(8),1.0,True,HARD_CONFLICT,2026-03-12T11:07:30.920142
6350c9b5-9d1d-4387-8328-4343a8d5bb0e,SP_SmartPlus_quote_member_QM006,SP_SmartPlus_quote_member_QM005,SUB_HKID,D223456(7),D123456(7),1.0,True,HARD_CONFLICT,2026-03-12T11:07:30.924970
d8d11a71-5c42-4a21-bada-282683384592,SP_SmartPlus_quote_member_QM006,SP_SmartPlus_application_A003_spouse,SUB_HKID,D223456(7),C234567(8),1.0,True,HARD_CONFLICT,2026-03-12T11:07:30.926287
4b5f5214-ab35-48ab-bdc9-8cb43a852686,SP_SmartPlus_quote_member_QM005,SP_SmartPlus_application_A003_spouse,SUB_HKID,D123456(7),C234567(8),1.0,True,HARD_CONFLICT,2026-03-12T11:07:30.927603
9920328f-b778-415e-b0ac-2d2d52a7e7cc,SP_SmartPlus_quote_member_QM002,SP_SmartPlus_quote_member_QM003,SUB_HKID,B234567(8),B345678(9),1.0,True,HARD_CONFLICT,2026-03-12T11:07:30.929101
815ff136-2f32-4be4-ac48-66a360a746a7,SP_SmartPlus_quote_member_QM002,SP_SmartPlus_contact_person_CP003,SUB_HKID,B234567(8),Z345678(9),1.0,True,HARD_CONFLICT,2026-03-12T11:07:30.930455
ea12ef72-4e77-4248-b783-89b5fb2176ee,SP_SmartPlus_quote_member_QM002,SP_SmartPlus_application_A002_spouse,SUB_HKID,B234567(8),B345678(9),1.0,True,HARD_CONFLICT,2026-03-12T11:07:30.935511
953953c9-7091-46f2-a93d-703cbd470ddc,SP_SmartPlus_quote_member_QM002,SP_Smile_policy_member_PM003,SUB_HKID,B234567(8),B345678(9),1.0,True,HARD_CONFLICT,2026-03-12T11:07:30.936966
df34533c-53f1-4810-bf81-a09a7f2fb18b,SP_SmartPlus_quote_member_QM002,SP_Smile_policy_member_PM004,SUB_HKID,B234567(8),C456789(0),1.0,True,HARD_CONFLICT,2026-03-12T11:07:30.938369
4cb6d6aa-e45f-45f2-b16a-700020d359ab,SP_SmartPlus_quote_member_QM002,SP_SmartPlus_quote_member_QM004,SUB_HKID,B234567(8),C456789(0),1.0,True,HARD_CONFLICT,2026-03-12T11:07:30.943842
afd95051-4404-478f-963c-85a74afba429,SP_SmartPlus_quote_member_QM003,SP_SmartPlus_contact_person_CP003,SUB_HKID,B345678(9),Z345678(9),1.0,True,HARD_CONFLICT,2026-03-12T11:07:30.946388
d6c8c859-71a7-4dc2-9e80-f8833553dddb,SP_SmartPlus_quote_member_QM003,SP_Smile_policy_member_PM002,SUB_HKID,B345678(9),B234567(8),1.0,True,HARD_CONFLICT,2026-03-12T11:07:30.947785
9654ddf2-115c-44eb-8af0-7cad6f30e447,SP_SmartPlus_quote_member_QM003,SP_Smile_policy_member_PM004,SUB_HKID,B345678(9),C456789(0),1.0,True,HARD_CONFLICT,2026-03-12T11:07:30.952629
d3dc1e41-c0b2-4e2c-92ff-321d02373353,SP_SmartPlus_quote_member_QM003,SP_SmartPlus_lead_L002,SUB_HKID,B345678(9),B234567(8),1.0,True,HARD_CONFLICT,2026-03-12T11:07:30.954169
3ae90e8f-3f12-45f6-9453-4e3d46355a29,SP_SmartPlus_quote_member_QM003,SP_SmartPlus_application_A002_applicant,SUB_HKID,B345678(9),B234567(8),1.0,True,HARD_CONFLICT,2026-03-12T11:07:30.955583
9a7e4365-4a8e-4afd-990c-5708ea5dac60,SP_SmartPlus_quote_member_QM003,SP_SmartPlus_quote_member_QM004,SUB_HKID,B345678(9),C456789(0),1.0,True,HARD_CONFLICT,2026-03-12T11:07:30.958208
a61b0e60-d0c4-4103-8586-11f862eb681e,SP_SmartPlus_contact_person_CP003,SP_Smile_policy_member_PM002,SUB_HKID,Z345678(9),B234567(8),1.0,True,HARD_CONFLICT,2026-03-12T11:07:30.960805
dd3d9a80-f2a2-4326-ae0e-5f48a7a22662,SP_SmartPlus_contact_person_CP003,SP_SmartPlus_application_A002_spouse,SUB_HKID,Z345678(9),B345678(9),1.0,True,HARD_CONFLICT,2026-03-12T11:07:30.962090
4671b1db-5814-4f14-94eb-ddbdc1411568,SP_SmartPlus_contact_person_CP003,SP_Smile_policy_member_PM003,SUB_HKID,Z345678(9),B345678(9),1.0,True,HARD_CONFLICT,2026-03-12T11:07:30.963440
8b28466c-35a7-4d9b-b23b-4222efbe2909,SP_SmartPlus_contact_person_CP003,SP_Smile_policy_member_PM004,SUB_HKID,Z345678(9),C456789(0),1.0,True,HARD_CONFLICT,2026-03-12T11:07:30.964783
518ef1bc-c0d1-487e-a911-63869035b38d,SP_SmartPlus_contact_person_CP003,SP_SmartPlus_lead_L002,SUB_HKID,Z345678(9),B234567(8),1.0,True,HARD_CONFLICT,2026-03-12T11:07:30.966130
c004f179-2416-4801-8520-5a96249ccecf,SP_SmartPlus_contact_person_CP003,SP_SmartPlus_application_A002_applicant,SUB_HKID,Z345678(9),B234567(8),1.0,True,HARD_CONFLICT,2026-03-12T11:07:30.967422
245eb0c8-a892-4112-b333-40f7e8058475,SP_SmartPlus_contact_person_CP003,SP_SmartPlus_quote_member_QM004,SUB_HKID,Z345678(9),C456789(0),1.0,True,HARD_CONFLICT,2026-03-12T11:07:30.969891
90e9dd7f-6720-49c5-9233-deaf373b2df3,SP_Smile_policy_member_PM002,SP_SmartPlus_application_A002_spouse,SUB_HKID,B234567(8),B345678(9),1.0,True,HARD_CONFLICT,2026-03-12T11:07:30.972977
7353fe25-db5e-4c1d-b4d1-c8a9a9400566,SP_Smile_policy_member_PM002,SP_Smile_policy_member_PM003,SUB_HKID,B234567(8),B345678(9),1.0,True,HARD_CONFLICT,2026-03-12T11:07:30.974450
7d53b5e5-4916-4732-a4ed-3263d7290300,SP_Smile_policy_member_PM002,SP_Smile_policy_member_PM004,SUB_HKID,B234567(8),C456789(0),1.0,True,HARD_CONFLICT,2026-03-12T11:07:30.975891
c169ff9f-39df-4ffd-811b-f464cc108f60,SP_Smile_policy_member_PM002,SP_SmartPlus_quote_member_QM004,SUB_HKID,B234567(8),C456789(0),1.0,True,HARD_CONFLICT,2026-03-12T11:07:30.981351
7230a41d-a03a-4fc7-b198-333158dc2dce,SP_SmartPlus_application_A002_spouse,SP_Smile_policy_member_PM004,SUB_HKID,B345678(9),C456789(0),1.0,True,HARD_CONFLICT,2026-03-12T11:07:30.985240
1d06da5a-30a8-440f-bbc1-e7a1565aabc3,SP_SmartPlus_application_A002_spouse,SP_SmartPlus_lead_L002,SUB_HKID,B345678(9),B234567(8),1.0,True,HARD_CONFLICT,2026-03-12T11:07:30.986548
03455fcd-2077-4fe8-b3bd-9ca17a61d1bb,SP_SmartPlus_application_A002_spouse,SP_SmartPlus_application_A002_applicant,SUB_HKID,B345678(9),B234567(8),1.0,True,HARD_CONFLICT,2026-03-12T11:07:30.987812
f08be845-8bbf-4693-bb21-aa7808a3e2dd,SP_SmartPlus_application_A002_spouse,SP_SmartPlus_quote_member_QM004,SUB_HKID,B345678(9),C456789(0),1.0,True,HARD_CONFLICT,2026-03-12T11:07:30.990226
f50fc875-5dab-47a0-9dae-1248a98d95a2,SP_Smile_policy_member_PM003,SP_Smile_policy_member_PM004,SUB_HKID,B345678(9),C456789(0),1.0,True,HARD_CONFLICT,2026-03-12T11:07:30.993391
6001a839-78aa-4d0a-aeda-512f87d85325,SP_Smile_policy_member_PM003,SP_SmartPlus_lead_L002,SUB_HKID,B345678(9),B234567(8),1.0,True,HARD_CONFLICT,2026-03-12T11:07:30.994836
79ad971a-021d-42b6-b468-f8a26724879a,SP_Smile_policy_member_PM003,SP_SmartPlus_application_A002_applicant,SUB_HKID,B345678(9),B234567(8),1.0,True,HARD_CONFLICT,2026-03-12T11:07:30.996237
44e0b611-4799-4ca0-9d21-3e6570cd4ce2,SP_Smile_policy_member_PM003,SP_SmartPlus_quote_member_QM004,SUB_HKID,B345678(9),C456789(0),1.0,True,HARD_CONFLICT,2026-03-12T11:07:30.998818
5bda2550-41fd-4359-bf7b-9e97ce253fa8,SP_Smile_policy_member_PM004,SP_SmartPlus_lead_L002,SUB_HKID,C456789(0),B234567(8),1.0,True,HARD_CONFLICT,2026-03-12T11:07:31.001372
ffaf6055-3f5e-4716-a398-8c687640956c,SP_Smile_policy_member_PM004,SP_SmartPlus_application_A002_applicant,SUB_HKID,C456789(0),B234567(8),1.0,True,HARD_CONFLICT,2026-03-12T11:07:31.002680
cf5d9acc-9752-4193-a425-49e69d725b96,SP_SmartPlus_lead_L002,SP_SmartPlus_quote_member_QM004,SUB_HKID,B234567(8),C456789(0),1.0,True,HARD_CONFLICT,2026-03-12T11:07:31.010552
26e0aabe-5ab9-4fc3-b8fa-9248916ed7fb,SP_SmartPlus_application_A002_applicant,SP_SmartPlus_quote_member_QM004,SUB_HKID,B234567(8),C456789(0),1.0,True,HARD_CONFLICT,2026-03-12T11:07:31.014709
8ffa9583-c97c-43dd-9f9a-cfb21812d70b,SP_SmartPlus_quote_member_QM039,SP_SmartPlus_quote_member_QM040,SUB_HKID,Y123456(7),Z123456(7),1.0,True,HARD_CONFLICT,2026-03-12T11:07:31.030356
ba04095f-ff9c-4d37-8730-f2bb0b69fcc5,SP_Smile_policy_member_PM011,SP_SmartPlus_quote_member_QM013,ATTR_FIRST_NAME,ZHANG,WEI,0.2,False,SOFT_CONFLICT,2026-03-12T11:07:31.038301
ac02878e-12c3-40a3-ba92-c1623887b60d,SP_Smile_policy_member_PM011,SP_SmartPlus_quote_member_QM013,ATTR_LAST_NAME,WEI,ZHANG,0.2,False,SOFT_CONFLICT,2026-03-12T11:07:31.038323
706b5701-2228-4a21-ac8d-6e1880eda058,SP_SmartPlus_quote_member_QM050,SP_Smile_policy_member_PM040,ATTR_DOB,1992-07-15,1992-07-16,0.5,False,SOFT_CONFLICT,2026-03-12T11:07:31.057089
a31f53d1-730e-4a0c-8f5a-aa139764261c,SP_Smile_policy_member_PM010,SP_SmartPlus_quote_member_QM012,ATTR_FIRST_NAME,CATHY,CATHERINE,0.2,False,SOFT_CONFLICT,2026-03-12T11:07:31.069423
92458ab0-9fcd-40af-863b-5c74ebfc3ac2,SP_SmartPlus_quote_member_QM042,SP_Smile_policy_member_PM034,ATTR_EMAIL,jlee@email.com,jennifer.lee@email.com,0.5,False,SOFT_CONFLICT,2026-03-12T11:07:31.092100
d7b9a5d9-8610-435c-944e-8a74c4d37585,SP_SmartPlus_application_A003_applicant,SP_SmartPlus_quote_member_QM045,ATTR_PHONE,+85293456789,+85291111111,0.3,False,SOFT_CONFLICT,2026-03-12T11:07:31.093719
56ff0140-c7ea-40e4-bb18-0a2b026cf2d6,SP_SmartPlus_application_A003_applicant,SP_SmartPlus_quote_member_QM045,ATTR_FIRST_NAME,ALICE,MICHAEL,0.2,False,SOFT_CONFLICT,2026-03-12T11:07:31.093733
a6bb4b9c-c3b8-4f42-8a0c-3ae035e77d27,SP_SmartPlus_application_A003_applicant,SP_SmartPlus_quote_member_QM045,ATTR_DOB,1988-04-15,1985-04-15,0.5,False,SOFT_CONFLICT,2026-03-12T11:07:31.093744
e88dcac4-7f4a-4ac1-b556-206af4e8959d,SP_SmartPlus_application_A003_applicant,SP_SmartPlus_quote_member_QM045,ATTR_LAST_NAME,WONG,CHAN,0.2,False,SOFT_CONFLICT,2026-03-12T11:07:31.093754
2b35c7fa-ce4d-4e16-b246-5f335aa6d40f,SP_SmartPlus_application_A003_applicant,SP_SmartPlus_quote_member_QM045,ATTR_EMAIL,alice.wong@email.com,michael.chan@email.com,0.5,False,SOFT_CONFLICT,2026-03-12T11:07:31.093764
7ea83572-c914-4149-bcfd-e9fe496ed6a4,SP_SmartPlus_application_A004_applicant,SP_SmartPlus_quote_member_QM005,ATTR_PHONE,+85294567890,+85293456789,0.3,False,SOFT_CONFLICT,2026-03-12T11:07:31.095281
27fc8737-1c99-46a5-bcf4-c4711ebf0673,SP_SmartPlus_application_A004_applicant,SP_SmartPlus_quote_member_QM005,ATTR_FIRST_NAME,GRACE,ALICE,0.2,False,SOFT_CONFLICT,2026-03-12T11:07:31.095298
847bd97c-fe16-463d-8968-b9d59b6920b6,SP_SmartPlus_application_A004_applicant,SP_SmartPlus_quote_member_QM005,ATTR_DOB,1990-09-25,1988-04-12,0.5,False,SOFT_CONFLICT,2026-03-12T11:07:31.095309
80337277-3708-41ef-b2e5-5398a091d60b,SP_SmartPlus_application_A004_applicant,SP_SmartPlus_quote_member_QM005,ATTR_LAST_NAME,PARK,WONG,0.2,False,SOFT_CONFLICT,2026-03-12T11:07:31.095319
d33b11fe-323b-4621-a1a9-d7aef12f8f9a,SP_SmartPlus_application_A004_applicant,SP_SmartPlus_quote_member_QM005,ATTR_EMAIL,grace.park@email.com,alice.wong@email.com,0.5,False,SOFT_CONFLICT,2026-03-12T11:07:31.095329
4ed96379-6c56-4230-8380-1be851fb7a5d,SP_SmartPlus_application_A004_applicant,SP_SmartPlus_quote_member_QM046,ATTR_PHONE,+85294567890,+85292222222,0.3,False,SOFT_CONFLICT,2026-03-12T11:07:31.096767
04cdd020-80f2-4aee-bf1f-5d86262afc99,SP_SmartPlus_application_A004_applicant,SP_SmartPlus_quote_member_QM046,ATTR_FIRST_NAME,GRACE,EMILY,0.2,False,SOFT_CONFLICT,2026-03-12T11:07:31.096779
fe43a2de-7022-4141-95fa-4ec140110509,SP_SmartPlus_application_A004_applicant,SP_SmartPlus_quote_member_QM046,ATTR_DOB,1990-09-25,1990-08-22,0.5,False,SOFT_CONFLICT,2026-03-12T11:07:31.096790
64d49d47-62d2-4a0c-990b-205b743d3ebb,SP_SmartPlus_application_A004_applicant,SP_SmartPlus_quote_member_QM046,ATTR_LAST_NAME,PARK,THOMPSON,0.2,False,SOFT_CONFLICT,2026-03-12T11:07:31.096799
df3e6c71-d022-4b6a-b4a3-d11830eb723b,SP_SmartPlus_application_A004_applicant,SP_SmartPlus_quote_member_QM046,ATTR_EMAIL,grace.park@email.com,emily.t@email.com,0.5,False,SOFT_CONFLICT,2026-03-12T11:07:31.096809
51a601c3-da0c-4087-914a-fc1036015584,SP_SmartPlus_application_A004_applicant,SP_Smile_policy_member_PM038,ATTR_PHONE,+85294567890,+85292222222,0.3,False,SOFT_CONFLICT,2026-03-12T11:07:31.098269
ee6ac029-63e8-449b-b4b0-150ce72ab1ea,SP_SmartPlus_application_A004_applicant,SP_Smile_policy_member_PM038,ATTR_FIRST_NAME,GRACE,EMILY,0.2,False,SOFT_CONFLICT,2026-03-12T11:07:31.098290
309ccd78-765f-42b1-8223-eb90dfe417c7,SP_SmartPlus_application_A004_applicant,SP_Smile_policy_member_PM038,ATTR_DOB,1990-09-25,1990-08-22,0.5,False,SOFT_CONFLICT,2026-03-12T11:07:31.098301
fb155fcb-9852-413b-94ea-3f29b5bd8aa5,SP_SmartPlus_application_A004_applicant,SP_Smile_policy_member_PM038,ATTR_LAST_NAME,PARK,CHEN,0.2,False,SOFT_CONFLICT,2026-03-12T11:07:31.098313
5fdb3de2-116e-47e3-a52d-470ac332d932,SP_SmartPlus_application_A004_applicant,SP_Smile_policy_member_PM038,ATTR_EMAIL,grace.park@email.com,emily.t@email.com,0.5,False,SOFT_CONFLICT,2026-03-12T11:07:31.098322
b699b32b-6f4f-4dfc-ad0c-1c31fe36d5af,SP_SmartPlus_quote_member_QM005,SP_SmartPlus_quote_member_QM046,ATTR_PHONE,+85293456789,+85292222222,0.3,False,SOFT_CONFLICT,2026-03-12T11:07:31.099835
245e2bbd-8d37-461b-9d8f-b12b5eebacea,SP_SmartPlus_quote_member_QM005,SP_SmartPlus_quote_member_QM046,ATTR_FIRST_NAME,ALICE,EMILY,0.2,False,SOFT_CONFLICT,2026-03-12T11:07:31.099859
9b4aabc4-7646-49fd-af01-7c3034b67916,SP_SmartPlus_quote_member_QM005,SP_SmartPlus_quote_member_QM046,ATTR_DOB,1988-04-12,1990-08-22,0.5,False,SOFT_CONFLICT,2026-03-12T11:07:31.099869
1ccf4143-34ab-4401-b0f5-7d2b0b741937,SP_SmartPlus_quote_member_QM005,SP_SmartPlus_quote_member_QM046,ATTR_LAST_NAME,WONG,THOMPSON,0.2,False,SOFT_CONFLICT,2026-03-12T11:07:31.099878
feff1e45-8e06-4324-9480-c7d3c181b082,SP_SmartPlus_quote_member_QM005,SP_SmartPlus_quote_member_QM046,ATTR_EMAIL,alice.wong@email.com,emily.t@email.com,0.5,False,SOFT_CONFLICT,2026-03-12T11:07:31.099887
517dc00f-27ac-472c-abd4-916be58b6fa2,SP_SmartPlus_quote_member_QM005,SP_Smile_policy_member_PM038,ATTR_PHONE,+85293456789,+85292222222,0.3,False,SOFT_CONFLICT,2026-03-12T11:07:31.101344
309408e2-27e1-4a0c-9480-9a49add49f39,SP_SmartPlus_quote_member_QM005,SP_Smile_policy_member_PM038,ATTR_FIRST_NAME,ALICE,EMILY,0.2,False,SOFT_CONFLICT,2026-03-12T11:07:31.101371
d08b2bc0-52d7-43e4-83cc-1bbb4f30bfdd,SP_SmartPlus_quote_member_QM005,SP_Smile_policy_member_PM038,ATTR_DOB,1988-04-12,1990-08-22,0.5,False,SOFT_CONFLICT,2026-03-12T11:07:31.101381
6980b50b-44ae-4be9-b9eb-38a10791abcf,SP_SmartPlus_quote_member_QM005,SP_Smile_policy_member_PM038,ATTR_LAST_NAME,WONG,CHEN,0.2,False,SOFT_CONFLICT,2026-03-12T11:07:31.101391
5fd37720-be26-45f5-9de3-dd88c3bc15a1,SP_SmartPlus_quote_member_QM005,SP_Smile_policy_member_PM038,ATTR_EMAIL,alice.wong@email.com,emily.t@email.com,0.5,False,SOFT_CONFLICT,2026-03-12T11:07:31.101400
f1035659-b57f-43d9-8892-4d5e9b65c0a0,SP_SmartPlus_quote_member_QM046,SP_Smile_policy_member_PM038,ATTR_LAST_NAME,THOMPSON,CHEN,0.2,False,SOFT_CONFLICT,2026-03-12T11:07:31.102967
84b9a4f7-eaf0-4ccf-8bed-aaa386f2fed6,SP_SmartPlus_application_A005_applicant,SP_SmartPlus_quote_member_QM007,ATTR_PHONE,+85295678901,+85294567890,0.3,False,SOFT_CONFLICT,2026-03-12T11:07:31.104366
0cb16b8f-68df-4d7e-9da1-76cdbc45fd0a,SP_SmartPlus_application_A005_applicant,SP_SmartPlus_quote_member_QM007,ATTR_FIRST_NAME,SUSAN,MICHAEL,0.2,False,SOFT_CONFLICT,2026-03-12T11:07:31.104379
38b1648b-655d-4cf4-9f04-6407d0bea157,SP_SmartPlus_application_A005_applicant,SP_SmartPlus_quote_member_QM007,ATTR_DOB,1987-02-18,1975-09-08,0.5,False,SOFT_CONFLICT,2026-03-12T11:07:31.104389
bbe83cae-628c-4d15-b0c1-9367b846d302,SP_SmartPlus_application_A005_applicant,SP_SmartPlus_quote_member_QM007,ATTR_LAST_NAME,MARTINEZ,CHEN,0.2,False,SOFT_CONFLICT,2026-03-12T11:07:31.104399
9bbb3572-e6a1-4ac7-83db-3584376d0369,SP_SmartPlus_application_A005_applicant,SP_SmartPlus_quote_member_QM007,ATTR_EMAIL,susan.martinez@email.com,michael.chen@email.com,0.5,False,SOFT_CONFLICT,2026-03-12T11:07:31.104408
747bfb14-2a9a-4405-87cd-9ade084bcd51,SP_SmartPlus_application_A005_applicant,SP_SmartPlus_quote_member_QM049,ATTR_PHONE,+85295678901,+85294444444,0.3,False,SOFT_CONFLICT,2026-03-12T11:07:31.105805
acbb88c1-2c5b-4f40-9c61-02736b7004ff,SP_SmartPlus_application_A005_applicant,SP_SmartPlus_quote_member_QM049,ATTR_FIRST_NAME,SUSAN,KEVIN,0.2,False,SOFT_CONFLICT,2026-03-12T11:07:31.105817
4cd89598-5d85-431c-a07a-62ec00f7b5ca,SP_SmartPlus_application_A005_applicant,SP_SmartPlus_quote_member_QM049,ATTR_DOB,1987-02-18,1983-12-05,0.5,False,SOFT_CONFLICT,2026-03-12T11:07:31.105827
e933300b-b5c8-4f40-9f3a-4da35a2a1af8,SP_SmartPlus_application_A005_applicant,SP_SmartPlus_quote_member_QM049,ATTR_LAST_NAME,MARTINEZ,LEUNG,0.2,False,SOFT_CONFLICT,2026-03-12T11:07:31.105837
1cee0f53-6ca8-448a-88e2-042385f1b846,SP_SmartPlus_application_A005_applicant,SP_SmartPlus_quote_member_QM049,ATTR_EMAIL,susan.martinez@email.com,kevin.leung@email.com,0.5,False,SOFT_CONFLICT,2026-03-12T11:07:31.105847
9b8858c4-128c-40e1-a564-3170b42e0f26,SP_SmartPlus_application_A005_applicant,SP_Smile_policy_member_PM005,ATTR_PHONE,+85295678901,+85294567890,0.3,False,SOFT_CONFLICT,2026-03-12T11:07:31.107218
4303afed-9f9a-4d45-ac75-07d0bb1bdc56,SP_SmartPlus_application_A005_applicant,SP_Smile_policy_member_PM005,ATTR_FIRST_NAME,SUSAN,MICHAEL,0.2,False,SOFT_CONFLICT,2026-03-12T11:07:31.107231
98d95d95-f29a-4dc4-934d-e3686a22f812,SP_SmartPlus_application_A005_applicant,SP_Smile_policy_member_PM005,ATTR_DOB,1987-02-18,1975-09-08,0.5,False,SOFT_CONFLICT,2026-03-12T11:07:31.107242
78004b10-2613-4a7d-b750-62aa62b5cdba,SP_SmartPlus_application_A005_applicant,SP_Smile_policy_member_PM005,ATTR_LAST_NAME,MARTINEZ,CHEN,0.2,False,SOFT_CONFLICT,2026-03-12T11:07:31.107252
15cd7a2b-d10b-4a86-836e-18b5de9c43a6,SP_SmartPlus_application_A005_applicant,SP_Smile_policy_member_PM005,ATTR_EMAIL,susan.martinez@email.com,michael.chen@email.com,0.5,False,SOFT_CONFLICT,2026-03-12T11:07:31.107261
36ae6a53-11d5-4f45-ace4-f8a8ab5a9b61,SP_SmartPlus_quote_member_QM007,SP_SmartPlus_quote_member_QM049,ATTR_PHONE,+85294567890,+85294444444,0.3,False,SOFT_CONFLICT,2026-03-12T11:07:31.108683
0696e9a8-a3f5-46e8-a32b-7be263880882,SP_SmartPlus_quote_member_QM007,SP_SmartPlus_quote_member_QM049,ATTR_FIRST_NAME,MICHAEL,KEVIN,0.2,False,SOFT_CONFLICT,2026-03-12T11:07:31.108707
f4870aa3-4fda-4b2f-a148-7e4c61ff0bc0,SP_SmartPlus_quote_member_QM007,SP_SmartPlus_quote_member_QM049,ATTR_DOB,1975-09-08,1983-12-05,0.5,False,SOFT_CONFLICT,2026-03-12T11:07:31.108717
f86eebb1-1c10-4679-aca7-60e035a7e136,SP_SmartPlus_quote_member_QM007,SP_SmartPlus_quote_member_QM049,ATTR_LAST_NAME,CHEN,LEUNG,0.2,False,SOFT_CONFLICT,2026-03-12T11:07:31.108726
743388eb-fb30-4ea0-9d20-4b8bb0bd84a0,SP_SmartPlus_quote_member_QM007,SP_SmartPlus_quote_member_QM049,ATTR_EMAIL,michael.chen@email.com,kevin.leung@email.com,0.5,False,SOFT_CONFLICT,2026-03-12T11:07:31.108736
0aa515c2-725d-492c-b525-0bd7d60a2643,SP_SmartPlus_quote_member_QM049,SP_Smile_policy_member_PM005,ATTR_PHONE,+85294444444,+85294567890,0.3,False,SOFT_CONFLICT,2026-03-12T11:07:31.110152
f08d80fe-eca0-48c5-aa23-0f03d5f6a0d0,SP_SmartPlus_quote_member_QM049,SP_Smile_policy_member_PM005,ATTR_FIRST_NAME,KEVIN,MICHAEL,0.2,False,SOFT_CONFLICT,2026-03-12T11:07:31.110178
29de497b-518b-451a-9880-e184bc95b059,SP_SmartPlus_quote_member_QM049,SP_Smile_policy_member_PM005,ATTR_DOB,1983-12-05,1975-09-08,0.5,False,SOFT_CONFLICT,2026-03-12T11:07:31.110189
02aa71da-5661-4647-b564-f9da935d8780,SP_SmartPlus_quote_member_QM049,SP_Smile_policy_member_PM005,ATTR_LAST_NAME,LEUNG,CHEN,0.2,False,SOFT_CONFLICT,2026-03-12T11:07:31.110199
5992b7ac-5d50-43d4-a531-35528b50c4f2,SP_SmartPlus_quote_member_QM049,SP_Smile_policy_member_PM005,ATTR_EMAIL,kevin.leung@email.com,michael.chen@email.com,0.5,False,SOFT_CONFLICT,2026-03-12T11:07:31.110208
e3f247e0-af1d-4834-8ad4-ec1a3261dc68,SP_SmartPlus_quote_member_QM050,SP_Smile_policy_member_PM007,ATTR_PHONE,+85295555555,+85295678901,0.3,False,SOFT_CONFLICT,2026-03-12T11:07:31.112147
8b0ff0b5-bb39-49d1-ad24-847371d4299d,SP_SmartPlus_quote_member_QM050,SP_Smile_policy_member_PM007,ATTR_GENDER,F,M,0.3,False,SOFT_CONFLICT,2026-03-12T11:07:31.112167
8a13a8b7-bdf9-4caa-81bd-764d0a2a4006,SP_SmartPlus_quote_member_QM050,SP_Smile_policy_member_PM007,ATTR_FIRST_NAME,RACHEL,ROBERT,0.2,False,SOFT_CONFLICT,2026-03-12T11:07:31.112178
62b5dcfc-69b5-4ee1-93c6-f0d3436688b5,SP_SmartPlus_quote_member_QM050,SP_Smile_policy_member_PM007,ATTR_DOB,1992-07-15,1970-05-22,0.5,False,SOFT_CONFLICT,2026-03-12T11:07:31.112188
d016bef4-04d0-44a5-be20-09b54d0ae789,SP_SmartPlus_quote_member_QM050,SP_Smile_policy_member_PM007,ATTR_LAST_NAME,WONG,TAYLOR,0.2,False,SOFT_CONFLICT,2026-03-12T11:07:31.112198
84c1a85e-81a6-4529-b7d6-290bebb89d72,SP_SmartPlus_quote_member_QM050,SP_Smile_policy_member_PM007,ATTR_EMAIL,rachel.wong@email.com,robert.taylor@email.com,0.5,False,SOFT_CONFLICT,2026-03-12T11:07:31.112208
3a4a729d-26d0-4a69-84ba-1beed02f11a8,SP_Smile_policy_member_PM007,SP_Smile_policy_member_PM040,ATTR_PHONE,+85295678901,+85295555555,0.3,False,SOFT_CONFLICT,2026-03-12T11:07:31.113816
9db8aea8-0ccb-47fa-86b7-2b7c6818b81a,SP_Smile_policy_member_PM007,SP_Smile_policy_member_PM040,ATTR_GENDER,M,F,0.3,False,SOFT_CONFLICT,2026-03-12T11:07:31.113829
70b307bb-9f9e-474c-b070-af0033b3c2e6,SP_Smile_policy_member_PM007,SP_Smile_policy_member_PM040,ATTR_FIRST_NAME,ROBERT,RACHEL,0.2,False,SOFT_CONFLICT,2026-03-12T11:07:31.113839
918d25c3-7104-47d1-b5cb-ea0b46b85e8f,SP_Smile_policy_member_PM007,SP_Smile_policy_member_PM040,ATTR_DOB,1970-05-22,1992-07-16,0.5,False,SOFT_CONFLICT,2026-03-12T11:07:31.113849
557a260c-7cf1-486b-a190-7b9eb2449b86,SP_Smile_policy_member_PM007,SP_Smile_policy_member_PM040,ATTR_LAST_NAME,TAYLOR,WONG,0.2,False,SOFT_CONFLICT,2026-03-12T11:07:31.113859
a67863cb-8164-4ad9-8254-7da21b0f75bb,SP_Smile_policy_member_PM007,SP_Smile_policy_member_PM040,ATTR_EMAIL,robert.taylor@email.com,rachel.wong@email.com,0.5,False,SOFT_CONFLICT,2026-03-12T11:07:31.113869
ad14f37d-a56a-4cf7-b0b4-038668813c36,SP_SmartPlus_quote_member_QM030,SP_SmartPlus_quote_member_QM047,ATTR_PHONE,+85291111111,+85293333333,0.3,False,SOFT_CONFLICT,2026-03-12T11:07:31.117055
d4518aa5-4639-4754-aee8-00bbdd68881d,SP_SmartPlus_quote_member_QM030,SP_SmartPlus_quote_member_QM047,ATTR_FIRST_NAME,JOHN,ALEX,0.2,False,SOFT_CONFLICT,2026-03-12T11:07:31.117081
13b57ce4-a738-46c1-b3a9-e19ff545dada,SP_SmartPlus_quote_member_QM030,SP_SmartPlus_quote_member_QM047,ATTR_DOB,1985-01-01,1988-03-10,0.5,False,SOFT_CONFLICT,2026-03-12T11:07:31.117091
1d5f077c-9898-4873-a501-cf095c17b5e0,SP_SmartPlus_quote_member_QM030,SP_SmartPlus_quote_member_QM047,ATTR_LAST_NAME,O'BRIEN-SMITH,MORGAN,0.2,False,SOFT_CONFLICT,2026-03-12T11:07:31.117100
b7ac3cde-aa8e-4592-ac50-bc7660aec443,SP_SmartPlus_quote_member_QM030,SP_SmartPlus_quote_member_QM047,ATTR_EMAIL,john.obrien-smith@email.com,alex.morgan@email.com,0.5,False,SOFT_CONFLICT,2026-03-12T11:07:31.117110
321f5c81-be42-4d7d-907c-b13ea5f242d9,SP_SmartPlus_quote_member_QM030,SP_SmartPlus_quote_member_QM048,ATTR_PHONE,+85291111111,+85293333333,0.3,False,SOFT_CONFLICT,2026-03-12T11:07:31.118627
31cccd18-1c91-4e74-956e-4d11250fe453,SP_SmartPlus_quote_member_QM030,SP_SmartPlus_quote_member_QM048,ATTR_GENDER,M,F,0.3,False,SOFT_CONFLICT,2026-03-12T11:07:31.118639
f7bf9a61-69ec-4d75-89b0-62db63b305e6,SP_SmartPlus_quote_member_QM030,SP_SmartPlus_quote_member_QM048,ATTR_FIRST_NAME,JOHN,ALEX,0.2,False,SOFT_CONFLICT,2026-03-12T11:07:31.118649
79bff2a8-771d-45a3-a1ae-0bda02c580fb,SP_SmartPlus_quote_member_QM030,SP_SmartPlus_quote_member_QM048,ATTR_DOB,1985-01-01,1988-03-10,0.5,False,SOFT_CONFLICT,2026-03-12T11:07:31.118659
c3077b3a-3806-4e08-95c9-d444ed19c9c3,SP_SmartPlus_quote_member_QM030,SP_SmartPlus_quote_member_QM048,ATTR_LAST_NAME,O'BRIEN-SMITH,MORGAN,0.2,False,SOFT_CONFLICT,2026-03-12T11:07:31.118669
7e844f18-7732-43ca-9289-a43ffcbe1928,SP_SmartPlus_quote_member_QM030,SP_SmartPlus_quote_member_QM048,ATTR_EMAIL,john.obrien-smith@email.com,alex.morgan@email.com,0.5,False,SOFT_CONFLICT,2026-03-12T11:07:31.118688
09515832-93af-4dbc-86f5-81fac083ccd1,SP_SmartPlus_quote_member_QM047,SP_SmartPlus_quote_member_QM048,ATTR_GENDER,M,F,0.3,False,SOFT_CONFLICT,2026-03-12T11:07:31.120267
7f82acc7-8573-4634-8265-bcc2daf3c949,SP_SmartPlus_quote_member_QM047,SP_Smile_policy_member_PM028,ATTR_PHONE,+85293333333,+85291111111,0.3,False,SOFT_CONFLICT,2026-03-12T11:07:31.121737
d629effa-42e8-4d54-85a4-998160bcbdcd,SP_SmartPlus_quote_member_QM047,SP_Smile_policy_member_PM028,ATTR_FIRST_NAME,ALEX,JOHN,0.2,False,SOFT_CONFLICT,2026-03-12T11:07:31.121761
ab00a148-3658-4e84-b992-d3299777c9a4,SP_SmartPlus_quote_member_QM047,SP_Smile_policy_member_PM028,ATTR_DOB,1988-03-10,1985-01-01,0.5,False,SOFT_CONFLICT,2026-03-12T11:07:31.121770
a8b4dd1e-1fc5-4c2d-be05-5449407614d0,SP_SmartPlus_quote_member_QM047,SP_Smile_policy_member_PM028,ATTR_LAST_NAME,MORGAN,O'BRIEN-SMITH,0.2,False,SOFT_CONFLICT,2026-03-12T11:07:31.121782
e19483a2-69f4-48e5-8dda-8d7f4c924b22,SP_SmartPlus_quote_member_QM047,SP_Smile_policy_member_PM028,ATTR_EMAIL,alex.morgan@email.com,john.obrien-smith@email.com,0.5,False,SOFT_CONFLICT,2026-03-12T11:07:31.121791
fb77b2df-c425-4c5e-a716-15fd69448457,SP_SmartPlus_quote_member_QM048,SP_Smile_policy_member_PM028,ATTR_PHONE,+85293333333,+85291111111,0.3,False,SOFT_CONFLICT,2026-03-12T11:07:31.123225
63ba1fea-3a26-407a-b6f4-a2c54527e2c1,SP_SmartPlus_quote_member_QM048,SP_Smile_policy_member_PM028,ATTR_GENDER,F,M,0.3,False,SOFT_CONFLICT,2026-03-12T11:07:31.123236
fb7dd49d-10e4-4078-a273-11462f2696b8,SP_SmartPlus_quote_member_QM048,SP_Smile_policy_member_PM028,ATTR_FIRST_NAME,ALEX,JOHN,0.2,False,SOFT_CONFLICT,2026-03-12T11:07:31.123246
420f68e3-ccef-4e28-a2df-88492ed76b4b,SP_SmartPlus_quote_member_QM048,SP_Smile_policy_member_PM028,ATTR_DOB,1988-03-10,1985-01-01,0.5,False,SOFT_CONFLICT,2026-03-12T11:07:31.123256
e1a6260b-5ee1-47ce-a716-2ae139e0c14e,SP_SmartPlus_quote_member_QM048,SP_Smile_policy_member_PM028,ATTR_LAST_NAME,MORGAN,O'BRIEN-SMITH,0.2,False,SOFT_CONFLICT,2026-03-12T11:07:31.123265
9ab69e6b-8a57-45d9-98f7-daef44a4cbad,SP_SmartPlus_quote_member_QM048,SP_Smile_policy_member_PM028,ATTR_EMAIL,alex.morgan@email.com,john.obrien-smith@email.com,0.5,False,SOFT_CONFLICT,2026-03-12T11:07:31.123275
6f5fa28a-4c41-4a44-a15d-a77b5e9d7cc6,SP_SmartPlus_quote_member_QM038,SP_SmartPlus_contact_person_CP001,ATTR_PHONE,+85294444444,+85291112222,0.3,False,SOFT_CONFLICT,2026-03-12T11:07:31.126165
a8394456-6c87-48aa-851c-9100b2cbd633,SP_SmartPlus_quote_member_QM038,SP_SmartPlus_contact_person_CP001,ATTR_FIRST_NAME,HELEN,EMILY,0.2,False,SOFT_CONFLICT,2026-03-12T11:07:31.126176
ab15bd6c-1dce-45ae-b5e5-b2a5149ebf0e,SP_SmartPlus_quote_member_QM038,SP_SmartPlus_contact_person_CP001,ATTR_DOB,1990-03-05,1978-05-12,0.5,False,SOFT_CONFLICT,2026-03-12T11:07:31.126186
e42576b2-dbcf-40f1-92e6-1de92b9f3654,SP_SmartPlus_quote_member_QM038,SP_SmartPlus_contact_person_CP001,ATTR_LAST_NAME,WONG,CHEN,0.2,False,SOFT_CONFLICT,2026-03-12T11:07:31.126195
eb2d7d36-0e1d-4f8a-b002-2029f2c30533,SP_SmartPlus_quote_member_QM038,SP_SmartPlus_contact_person_CP001,ATTR_EMAIL,helen.wong@email.com,emily.chen@techcorp.com,0.5,False,SOFT_CONFLICT,2026-03-12T11:07:31.126205
19d5a989-2198-4aa6-ad03-9aa50c2b2e7b,SP_SmartPlus_contact_person_CP001,SP_Smile_policy_member_PM033,ATTR_FIRST_NAME,EMILY,HELEN,0.2,False,SOFT_CONFLICT,2026-03-12T11:07:31.127579
5db8eb53-8d40-4d42-a85c-d3a107d98814,SP_SmartPlus_contact_person_CP001,SP_Smile_policy_member_PM033,ATTR_PHONE,+85291112222,+85294444444,0.3,False,SOFT_CONFLICT,2026-03-12T11:07:31.127595
905f7385-4f98-4488-87d7-42add30ecc62,SP_SmartPlus_contact_person_CP001,SP_Smile_policy_member_PM033,ATTR_DOB,1978-05-12,1990-03-05,0.5,False,SOFT_CONFLICT,2026-03-12T11:07:31.127606
70cd094e-ee49-465c-bc84-bdb3eead0f86,SP_SmartPlus_contact_person_CP001,SP_Smile_policy_member_PM033,ATTR_LAST_NAME,CHEN,WONG,0.2,False,SOFT_CONFLICT,2026-03-12T11:07:31.127617
363c551f-032d-4059-b8a5-be6978c4274d,SP_SmartPlus_contact_person_CP001,SP_Smile_policy_member_PM033,ATTR_EMAIL,emily.chen@techcorp.com,helen.wong@email.com,0.5,False,SOFT_CONFLICT,2026-03-12T11:07:31.127627
3f136561-cbef-40a8-b1fb-481488ece385,SP_SmartPlus_quote_member_QM051,SP_SmartPlus_quote_member_QM052,ATTR_PHONE,+85298880001,+85298880002,0.3,False,SOFT_CONFLICT,2026-03-12T11:07:31.130602
f52f55cc-8064-4f0c-b5f4-c052733e7102,SP_SmartPlus_quote_member_QM018,SP_SmartPlus_quote_member_QM034,SUB_HKID,O013456(7),T123456(7),1.0,True,HARD_CONFLICT,2026-03-12T11:07:31.134566
54ac5d83-4d8a-4d38-9961-68e1d7019a73,SP_SmartPlus_quote_member_QM018,SP_Smile_policy_member_PM032,SUB_HKID,O013456(7),T123456(7),1.0,True,HARD_CONFLICT,2026-03-12T11:07:31.136149
2e236443-ba03-4531-ad81-0852c2428df4,SP_SmartPlus_quote_member_QM034,SP_Smile_policy_member_PM016,SUB_HKID,T123456(7),O013456(7),1.0,True,HARD_CONFLICT,2026-03-12T11:07:31.137827
a5d24968-4011-497c-b196-0decfcc9ed4b,SP_Smile_policy_member_PM016,SP_Smile_policy_member_PM032,SUB_HKID,O013456(7),T123456(7),1.0,True,HARD_CONFLICT,2026-03-12T11:07:31.139268
1d5fd28d-cbd6-42b8-943d-b7c1d217d424,SP_SmartPlus_quote_member_QM051,SP_SmartPlus_quote_member_QM053,SUB_HKID,TX123456(7),TY123456(7),1.0,True,HARD_CONFLICT,2026-03-12T11:07:31.140720
f9312037-dd59-4a33-af99-344475e2529d,SP_SmartPlus_quote_member_QM052,SP_SmartPlus_quote_member_QM053,ATTR_PHONE,+85298880002,+85298880003,0.3,False,SOFT_CONFLICT,2026-03-12T11:07:31.142127
21e1c195-074c-4f1a-8ebc-db49a6b8c689,SP_SmartPlus_quote_member_QM052,SP_SmartPlus_quote_member_QM053,ATTR_EMAIL,shared@transit.com,different@transit.com,0.5,False,SOFT_CONFLICT,2026-03-12T11:07:31.142173
