evidence_id,party_id_1,party_id_2,match_type,match_rule_id,match_key,evidence_value,confidence_score,created_at,blocking_keys
7107aa90-43c4-40e7-ba50-4b34362a61f0,SP_SmartPlus_quote_member_QM019,SP_Smile_policy_member_PM017,EXACT_MATCH,RULE_EXACT_ATTR_PHONE,ATTR_PHONE,+85290000000,0.95,2026-03-12T11:07:28.964071,PHASE_1
4bfbe726-de5f-454d-aad9-592e37da452d,SP_SmartPlus_quote_member_QM019,SP_Smile_policy_member_PM017,EXACT_MATCH,RULE_EXACT_ATTR_GENDER,ATTR_GENDER,F,0.95,2026-03-12T11:07:28.964087,PHASE_1
3800c262-acea-45f6-a523-a20d8909f46b,SP_SmartPlus_quote_member_QM019,SP_Smile_policy_member_PM017,EXACT_MATCH,RULE_EXACT_ATTR_FIRST_NAME,ATTR_FIRST_NAME,MEMBER2,0.95,2026-03-12T11:07:28.964100,PHASE_1
f24ec71b-9704-439f-809d-1a66a106ce2d,SP_SmartPlus_quote_member_QM019,SP_Smile_policy_member_PM017,EXACT_MATCH,RULE_EXACT_ATTR_DOB,ATTR_DOB,1975-01-01,0.95,2026-03-12T11:07:28.964113,PHASE_1
4ed46068-1010-4024-98e8-90807dc184ed,SP_SmartPlus_quote_member_QM019,SP_Smile_policy_member_PM017,EXACT_MATCH,RULE_EXACT_ATTR_LAST_NAME,ATTR_LAST_NAME,LARGEFAMILY,0.95,2026-03-12T11:07:28.964125,PHASE_1
86105101-9aea-45f3-bd39-69a7c0bcee27,SP_SmartPlus_quote_member_QM019,SP_Smile_policy_member_PM017,EXACT_MATCH,RULE_EXACT_ATTR_EMAIL,ATTR_EMAIL,member2@largefamily.com,0.95,2026-03-12T11:07:28.964138,PHASE_1
6bd28db9-f01b-441a-ae9c-b08d839b897c,SP_SmartPlus_quote_member_QM019,SP_Smile_policy_member_PM017,EXACT_MATCH,RULE_EXACT_SUB_HKID,SUB_HKID,O023456(7),1.0,2026-03-12T11:07:28.964150,PHASE_1
b5d104ae-d3c6-4236-99bc-71a0cdf73cbe,SP_SmartPlus_quote_member_QM025,SP_Smile_policy_member_PM023,EXACT_MATCH,RULE_EXACT_ATTR_PHONE,ATTR_PHONE,+85290000000,0.95,2026-03-12T11:07:29.036229,PHASE_1
ec1a873d-d24d-4852-bcf5-6c861a5eea12,SP_SmartPlus_quote_member_QM025,SP_Smile_policy_member_PM023,EXACT_MATCH,RULE_EXACT_ATTR_GENDER,ATTR_GENDER,F,0.95,2026-03-12T11:07:29.036249,PHASE_1
211e38bc-af1e-4f48-9eb4-5e13520df85b,SP_SmartPlus_quote_member_QM025,SP_Smile_policy_member_PM023,EXACT_MATCH,RULE_EXACT_ATTR_FIRST_NAME,ATTR_FIRST_NAME,MEMBER8,0.95,2026-03-12T11:07:29.036263,PHASE_1
18722df1-5998-4d7e-962e-aa1de816b8c1,SP_SmartPlus_quote_member_QM025,SP_Smile_policy_member_PM023,EXACT_MATCH,RULE_EXACT_ATTR_DOB,ATTR_DOB,1945-01-01,0.95,2026-03-12T11:07:29.036275,PHASE_1
bd41fee1-cc18-425b-8583-a217c08e2311,SP_SmartPlus_quote_member_QM025,SP_Smile_policy_member_PM023,EXACT_MATCH,RULE_EXACT_ATTR_LAST_NAME,ATTR_LAST_NAME,LARGEFAMILY,0.95,2026-03-12T11:07:29.036288,PHASE_1
dd130b11-9bdc-4521-a87b-c5e3be5d4192,SP_SmartPlus_quote_member_QM025,SP_Smile_policy_member_PM023,EXACT_MATCH,RULE_EXACT_ATTR_EMAIL,ATTR_EMAIL,member8@largefamily.com,0.95,2026-03-12T11:07:29.036301,PHASE_1
904eea0a-ddd2-453e-99b8-27f71be361e8,SP_SmartPlus_quote_member_QM025,SP_Smile_policy_member_PM023,EXACT_MATCH,RULE_EXACT_SUB_HKID,SUB_HKID,O083456(7),1.0,2026-03-12T11:07:29.036313,PHASE_1
11c302c6-eb70-439b-8a94-58b955ddbd2d,SP_Smile_policy_member_PM022,SP_SmartPlus_quote_member_QM024,EXACT_MATCH,RULE_EXACT_ATTR_PHONE,ATTR_PHONE,+85290000000,0.95,2026-03-12T11:07:29.066341,PHASE_1
4778ceb3-18cb-4fb3-9997-39519a9ed0ef,SP_Smile_policy_member_PM022,SP_SmartPlus_quote_member_QM024,EXACT_MATCH,RULE_EXACT_ATTR_GENDER,ATTR_GENDER,M,0.95,2026-03-12T11:07:29.066367,PHASE_1
a79e2214-0d18-43fe-a409-33807c3284e2,SP_Smile_policy_member_PM022,SP_SmartPlus_quote_member_QM024,EXACT_MATCH,RULE_EXACT_ATTR_FIRST_NAME,ATTR_FIRST_NAME,MEMBER7,0.95,2026-03-12T11:07:29.066380,PHASE_1
f2eb9eb5-84f9-4cb5-aede-95a55d400efc,SP_Smile_policy_member_PM022,SP_SmartPlus_quote_member_QM024,EXACT_MATCH,RULE_EXACT_ATTR_DOB,ATTR_DOB,1950-01-01,0.95,2026-03-12T11:07:29.066393,PHASE_1
433bc35f-3f72-486a-b4e0-229dcf1e2f92,SP_Smile_policy_member_PM022,SP_SmartPlus_quote_member_QM024,EXACT_MATCH,RULE_EXACT_ATTR_LAST_NAME,ATTR_LAST_NAME,LARGEFAMILY,0.95,2026-03-12T11:07:29.066406,PHASE_1
2d0eb788-976e-41f6-8a8c-1e7567469496,SP_Smile_policy_member_PM022,SP_SmartPlus_quote_member_QM024,EXACT_MATCH,RULE_EXACT_ATTR_EMAIL,ATTR_EMAIL,member7@largefamily.com,0.95,2026-03-12T11:07:29.066419,PHASE_1
96b351fe-eacc-4528-89e0-29956738f9c0,SP_Smile_policy_member_PM022,SP_SmartPlus_quote_member_QM024,EXACT_MATCH,RULE_EXACT_SUB_HKID,SUB_HKID,O073456(7),1.0,2026-03-12T11:07:29.066431,PHASE_1
68e5935f-81ff-4ee1-9120-537474a4cf78,SP_SmartPlus_quote_member_QM018,SP_Smile_policy_member_PM016,EXACT_MATCH,RULE_EXACT_ATTR_PHONE,ATTR_PHONE,+85290000000,0.95,2026-03-12T11:07:29.119519,PHASE_1
47c05d0d-b23c-44c2-898d-53ee6d3bb8b5,SP_SmartPlus_quote_member_QM018,SP_Smile_policy_member_PM016,EXACT_MATCH,RULE_EXACT_ATTR_GENDER,ATTR_GENDER,M,0.95,2026-03-12T11:07:29.119537,PHASE_1
01ed9992-ad83-47c5-82d1-863c3d33f9bd,SP_SmartPlus_quote_member_QM018,SP_Smile_policy_member_PM016,EXACT_MATCH,RULE_EXACT_ATTR_FIRST_NAME,ATTR_FIRST_NAME,MEMBER1,0.95,2026-03-12T11:07:29.119554,PHASE_1
8fee30cb-d895-47af-9444-2b7a341b2165,SP_SmartPlus_quote_member_QM018,SP_Smile_policy_member_PM016,EXACT_MATCH,RULE_EXACT_ATTR_DOB,ATTR_DOB,1980-01-01,0.95,2026-03-12T11:07:29.119568,PHASE_1
5f0f38ca-b9c2-4949-8d35-80ab761b01be,SP_SmartPlus_quote_member_QM018,SP_Smile_policy_member_PM016,EXACT_MATCH,RULE_EXACT_ATTR_LAST_NAME,ATTR_LAST_NAME,LARGEFAMILY,0.95,2026-03-12T11:07:29.119581,PHASE_1
0b44f8f3-9104-4b8d-af51-b56f43542640,SP_SmartPlus_quote_member_QM018,SP_Smile_policy_member_PM016,EXACT_MATCH,RULE_EXACT_ATTR_EMAIL,ATTR_EMAIL,member1@largefamily.com,0.95,2026-03-12T11:07:29.119594,PHASE_1
e76d5188-faf2-4bb5-9cad-be97dcfc630f,SP_SmartPlus_quote_member_QM018,SP_Smile_policy_member_PM016,EXACT_MATCH,RULE_EXACT_SUB_HKID,SUB_HKID,O013456(7),1.0,2026-03-12T11:07:29.119606,PHASE_1
eb096133-188d-4159-a36b-68888ad1693e,SP_SmartPlus_quote_member_QM027,SP_Smile_policy_member_PM025,EXACT_MATCH,RULE_EXACT_ATTR_PHONE,ATTR_PHONE,+85290000000,0.95,2026-03-12T11:07:30.022074,PHASE_1
43e2d11c-c467-49cd-b924-32a9527ee98e,SP_SmartPlus_quote_member_QM027,SP_Smile_policy_member_PM025,EXACT_MATCH,RULE_EXACT_ATTR_GENDER,ATTR_GENDER,F,0.95,2026-03-12T11:07:30.022160,PHASE_1
e276e87d-d335-4413-9098-1d09295548ed,SP_SmartPlus_quote_member_QM027,SP_Smile_policy_member_PM025,EXACT_MATCH,RULE_EXACT_ATTR_FIRST_NAME,ATTR_FIRST_NAME,MEMBER10,0.95,2026-03-12T11:07:30.022241,PHASE_1
91374404-fb8f-411a-b427-db5d3c5b6e08,SP_SmartPlus_quote_member_QM027,SP_Smile_policy_member_PM025,EXACT_MATCH,RULE_EXACT_ATTR_DOB,ATTR_DOB,1935-01-01,0.95,2026-03-12T11:07:30.022330,PHASE_1
8654e9f1-f1b1-4aba-b942-5c8d08c57177,SP_SmartPlus_quote_member_QM027,SP_Smile_policy_member_PM025,EXACT_MATCH,RULE_EXACT_ATTR_LAST_NAME,ATTR_LAST_NAME,LARGEFAMILY,0.95,2026-03-12T11:07:30.022372,PHASE_1
16922c5e-997e-44dd-8d8c-9077de6a1cb5,SP_SmartPlus_quote_member_QM027,SP_Smile_policy_member_PM025,EXACT_MATCH,RULE_EXACT_ATTR_EMAIL,ATTR_EMAIL,member10@largefamily.com,0.95,2026-03-12T11:07:30.022389,PHASE_1
61c21f32-7a82-42bb-8ab7-2ba656105b20,SP_SmartPlus_quote_member_QM027,SP_Smile_policy_member_PM025,EXACT_MATCH,RULE_EXACT_SUB_HKID,SUB_HKID,O103456(7),1.0,2026-03-12T11:07:30.022403,PHASE_1
360bbf7f-9460-40e3-b193-cc521b6e68f0,SP_SmartPlus_quote_member_QM026,SP_Smile_policy_member_PM024,EXACT_MATCH,RULE_EXACT_ATTR_PHONE,ATTR_PHONE,+85290000000,0.95,2026-03-12T11:07:30.167009,PHASE_1
2da47c40-e1fb-4a01-9a9e-e5a3c8129e9a,SP_SmartPlus_quote_member_QM026,SP_Smile_policy_member_PM024,EXACT_MATCH,RULE_EXACT_ATTR_GENDER,ATTR_GENDER,M,0.95,2026-03-12T11:07:30.167037,PHASE_1
03a4ae54-723e-49cc-8928-e7dcca980507,SP_SmartPlus_quote_member_QM026,SP_Smile_policy_member_PM024,EXACT_MATCH,RULE_EXACT_ATTR_FIRST_NAME,ATTR_FIRST_NAME,MEMBER9,0.95,2026-03-12T11:07:30.167052,PHASE_1
f1265fdd-3eae-46c7-8769-410dcaf443ed,SP_SmartPlus_quote_member_QM026,SP_Smile_policy_member_PM024,EXACT_MATCH,RULE_EXACT_ATTR_DOB,ATTR_DOB,1940-01-01,0.95,2026-03-12T11:07:30.167065,PHASE_1
eb378be4-bdf0-4be5-a7b6-90eaf64c0995,SP_SmartPlus_quote_member_QM026,SP_Smile_policy_member_PM024,EXACT_MATCH,RULE_EXACT_ATTR_LAST_NAME,ATTR_LAST_NAME,LARGEFAMILY,0.95,2026-03-12T11:07:30.167077,PHASE_1
67314e20-eded-437e-bd31-8f4e7fd6f993,SP_SmartPlus_quote_member_QM026,SP_Smile_policy_member_PM024,EXACT_MATCH,RULE_EXACT_ATTR_EMAIL,ATTR_EMAIL,member9@largefamily.com,0.95,2026-03-12T11:07:30.167090,PHASE_1
1e8d033a-a866-45f7-96ca-6064765e7ac1,SP_SmartPlus_quote_member_QM026,SP_Smile_policy_member_PM024,EXACT_MATCH,RULE_EXACT_SUB_HKID,SUB_HKID,O093456(7),1.0,2026-03-12T11:07:30.167103,PHASE_1
c31339bf-c16a-4912-89ce-b5f50dde0a19,SP_SmartPlus_quote_member_QM020,SP_Smile_policy_member_PM018,EXACT_MATCH,RULE_EXACT_ATTR_PHONE,ATTR_PHONE,+85290000000,0.95,2026-03-12T11:07:30.374514,PHASE_1
cf35e158-d8bd-44cc-85b5-e319c95467d6,SP_SmartPlus_quote_member_QM020,SP_Smile_policy_member_PM018,EXACT_MATCH,RULE_EXACT_ATTR_GENDER,ATTR_GENDER,M,0.95,2026-03-12T11:07:30.374532,PHASE_1
91ea8282-f354-449a-b6c8-7bc83d614a3e,SP_SmartPlus_quote_member_QM020,SP_Smile_policy_member_PM018,EXACT_MATCH,RULE_EXACT_ATTR_FIRST_NAME,ATTR_FIRST_NAME,MEMBER3,0.95,2026-03-12T11:07:30.374547,PHASE_1
864efc3a-2780-48e8-ab4c-ae825905e3af,SP_SmartPlus_quote_member_QM020,SP_Smile_policy_member_PM018,EXACT_MATCH,RULE_EXACT_ATTR_DOB,ATTR_DOB,1970-01-01,0.95,2026-03-12T11:07:30.374560,PHASE_1
47793ba9-10c3-4574-ad94-04329ffc2c38,SP_SmartPlus_quote_member_QM020,SP_Smile_policy_member_PM018,EXACT_MATCH,RULE_EXACT_ATTR_LAST_NAME,ATTR_LAST_NAME,LARGEFAMILY,0.95,2026-03-12T11:07:30.374575,PHASE_1
5b025e4d-f116-4ecb-b51e-01cf3e8cbb3c,SP_SmartPlus_quote_member_QM020,SP_Smile_policy_member_PM018,EXACT_MATCH,RULE_EXACT_ATTR_EMAIL,ATTR_EMAIL,member3@largefamily.com,0.95,2026-03-12T11:07:30.374588,PHASE_1
58225832-ce6b-468d-ad88-8415ee6f6142,SP_SmartPlus_quote_member_QM020,SP_Smile_policy_member_PM018,EXACT_MATCH,RULE_EXACT_SUB_HKID,SUB_HKID,O033456(7),1.0,2026-03-12T11:07:30.374600,PHASE_1
f0b0b0a4-2746-45b7-a87d-93599a21ad82,SP_Smile_policy_member_PM026,SP_SmartPlus_quote_member_QM028,EXACT_MATCH,RULE_EXACT_ATTR_PHONE,ATTR_PHONE,+85290000000,0.95,2026-03-12T11:07:30.483734,PHASE_1
aa76fd3c-8a4f-46df-b504-60d67eb0b8cc,SP_Smile_policy_member_PM026,SP_SmartPlus_quote_member_QM028,EXACT_MATCH,RULE_EXACT_ATTR_GENDER,ATTR_GENDER,M,0.95,2026-03-12T11:07:30.483752,PHASE_1
717f895a-efb4-481c-acd2-395f81eb05ea,SP_Smile_policy_member_PM026,SP_SmartPlus_quote_member_QM028,EXACT_MATCH,RULE_EXACT_ATTR_FIRST_NAME,ATTR_FIRST_NAME,MEMBER11,0.95,2026-03-12T11:07:30.483765,PHASE_1
2a2f7c5e-0503-49b9-b92c-b76be0718236,SP_Smile_policy_member_PM026,SP_SmartPlus_quote_member_QM028,EXACT_MATCH,RULE_EXACT_ATTR_DOB,ATTR_DOB,1930-01-01,0.95,2026-03-12T11:07:30.483778,PHASE_1
c533a6df-ef47-4e96-8859-e955e5a849d1,SP_Smile_policy_member_PM026,SP_SmartPlus_quote_member_QM028,EXACT_MATCH,RULE_EXACT_ATTR_LAST_NAME,ATTR_LAST_NAME,LARGEFAMILY,0.95,2026-03-12T11:07:30.483791,PHASE_1
89b2c5b6-3787-4eaf-8fba-a6f7eb52904a,SP_Smile_policy_member_PM026,SP_SmartPlus_quote_member_QM028,EXACT_MATCH,RULE_EXACT_ATTR_EMAIL,ATTR_EMAIL,member11@largefamily.com,0.95,2026-03-12T11:07:30.483804,PHASE_1
31c27d56-3ac1-4dd5-a455-e7f36863925c,SP_Smile_policy_member_PM026,SP_SmartPlus_quote_member_QM028,EXACT_MATCH,RULE_EXACT_SUB_HKID,SUB_HKID,O113456(7),1.0,2026-03-12T11:07:30.483818,PHASE_1
077cc2c4-7dd5-467c-9fb2-5f404c5f9d82,SP_Smile_policy_member_PM019,SP_SmartPlus_quote_member_QM021,EXACT_MATCH,RULE_EXACT_ATTR_PHONE,ATTR_PHONE,+85290000000,0.95,2026-03-12T11:07:30.587663,PHASE_1
cc5c2ff4-8f3b-48e0-b498-4295f8baa327,SP_Smile_policy_member_PM019,SP_SmartPlus_quote_member_QM021,EXACT_MATCH,RULE_EXACT_ATTR_GENDER,ATTR_GENDER,F,0.95,2026-03-12T11:07:30.587681,PHASE_1
f8aafc8b-4a48-4e57-b3be-d751f98a7872,SP_Smile_policy_member_PM019,SP_SmartPlus_quote_member_QM021,EXACT_MATCH,RULE_EXACT_ATTR_FIRST_NAME,ATTR_FIRST_NAME,MEMBER4,0.95,2026-03-12T11:07:30.587695,PHASE_1
ae163b2a-6b88-4c15-951f-c58272b8d902,SP_Smile_policy_member_PM019,SP_SmartPlus_quote_member_QM021,EXACT_MATCH,RULE_EXACT_ATTR_DOB,ATTR_DOB,1965-01-01,0.95,2026-03-12T11:07:30.587708,PHASE_1
592783ef-08c7-4b22-b710-f182052a129b,SP_Smile_policy_member_PM019,SP_SmartPlus_quote_member_QM021,EXACT_MATCH,RULE_EXACT_ATTR_LAST_NAME,ATTR_LAST_NAME,LARGEFAMILY,0.95,2026-03-12T11:07:30.587743,PHASE_1
33b96c64-238c-4160-b365-dbde2d2dc292,SP_Smile_policy_member_PM019,SP_SmartPlus_quote_member_QM021,EXACT_MATCH,RULE_EXACT_ATTR_EMAIL,ATTR_EMAIL,member4@largefamily.com,0.95,2026-03-12T11:07:30.587756,PHASE_1
1920944c-1a73-409a-8430-19f861f91996,SP_Smile_policy_member_PM019,SP_SmartPlus_quote_member_QM021,EXACT_MATCH,RULE_EXACT_SUB_HKID,SUB_HKID,O043456(7),1.0,2026-03-12T11:07:30.587768,PHASE_1
3e9b6da3-577a-48d5-a7b8-d2cd624beb5a,SP_SmartPlus_quote_member_QM022,SP_Smile_policy_member_PM020,EXACT_MATCH,RULE_EXACT_ATTR_PHONE,ATTR_PHONE,+85290000000,0.95,2026-03-12T11:07:30.600553,PHASE_1
3bd80a7d-0e93-46a4-b89f-a2cac0506a7e,SP_SmartPlus_quote_member_QM022,SP_Smile_policy_member_PM020,EXACT_MATCH,RULE_EXACT_ATTR_GENDER,ATTR_GENDER,M,0.95,2026-03-12T11:07:30.600570,PHASE_1
063e3219-1e5d-4f8e-9233-00101bf71bf1,SP_SmartPlus_quote_member_QM022,SP_Smile_policy_member_PM020,EXACT_MATCH,RULE_EXACT_ATTR_FIRST_NAME,ATTR_FIRST_NAME,MEMBER5,0.95,2026-03-12T11:07:30.600584,PHASE_1
a1f00a5e-e9f6-461a-a4b4-bf39cc688186,SP_SmartPlus_quote_member_QM022,SP_Smile_policy_member_PM020,EXACT_MATCH,RULE_EXACT_ATTR_DOB,ATTR_DOB,1960-01-01,0.95,2026-03-12T11:07:30.600597,PHASE_1
215675c6-8aeb-4f62-9e05-3c50a250f193,SP_SmartPlus_quote_member_QM022,SP_Smile_policy_member_PM020,EXACT_MATCH,RULE_EXACT_ATTR_LAST_NAME,ATTR_LAST_NAME,LARGEFAMILY,0.95,2026-03-12T11:07:30.600609,PHASE_1
4aa56fea-17af-4797-a61e-4b5e998edbde,SP_SmartPlus_quote_member_QM022,SP_Smile_policy_member_PM020,EXACT_MATCH,RULE_EXACT_ATTR_EMAIL,ATTR_EMAIL,member5@largefamily.com,0.95,2026-03-12T11:07:30.600624,PHASE_1
2112ca4d-a0cc-4840-82d1-d33a1ac0da3b,SP_SmartPlus_quote_member_QM022,SP_Smile_policy_member_PM020,EXACT_MATCH,RULE_EXACT_SUB_HKID,SUB_HKID,O053456(7),1.0,2026-03-12T11:07:30.600636,PHASE_1
a176fe61-67ee-43c7-a377-ebd1faaabb30,SP_Smile_policy_member_PM027,SP_SmartPlus_quote_member_QM029,EXACT_MATCH,RULE_EXACT_ATTR_PHONE,ATTR_PHONE,+85290000000,0.95,2026-03-12T11:07:30.625570,PHASE_1
c335f975-c9c7-4e97-aa5b-ce62408c4dcf,SP_Smile_policy_member_PM027,SP_SmartPlus_quote_member_QM029,EXACT_MATCH,RULE_EXACT_ATTR_GENDER,ATTR_GENDER,F,0.95,2026-03-12T11:07:30.625584,PHASE_1
3e951106-1b8a-4af3-92d0-13ac1291c755,SP_Smile_policy_member_PM027,SP_SmartPlus_quote_member_QM029,EXACT_MATCH,RULE_EXACT_ATTR_FIRST_NAME,ATTR_FIRST_NAME,MEMBER12,0.95,2026-03-12T11:07:30.625596,PHASE_1
c0fb76dc-9ffd-4241-9d49-6b1fd95679f6,SP_Smile_policy_member_PM027,SP_SmartPlus_quote_member_QM029,EXACT_MATCH,RULE_EXACT_ATTR_DOB,ATTR_DOB,1925-01-01,0.95,2026-03-12T11:07:30.625608,PHASE_1
38332b7d-0fcf-4e5f-a26a-1df40cd2dea7,SP_Smile_policy_member_PM027,SP_SmartPlus_quote_member_QM029,EXACT_MATCH,RULE_EXACT_ATTR_LAST_NAME,ATTR_LAST_NAME,LARGEFAMILY,0.95,2026-03-12T11:07:30.625620,PHASE_1
317e6997-59ed-4759-807d-c870bf0cb222,SP_Smile_policy_member_PM027,SP_SmartPlus_quote_member_QM029,EXACT_MATCH,RULE_EXACT_ATTR_EMAIL,ATTR_EMAIL,member12@largefamily.com,0.95,2026-03-12T11:07:30.625631,PHASE_1
90647627-a665-44b2-a4e8-6fad28192b24,SP_Smile_policy_member_PM027,SP_SmartPlus_quote_member_QM029,EXACT_MATCH,RULE_EXACT_SUB_HKID,SUB_HKID,O123456(7),1.0,2026-03-12T11:07:30.625643,PHASE_1
bef305c5-d4f6-456e-8a08-df36a92d5217,SP_SmartPlus_quote_member_QM023,SP_Smile_policy_member_PM021,EXACT_MATCH,RULE_EXACT_ATTR_PHONE,ATTR_PHONE,+85290000000,0.95,2026-03-12T11:07:30.647610,PHASE_1
d6a295f9-d377-4834-9e95-60f6fa285a2e,SP_SmartPlus_quote_member_QM023,SP_Smile_policy_member_PM021,EXACT_MATCH,RULE_EXACT_ATTR_GENDER,ATTR_GENDER,F,0.95,2026-03-12T11:07:30.647627,PHASE_1
7b046c68-3724-4891-91bd-272823312371,SP_SmartPlus_quote_member_QM023,SP_Smile_policy_member_PM021,EXACT_MATCH,RULE_EXACT_ATTR_FIRST_NAME,ATTR_FIRST_NAME,MEMBER6,0.95,2026-03-12T11:07:30.647639,PHASE_1
368ff603-77d4-4721-99ed-7547b8c527ca,SP_SmartPlus_quote_member_QM023,SP_Smile_policy_member_PM021,EXACT_MATCH,RULE_EXACT_ATTR_DOB,ATTR_DOB,1955-01-01,0.95,2026-03-12T11:07:30.647651,PHASE_1
6d3cb47f-34f3-4b59-8728-8ab6d55a116f,SP_SmartPlus_quote_member_QM023,SP_Smile_policy_member_PM021,EXACT_MATCH,RULE_EXACT_ATTR_LAST_NAME,ATTR_LAST_NAME,LARGEFAMILY,0.95,2026-03-12T11:07:30.647663,PHASE_1
0cf99372-ae5e-4b25-a872-cc9e2ea2efed,SP_SmartPlus_quote_member_QM023,SP_Smile_policy_member_PM021,EXACT_MATCH,RULE_EXACT_ATTR_EMAIL,ATTR_EMAIL,member6@largefamily.com,0.95,2026-03-12T11:07:30.647675,PHASE_1
1c5f1360-7c2a-4a5b-a372-cf8887d83abf,SP_SmartPlus_quote_member_QM023,SP_Smile_policy_member_PM021,EXACT_MATCH,RULE_EXACT_SUB_HKID,SUB_HKID,O063456(7),1.0,2026-03-12T11:07:30.647687,PHASE_1
81fc00b3-ae55-4ac5-94e4-882edbbac7b7,SP_SmartPlus_quote_member_QM001,SP_SmartPlus_lead_L001,EXACT_MATCH,RULE_EXACT_ATTR_PHONE,ATTR_PHONE,+85291234567,0.95,2026-03-12T11:07:30.658347,PHASE_1
9f7bfb52-8f18-4ef2-8572-ca91da93f514,SP_SmartPlus_quote_member_QM001,SP_SmartPlus_lead_L001,EXACT_MATCH,RULE_EXACT_ATTR_FIRST_NAME,ATTR_FIRST_NAME,JOHN,0.95,2026-03-12T11:07:30.658362,PHASE_1
405abca1-9f0a-4ddd-97b7-c60538dbf0da,SP_SmartPlus_quote_member_QM001,SP_SmartPlus_lead_L001,EXACT_MATCH,RULE_EXACT_ATTR_DOB,ATTR_DOB,1985-06-15,0.95,2026-03-12T11:07:30.658375,PHASE_1
44a6d489-aec9-4f31-bcce-eb959a206259,SP_SmartPlus_quote_member_QM001,SP_SmartPlus_lead_L001,EXACT_MATCH,RULE_EXACT_ATTR_LAST_NAME,ATTR_LAST_NAME,SMITH,0.95,2026-03-12T11:07:30.658388,PHASE_1
93568c2e-7baa-4f02-8ddd-6010b4be2cc1,SP_SmartPlus_quote_member_QM001,SP_SmartPlus_lead_L001,EXACT_MATCH,RULE_EXACT_ATTR_EMAIL,ATTR_EMAIL,john.smith@email.com,0.95,2026-03-12T11:07:30.658399,PHASE_1
159c4f2f-601b-4c31-b8ea-1c07ffe1230a,SP_SmartPlus_quote_member_QM001,SP_SmartPlus_lead_L001,EXACT_MATCH,RULE_EXACT_SUB_HKID,SUB_HKID,A123456(7),1.0,2026-03-12T11:07:30.658411,PHASE_1
965813ca-3adb-4281-9da3-bda3111b49a5,SP_SmartPlus_quote_member_QM001,SP_SmartPlus_application_A001_applicant,EXACT_MATCH,RULE_EXACT_ATTR_PHONE,ATTR_PHONE,+85291234567,0.95,2026-03-12T11:07:30.662350,PHASE_1
84d2a4da-6b8c-41d6-8f87-4c1ee627619e,SP_SmartPlus_quote_member_QM001,SP_SmartPlus_application_A001_applicant,EXACT_MATCH,RULE_EXACT_ATTR_FIRST_NAME,ATTR_FIRST_NAME,JOHN,0.95,2026-03-12T11:07:30.662364,PHASE_1
1876a6bd-75d1-4c6f-8c4b-5491955a7403,SP_SmartPlus_quote_member_QM001,SP_SmartPlus_application_A001_applicant,EXACT_MATCH,RULE_EXACT_ATTR_DOB,ATTR_DOB,1985-06-15,0.95,2026-03-12T11:07:30.662379,PHASE_1
90598d8c-cd7f-4cb7-8f00-437fd1206232,SP_SmartPlus_quote_member_QM001,SP_SmartPlus_application_A001_applicant,EXACT_MATCH,RULE_EXACT_ATTR_LAST_NAME,ATTR_LAST_NAME,SMITH,0.95,2026-03-12T11:07:30.662391,PHASE_1
9b8fb9b0-7d64-4383-864c-45212d5c2269,SP_SmartPlus_quote_member_QM001,SP_SmartPlus_application_A001_applicant,EXACT_MATCH,RULE_EXACT_ATTR_EMAIL,ATTR_EMAIL,john.smith@email.com,0.95,2026-03-12T11:07:30.662403,PHASE_1
877004dd-acf6-4046-8c8b-69c1ace45c0e,SP_SmartPlus_quote_member_QM001,SP_SmartPlus_application_A001_applicant,EXACT_MATCH,RULE_EXACT_SUB_HKID,SUB_HKID,A123456(7),1.0,2026-03-12T11:07:30.662417,PHASE_1
71b7bbb1-e333-4b43-8f02-7e1f5799a735,SP_SmartPlus_quote_member_QM001,SP_Smile_policy_member_PM001,EXACT_MATCH,RULE_EXACT_ATTR_PHONE,ATTR_PHONE,+85291234567,0.95,2026-03-12T11:07:30.669014,PHASE_1
e5ec99eb-288c-4777-ab1a-31a489fb534f,SP_SmartPlus_quote_member_QM001,SP_Smile_policy_member_PM001,EXACT_MATCH,RULE_EXACT_ATTR_GENDER,ATTR_GENDER,M,0.95,2026-03-12T11:07:30.669028,PHASE_1
b20e5fa2-1ca9-499b-8a4e-cb88fb7cefae,SP_SmartPlus_quote_member_QM001,SP_Smile_policy_member_PM001,EXACT_MATCH,RULE_EXACT_ATTR_FIRST_NAME,ATTR_FIRST_NAME,JOHN,0.95,2026-03-12T11:07:30.669040,PHASE_1
73e8ac7a-319e-4f42-b6e1-7648ba1a55d6,SP_SmartPlus_quote_member_QM001,SP_Smile_policy_member_PM001,EXACT_MATCH,RULE_EXACT_ATTR_DOB,ATTR_DOB,1985-06-15,0.95,2026-03-12T11:07:30.669052,PHASE_1
b0c69656-a26d-45c6-86b9-ab66ee87a78b,SP_SmartPlus_quote_member_QM001,SP_Smile_policy_member_PM001,EXACT_MATCH,RULE_EXACT_ATTR_LAST_NAME,ATTR_LAST_NAME,SMITH,0.95,2026-03-12T11:07:30.669063,PHASE_1
d54e2d31-1792-43db-bb8f-72b5534a4b03,SP_SmartPlus_quote_member_QM001,SP_Smile_policy_member_PM001,EXACT_MATCH,RULE_EXACT_ATTR_EMAIL,ATTR_EMAIL,john.smith@email.com,0.95,2026-03-12T11:07:30.669075,PHASE_1
7baab153-78c9-4e8b-bc73-cd240ecd5d98,SP_SmartPlus_quote_member_QM001,SP_Smile_policy_member_PM001,EXACT_MATCH,RULE_EXACT_SUB_HKID,SUB_HKID,A123456(7),1.0,2026-03-12T11:07:30.669086,PHASE_1
61b5d916-ce9a-42db-a81b-84c5917f9deb,SP_SmartPlus_lead_L001,SP_SmartPlus_application_A001_applicant,EXACT_MATCH,RULE_EXACT_ATTR_PHONE,ATTR_PHONE,+85291234567,0.95,2026-03-12T11:07:30.685023,PHASE_1
150dba85-9f98-4ca8-8c0d-c4149b82d655,SP_SmartPlus_lead_L001,SP_SmartPlus_application_A001_applicant,EXACT_MATCH,RULE_EXACT_ATTR_FIRST_NAME,ATTR_FIRST_NAME,JOHN,0.95,2026-03-12T11:07:30.685037,PHASE_1
0a3aea5a-db95-4ef2-ac3c-a7a491cb1112,SP_SmartPlus_lead_L001,SP_SmartPlus_application_A001_applicant,EXACT_MATCH,RULE_EXACT_ATTR_DOB,ATTR_DOB,1985-06-15,0.95,2026-03-12T11:07:30.685054,PHASE_1
9c3c0dd6-6655-4877-bf12-c024f1e7c648,SP_SmartPlus_lead_L001,SP_SmartPlus_application_A001_applicant,EXACT_MATCH,RULE_EXACT_ATTR_LAST_NAME,ATTR_LAST_NAME,SMITH,0.95,2026-03-12T11:07:30.685066,PHASE_1
86cceb4b-2e71-4f5d-92b7-1318fa29fee1,SP_SmartPlus_lead_L001,SP_SmartPlus_application_A001_applicant,EXACT_MATCH,RULE_EXACT_ATTR_EMAIL,ATTR_EMAIL,john.smith@email.com,0.95,2026-03-12T11:07:30.685077,PHASE_1
062a4177-d5ed-43e0-9c99-52d387fbc63f,SP_SmartPlus_lead_L001,SP_SmartPlus_application_A001_applicant,EXACT_MATCH,RULE_EXACT_SUB_HKID,SUB_HKID,A123456(7),1.0,2026-03-12T11:07:30.685091,PHASE_1
a1045365-32db-4d11-b128-0f55d372185e,SP_SmartPlus_lead_L001,SP_Smile_policy_member_PM001,EXACT_MATCH,RULE_EXACT_ATTR_PHONE,ATTR_PHONE,+85291234567,0.95,2026-03-12T11:07:30.691981,PHASE_1
5c969ac7-5608-493b-9daf-333b1a307951,SP_SmartPlus_lead_L001,SP_Smile_policy_member_PM001,EXACT_MATCH,RULE_EXACT_ATTR_FIRST_NAME,ATTR_FIRST_NAME,JOHN,0.95,2026-03-12T11:07:30.692001,PHASE_1
04e8d636-37e3-4330-833d-f4094d9802b4,SP_SmartPlus_lead_L001,SP_Smile_policy_member_PM001,EXACT_MATCH,RULE_EXACT_ATTR_DOB,ATTR_DOB,1985-06-15,0.95,2026-03-12T11:07:30.692014,PHASE_1
6f610b02-8190-415e-9278-a22e3f760892,SP_SmartPlus_lead_L001,SP_Smile_policy_member_PM001,EXACT_MATCH,RULE_EXACT_ATTR_LAST_NAME,ATTR_LAST_NAME,SMITH,0.95,2026-03-12T11:07:30.692027,PHASE_1
a004999c-93e7-494f-8ec0-95a8be9bf8f1,SP_SmartPlus_lead_L001,SP_Smile_policy_member_PM001,EXACT_MATCH,RULE_EXACT_ATTR_EMAIL,ATTR_EMAIL,john.smith@email.com,0.95,2026-03-12T11:07:30.692038,PHASE_1
1941b908-6339-46af-8370-5c7c99142997,SP_SmartPlus_lead_L001,SP_Smile_policy_member_PM001,EXACT_MATCH,RULE_EXACT_SUB_HKID,SUB_HKID,A123456(7),1.0,2026-03-12T11:07:30.692050,PHASE_1
2b2d54ef-7ef1-4546-b7af-10e5b3c58d0d,SP_SmartPlus_application_A001_applicant,SP_Smile_policy_member_PM001,EXACT_MATCH,RULE_EXACT_ATTR_PHONE,ATTR_PHONE,+85291234567,0.95,2026-03-12T11:07:30.714266,PHASE_1
7f0db43a-f764-4872-bf81-282aff37f4c9,SP_SmartPlus_application_A001_applicant,SP_Smile_policy_member_PM001,EXACT_MATCH,RULE_EXACT_ATTR_FIRST_NAME,ATTR_FIRST_NAME,JOHN,0.95,2026-03-12T11:07:30.714286,PHASE_1
8d9506b3-1dbe-4535-8aaf-ac200b40caef,SP_SmartPlus_application_A001_applicant,SP_Smile_policy_member_PM001,EXACT_MATCH,RULE_EXACT_ATTR_DOB,ATTR_DOB,1985-06-15,0.95,2026-03-12T11:07:30.714303,PHASE_1
467c437f-319d-4537-b488-04a19c6d9911,SP_SmartPlus_application_A001_applicant,SP_Smile_policy_member_PM001,EXACT_MATCH,RULE_EXACT_ATTR_LAST_NAME,ATTR_LAST_NAME,SMITH,0.95,2026-03-12T11:07:30.714315,PHASE_1
2626421b-04ec-4a4f-8e3a-647094e50460,SP_SmartPlus_application_A001_applicant,SP_Smile_policy_member_PM001,EXACT_MATCH,RULE_EXACT_ATTR_EMAIL,ATTR_EMAIL,john.smith@email.com,0.95,2026-03-12T11:07:30.714327,PHASE_1
c0bc5ad0-d7d3-45bc-ba13-2f7d2a160f5d,SP_SmartPlus_application_A001_applicant,SP_Smile_policy_member_PM001,EXACT_MATCH,RULE_EXACT_SUB_HKID,SUB_HKID,A123456(7),1.0,2026-03-12T11:07:30.714339,PHASE_1
ce6a79ed-b2ff-4fab-9e63-9ae7d3202475,SP_SmartPlus_quote_member_QM017,SP_Smile_policy_member_PM014,EXACT_MATCH,RULE_EXACT_ATTR_PHONE,ATTR_PHONE,+85292345678,0.95,2026-03-12T11:07:30.729360,PHASE_1
24e247f0-c9dd-47bc-a77d-7d54213f6bf6,SP_SmartPlus_quote_member_QM017,SP_Smile_policy_member_PM014,EXACT_MATCH,RULE_EXACT_ATTR_GENDER,ATTR_GENDER,M,0.95,2026-03-12T11:07:30.729378,PHASE_1
161a5988-e619-47ac-bfc2-168117e09b74,SP_SmartPlus_quote_member_QM017,SP_Smile_policy_member_PM014,EXACT_MATCH,RULE_EXACT_ATTR_FIRST_NAME,ATTR_FIRST_NAME,PETER,0.95,2026-03-12T11:07:30.729392,PHASE_1
3720694d-3467-4156-95c2-955992e2960a,SP_SmartPlus_quote_member_QM017,SP_Smile_policy_member_PM014,EXACT_MATCH,RULE_EXACT_ATTR_DOB,ATTR_DOB,1975-09-14,0.95,2026-03-12T11:07:30.729404,PHASE_1
0435d984-ecd4-495e-b8b1-3537d978a008,SP_SmartPlus_quote_member_QM017,SP_Smile_policy_member_PM014,EXACT_MATCH,RULE_EXACT_ATTR_LAST_NAME,ATTR_LAST_NAME,JOHNSON,0.95,2026-03-12T11:07:30.729417,PHASE_1
f5d5d13f-c72d-4242-9e06-5dd2340f42b4,SP_SmartPlus_quote_member_QM017,SP_Smile_policy_member_PM014,EXACT_MATCH,RULE_EXACT_ATTR_EMAIL,ATTR_EMAIL,peter.johnson@email.com,0.95,2026-03-12T11:07:30.729430,PHASE_1
46be72d9-abe0-4abe-a3d3-2f03bf29d77e,SP_SmartPlus_quote_member_QM017,SP_Smile_policy_member_PM014,EXACT_MATCH,RULE_EXACT_SUB_HKID,SUB_HKID,M123456(7),1.0,2026-03-12T11:07:30.729442,PHASE_1
68ba7927-98f3-47fc-aaf6-29fd3771e8a2,SP_SmartPlus_quote_member_QM017,SP_SmartPlus_quote_member_QM016,EXACT_MATCH,RULE_EXACT_ATTR_PHONE,ATTR_PHONE,+85292345678,0.95,2026-03-12T11:07:30.730906,PHASE_1
6b40ac8c-4b2f-4375-a1d3-39d17e763e56,SP_SmartPlus_quote_member_QM017,SP_SmartPlus_quote_member_QM016,EXACT_MATCH,RULE_EXACT_ATTR_GENDER,ATTR_GENDER,M,0.95,2026-03-12T11:07:30.730921,PHASE_1
a0a38da0-6c91-492b-8a62-aab227ec286e,SP_SmartPlus_quote_member_QM017,SP_SmartPlus_quote_member_QM016,EXACT_MATCH,RULE_EXACT_ATTR_FIRST_NAME,ATTR_FIRST_NAME,PETER,0.95,2026-03-12T11:07:30.730934,PHASE_1
f6ffb09a-8750-487c-9378-5b786847eb75,SP_SmartPlus_quote_member_QM017,SP_SmartPlus_quote_member_QM016,EXACT_MATCH,RULE_EXACT_ATTR_DOB,ATTR_DOB,1975-09-14,0.95,2026-03-12T11:07:30.730947,PHASE_1
5e3cd548-6588-4674-9f9a-543d5ede60e4,SP_SmartPlus_quote_member_QM017,SP_SmartPlus_quote_member_QM016,EXACT_MATCH,RULE_EXACT_ATTR_LAST_NAME,ATTR_LAST_NAME,JOHNSON,0.95,2026-03-12T11:07:30.730960,PHASE_1
ce9cef41-180c-4ac2-8543-08166fc27308,SP_SmartPlus_quote_member_QM017,SP_SmartPlus_quote_member_QM016,EXACT_MATCH,RULE_EXACT_ATTR_EMAIL,ATTR_EMAIL,peter.johnson@email.com,0.95,2026-03-12T11:07:30.730972,PHASE_1
97fb2aea-4723-4d81-99d9-ba13c90e9fad,SP_SmartPlus_quote_member_QM017,SP_SmartPlus_quote_member_QM016,EXACT_MATCH,RULE_EXACT_SUB_HKID,SUB_HKID,M123456(7),1.0,2026-03-12T11:07:30.730987,PHASE_1
c1460fd9-4a10-48db-a515-3ada3ecda264,SP_Smile_policy_member_PM014,SP_SmartPlus_quote_member_QM016,EXACT_MATCH,RULE_EXACT_ATTR_PHONE,ATTR_PHONE,+85292345678,0.95,2026-03-12T11:07:30.737446,PHASE_1
ebcef9f1-51c6-44a4-98c3-332578c1c209,SP_Smile_policy_member_PM014,SP_SmartPlus_quote_member_QM016,EXACT_MATCH,RULE_EXACT_ATTR_GENDER,ATTR_GENDER,M,0.95,2026-03-12T11:07:30.737468,PHASE_1
f0f81123-c7ce-4e68-8197-3cabd1754e10,SP_Smile_policy_member_PM014,SP_SmartPlus_quote_member_QM016,EXACT_MATCH,RULE_EXACT_ATTR_FIRST_NAME,ATTR_FIRST_NAME,PETER,0.95,2026-03-12T11:07:30.737480,PHASE_1
fdc1ab2e-484f-405e-98f6-04eea914251f,SP_Smile_policy_member_PM014,SP_SmartPlus_quote_member_QM016,EXACT_MATCH,RULE_EXACT_ATTR_DOB,ATTR_DOB,1975-09-14,0.95,2026-03-12T11:07:30.737492,PHASE_1
c5502b42-c959-41f7-b958-d40df289865e,SP_Smile_policy_member_PM014,SP_SmartPlus_quote_member_QM016,EXACT_MATCH,RULE_EXACT_ATTR_LAST_NAME,ATTR_LAST_NAME,JOHNSON,0.95,2026-03-12T11:07:30.737504,PHASE_1
ae378dfd-f20e-4a97-b9f9-7230884baf46,SP_Smile_policy_member_PM014,SP_SmartPlus_quote_member_QM016,EXACT_MATCH,RULE_EXACT_ATTR_EMAIL,ATTR_EMAIL,peter.johnson@email.com,0.95,2026-03-12T11:07:30.737516,PHASE_1
b1621cd2-c772-4e10-90c8-350423e41109,SP_Smile_policy_member_PM014,SP_SmartPlus_quote_member_QM016,EXACT_MATCH,RULE_EXACT_SUB_HKID,SUB_HKID,M123456(7),1.0,2026-03-12T11:07:30.737527,PHASE_1
0af9e6da-09b9-4406-9470-256b724b19b2,SP_SmartPlus_quote_member_QM014,SP_Smile_policy_member_PM012,EXACT_MATCH,RULE_EXACT_ATTR_PHONE,ATTR_PHONE,+85291234567,0.95,2026-03-12T11:07:30.754217,PHASE_1
31299695-b3a6-4cde-97e3-61f029a87eb1,SP_SmartPlus_quote_member_QM014,SP_Smile_policy_member_PM012,EXACT_MATCH,RULE_EXACT_ATTR_GENDER,ATTR_GENDER,F,0.95,2026-03-12T11:07:30.754242,PHASE_1
166a0eb6-1ec4-4897-b32e-bac4286c0da1,SP_SmartPlus_quote_member_QM014,SP_Smile_policy_member_PM012,EXACT_MATCH,RULE_EXACT_ATTR_FIRST_NAME,ATTR_FIRST_NAME,SUSAN,0.95,2026-03-12T11:07:30.754256,PHASE_1
c021db0b-0bfe-49d0-ba47-4dc9fc5cbd18,SP_SmartPlus_quote_member_QM014,SP_Smile_policy_member_PM012,EXACT_MATCH,RULE_EXACT_ATTR_DOB,ATTR_DOB,1987-02-18,0.95,2026-03-12T11:07:30.754268,PHASE_1
6950bbb7-207c-49fe-ad59-5376685e6bdf,SP_SmartPlus_quote_member_QM014,SP_Smile_policy_member_PM012,EXACT_MATCH,RULE_EXACT_ATTR_LAST_NAME,ATTR_LAST_NAME,MARTINEZ,0.95,2026-03-12T11:07:30.754287,PHASE_1
159b4e3d-9eb4-4ee9-8488-9635e7747dc9,SP_SmartPlus_quote_member_QM014,SP_Smile_policy_member_PM012,EXACT_MATCH,RULE_EXACT_ATTR_EMAIL,ATTR_EMAIL,susan.martinez@email.com,0.95,2026-03-12T11:07:30.754334,PHASE_1
be726a3d-5222-4bee-a784-88b7080a88f0,SP_SmartPlus_quote_member_QM014,SP_Smile_policy_member_PM012,EXACT_MATCH,RULE_EXACT_SUB_HKID,SUB_HKID,L123456(7),1.0,2026-03-12T11:07:30.754346,PHASE_1
c515ece0-db3e-4e21-b2a1-5a48d2595689,SP_SmartPlus_quote_member_QM014,SP_SmartPlus_lead_L003,EXACT_MATCH,RULE_EXACT_ATTR_PHONE,ATTR_PHONE,+85291234567,0.95,2026-03-12T11:07:30.761039,PHASE_1
f75d8eb9-0963-491c-9d5a-1b74f274580b,SP_SmartPlus_quote_member_QM014,SP_SmartPlus_lead_L003,EXACT_MATCH,RULE_EXACT_ATTR_FIRST_NAME,ATTR_FIRST_NAME,SUSAN,0.95,2026-03-12T11:07:30.761053,PHASE_1
7b723fdb-a295-4286-9838-17007c77e07e,SP_SmartPlus_quote_member_QM014,SP_SmartPlus_lead_L003,EXACT_MATCH,RULE_EXACT_ATTR_DOB,ATTR_DOB,1987-02-18,0.95,2026-03-12T11:07:30.761065,PHASE_1
d21fe368-edd2-4088-879c-95f72de78c56,SP_SmartPlus_quote_member_QM014,SP_SmartPlus_lead_L003,EXACT_MATCH,RULE_EXACT_ATTR_LAST_NAME,ATTR_LAST_NAME,MARTINEZ,0.95,2026-03-12T11:07:30.761078,PHASE_1
a4587518-63dc-484f-84d6-b53d19e34695,SP_SmartPlus_quote_member_QM014,SP_SmartPlus_lead_L003,EXACT_MATCH,RULE_EXACT_ATTR_EMAIL,ATTR_EMAIL,susan.martinez@email.com,0.95,2026-03-12T11:07:30.761089,PHASE_1
c465b07c-e85f-4e0b-9591-a3d411ddb6be,SP_SmartPlus_quote_member_QM014,SP_SmartPlus_lead_L003,EXACT_MATCH,RULE_EXACT_SUB_HKID,SUB_HKID,L123456(7),1.0,2026-03-12T11:07:30.761101,PHASE_1
9dff21cf-11a3-4b9f-880a-3ac766423d4c,SP_Smile_policy_member_PM012,SP_SmartPlus_lead_L003,EXACT_MATCH,RULE_EXACT_ATTR_PHONE,ATTR_PHONE,+85291234567,0.95,2026-03-12T11:07:30.782950,PHASE_1
a1584154-b7f7-45b4-a167-a3ad612ace16,SP_Smile_policy_member_PM012,SP_SmartPlus_lead_L003,EXACT_MATCH,RULE_EXACT_ATTR_FIRST_NAME,ATTR_FIRST_NAME,SUSAN,0.95,2026-03-12T11:07:30.782966,PHASE_1
80245ad5-d8d9-4fdc-b6b2-c3b34168e366,SP_Smile_policy_member_PM012,SP_SmartPlus_lead_L003,EXACT_MATCH,RULE_EXACT_ATTR_DOB,ATTR_DOB,1987-02-18,0.95,2026-03-12T11:07:30.782979,PHASE_1
5ef13c02-42be-4f47-8665-4a0b890a049a,SP_Smile_policy_member_PM012,SP_SmartPlus_lead_L003,EXACT_MATCH,RULE_EXACT_ATTR_LAST_NAME,ATTR_LAST_NAME,MARTINEZ,0.95,2026-03-12T11:07:30.782992,PHASE_1
325b31d4-c1ac-47ff-a7fc-06b6f5cad2cc,SP_Smile_policy_member_PM012,SP_SmartPlus_lead_L003,EXACT_MATCH,RULE_EXACT_ATTR_EMAIL,ATTR_EMAIL,susan.martinez@email.com,0.95,2026-03-12T11:07:30.783004,PHASE_1
795f6104-e8e6-4ca1-8814-e8e8cb800af7,SP_Smile_policy_member_PM012,SP_SmartPlus_lead_L003,EXACT_MATCH,RULE_EXACT_SUB_HKID,SUB_HKID,L123456(7),1.0,2026-03-12T11:07:30.783016,PHASE_1
b278f480-fcff-47ba-9892-5e80bd5e2a31,SP_Smile_policy_member_PM006,SP_SmartPlus_quote_member_QM008,EXACT_MATCH,RULE_EXACT_ATTR_PHONE,ATTR_PHONE,+85294567890,0.95,2026-03-12T11:07:30.800297,PHASE_1
68c89b5e-cd39-4e16-9b23-1d18f32a54b1,SP_Smile_policy_member_PM006,SP_SmartPlus_quote_member_QM008,EXACT_MATCH,RULE_EXACT_ATTR_GENDER,ATTR_GENDER,F,0.95,2026-03-12T11:07:30.800312,PHASE_1
b971eef2-7006-4505-95a1-a1ac18002217,SP_Smile_policy_member_PM006,SP_SmartPlus_quote_member_QM008,EXACT_MATCH,RULE_EXACT_ATTR_FIRST_NAME,ATTR_FIRST_NAME,LINDA,0.95,2026-03-12T11:07:30.800325,PHASE_1
8f38f79c-2822-4115-9fa4-36d49c040073,SP_Smile_policy_member_PM006,SP_SmartPlus_quote_member_QM008,EXACT_MATCH,RULE_EXACT_ATTR_DOB,ATTR_DOB,1977-12-03,0.95,2026-03-12T11:07:30.800337,PHASE_1
e326fca6-bd6d-46cc-9d98-d10136823deb,SP_Smile_policy_member_PM006,SP_SmartPlus_quote_member_QM008,EXACT_MATCH,RULE_EXACT_ATTR_LAST_NAME,ATTR_LAST_NAME,CHEN,0.95,2026-03-12T11:07:30.800350,PHASE_1
4517d633-4758-4be9-bf8f-5962c4df49d5,SP_Smile_policy_member_PM006,SP_SmartPlus_quote_member_QM008,EXACT_MATCH,RULE_EXACT_ATTR_EMAIL,ATTR_EMAIL,linda.chen@email.com,0.95,2026-03-12T11:07:30.800363,PHASE_1
c88cfa69-c603-4a1e-abbf-3fc8d9ec98eb,SP_Smile_policy_member_PM006,SP_SmartPlus_quote_member_QM008,EXACT_MATCH,RULE_EXACT_SUB_HKID,SUB_HKID,E234567(8),1.0,2026-03-12T11:07:30.800374,PHASE_1
04ac5255-43a3-420c-9d62-6516d6c3c7f6,SP_Smile_policy_member_PM005,SP_SmartPlus_quote_member_QM007,EXACT_MATCH,RULE_EXACT_ATTR_PHONE,ATTR_PHONE,+85294567890,0.95,2026-03-12T11:07:30.819493,PHASE_1
303b8bde-b739-4a94-9644-4ed48e437b0e,SP_Smile_policy_member_PM005,SP_SmartPlus_quote_member_QM007,EXACT_MATCH,RULE_EXACT_ATTR_GENDER,ATTR_GENDER,M,0.95,2026-03-12T11:07:30.819515,PHASE_1
e818f400-4d42-4120-85fb-e3594112043f,SP_Smile_policy_member_PM005,SP_SmartPlus_quote_member_QM007,EXACT_MATCH,RULE_EXACT_ATTR_FIRST_NAME,ATTR_FIRST_NAME,MICHAEL,0.95,2026-03-12T11:07:30.819535,PHASE_1
1d5822b7-e8b7-425d-9b3f-c843759c24a3,SP_Smile_policy_member_PM005,SP_SmartPlus_quote_member_QM007,EXACT_MATCH,RULE_EXACT_ATTR_DOB,ATTR_DOB,1975-09-08,0.95,2026-03-12T11:07:30.819547,PHASE_1
269902c7-198b-474c-8242-a4f415eaa612,SP_Smile_policy_member_PM005,SP_SmartPlus_quote_member_QM007,EXACT_MATCH,RULE_EXACT_ATTR_LAST_NAME,ATTR_LAST_NAME,CHEN,0.95,2026-03-12T11:07:30.819559,PHASE_1
9c8d7805-d848-4e83-b971-f709cd9f6ed5,SP_Smile_policy_member_PM005,SP_SmartPlus_quote_member_QM007,EXACT_MATCH,RULE_EXACT_ATTR_EMAIL,ATTR_EMAIL,michael.chen@email.com,0.95,2026-03-12T11:07:30.819571,PHASE_1
6ea0e65b-e581-41a1-8641-e9193e4819e2,SP_Smile_policy_member_PM005,SP_SmartPlus_quote_member_QM007,EXACT_MATCH,RULE_EXACT_SUB_HKID,SUB_HKID,E123456(7),1.0,2026-03-12T11:07:30.819583,PHASE_1
796044a1-0385-4379-bbde-98561e4bda8e,SP_SmartPlus_quote_member_QM030,SP_Smile_policy_member_PM028,EXACT_MATCH,RULE_EXACT_ATTR_PHONE,ATTR_PHONE,+85291111111,0.95,2026-03-12T11:07:30.826884,PHASE_1
1bc88c27-10c3-40a0-82a1-1c31e4ed9519,SP_SmartPlus_quote_member_QM030,SP_Smile_policy_member_PM028,EXACT_MATCH,RULE_EXACT_ATTR_GENDER,ATTR_GENDER,M,0.95,2026-03-12T11:07:30.826901,PHASE_1
1eb0da80-43fb-4b06-bef5-965ca341eb9e,SP_SmartPlus_quote_member_QM030,SP_Smile_policy_member_PM028,EXACT_MATCH,RULE_EXACT_ATTR_FIRST_NAME,ATTR_FIRST_NAME,JOHN,0.95,2026-03-12T11:07:30.826913,PHASE_1
0c3716e4-0639-4e2c-988e-df0cce8cccc2,SP_SmartPlus_quote_member_QM030,SP_Smile_policy_member_PM028,EXACT_MATCH,RULE_EXACT_ATTR_DOB,ATTR_DOB,1985-01-01,0.95,2026-03-12T11:07:30.826925,PHASE_1
6f1e06fd-0370-4f57-ab93-c7f7d390e887,SP_SmartPlus_quote_member_QM030,SP_Smile_policy_member_PM028,EXACT_MATCH,RULE_EXACT_ATTR_LAST_NAME,ATTR_LAST_NAME,O'BRIEN-SMITH,0.95,2026-03-12T11:07:30.826937,PHASE_1
a03883d8-4cff-4794-a86f-951e51e9e809,SP_SmartPlus_quote_member_QM030,SP_Smile_policy_member_PM028,EXACT_MATCH,RULE_EXACT_ATTR_EMAIL,ATTR_EMAIL,john.obrien-smith@email.com,0.95,2026-03-12T11:07:30.826949,PHASE_1
236534e5-3f06-4951-9941-45cc5b3d7115,SP_SmartPlus_quote_member_QM030,SP_Smile_policy_member_PM028,EXACT_MATCH,RULE_EXACT_SUB_HKID,SUB_HKID,P123456(7),1.0,2026-03-12T11:07:30.826961,PHASE_1
75f9c87e-a5e2-428d-845c-85e7c570f57e,SP_SmartPlus_quote_member_QM038,SP_Smile_policy_member_PM033,EXACT_MATCH,RULE_EXACT_ATTR_PHONE,ATTR_PHONE,+85294444444,0.95,2026-03-12T11:07:30.833754,PHASE_1
65ad20c2-509a-4139-84f4-4f9ed580b2c3,SP_SmartPlus_quote_member_QM038,SP_Smile_policy_member_PM033,EXACT_MATCH,RULE_EXACT_ATTR_GENDER,ATTR_GENDER,F,0.95,2026-03-12T11:07:30.833795,PHASE_1
685ea754-c04e-452c-9ab9-0b973022e0ca,SP_SmartPlus_quote_member_QM038,SP_Smile_policy_member_PM033,EXACT_MATCH,RULE_EXACT_ATTR_FIRST_NAME,ATTR_FIRST_NAME,HELEN,0.95,2026-03-12T11:07:30.833808,PHASE_1
d1e8070b-bcba-473a-8bce-fc17d6170d9e,SP_SmartPlus_quote_member_QM038,SP_Smile_policy_member_PM033,EXACT_MATCH,RULE_EXACT_ATTR_DOB,ATTR_DOB,1990-03-05,0.95,2026-03-12T11:07:30.833820,PHASE_1
9dd6d9cf-80ed-4c23-acdf-b2164f7a2cea,SP_SmartPlus_quote_member_QM038,SP_Smile_policy_member_PM033,EXACT_MATCH,RULE_EXACT_ATTR_LAST_NAME,ATTR_LAST_NAME,WONG,0.95,2026-03-12T11:07:30.833832,PHASE_1
b096fc2c-9e1c-44a9-a5d9-b4070ac2535f,SP_SmartPlus_quote_member_QM038,SP_Smile_policy_member_PM033,EXACT_MATCH,RULE_EXACT_ATTR_EMAIL,ATTR_EMAIL,helen.wong@email.com,0.95,2026-03-12T11:07:30.833844,PHASE_1
24c80b2b-eb28-417f-a393-9948eae868ce,SP_SmartPlus_quote_member_QM038,SP_Smile_policy_member_PM033,EXACT_MATCH,RULE_EXACT_SUB_HKID,SUB_HKID,X123456(7),1.0,2026-03-12T11:07:30.833862,PHASE_1
12a6b19c-d94f-46a7-b1ef-5aca87828b6b,SP_SmartPlus_quote_member_QM044,SP_Smile_policy_member_PM036,EXACT_MATCH,RULE_EXACT_ATTR_PHONE,ATTR_PHONE,+85290000000,0.95,2026-03-12T11:07:30.849341,PHASE_1
3453b85d-b1ff-4edd-9933-84a22c9daa00,SP_SmartPlus_quote_member_QM044,SP_Smile_policy_member_PM036,EXACT_MATCH,RULE_EXACT_ATTR_GENDER,ATTR_GENDER,M,0.95,2026-03-12T11:07:30.849361,PHASE_1
fe5ec8b9-e98b-40af-9eb9-6766183bc5c5,SP_SmartPlus_quote_member_QM044,SP_Smile_policy_member_PM036,EXACT_MATCH,RULE_EXACT_ATTR_FIRST_NAME,ATTR_FIRST_NAME,PERSON2,0.95,2026-03-12T11:07:30.849374,PHASE_1
f1384e50-60be-4317-bb1d-dc86c964fbc3,SP_SmartPlus_quote_member_QM044,SP_Smile_policy_member_PM036,EXACT_MATCH,RULE_EXACT_ATTR_DOB,ATTR_DOB,1987-01-01,0.95,2026-03-12T11:07:30.849390,PHASE_1
efb8f26a-ecc8-46cb-b948-1a10468d1f57,SP_SmartPlus_quote_member_QM044,SP_Smile_policy_member_PM036,EXACT_MATCH,RULE_EXACT_ATTR_LAST_NAME,ATTR_LAST_NAME,COMPOSITE,0.95,2026-03-12T11:07:30.849403,PHASE_1
a39eff0a-3849-4147-907a-3b489848de27,SP_SmartPlus_quote_member_QM044,SP_Smile_policy_member_PM036,EXACT_MATCH,RULE_EXACT_ATTR_EMAIL,ATTR_EMAIL,person2@composite.com,0.95,2026-03-12T11:07:30.849416,PHASE_1
a7e214f0-062e-4bb0-ad40-4ff3b9b579e4,SP_SmartPlus_quote_member_QM044,SP_Smile_policy_member_PM036,EXACT_MATCH,RULE_EXACT_SUB_HKID,SUB_HKID,AC123456(7),1.0,2026-03-12T11:07:30.849428,PHASE_1
458997ef-de14-4db3-bac0-48a913c680bd,SP_Smile_policy_member_PM035,SP_SmartPlus_quote_member_QM043,EXACT_MATCH,RULE_EXACT_ATTR_PHONE,ATTR_PHONE,+85290000000,0.95,2026-03-12T11:07:30.862072,PHASE_1
3e339e47-3178-4a31-ad7c-d7ed6f3097c9,SP_Smile_policy_member_PM035,SP_SmartPlus_quote_member_QM043,EXACT_MATCH,RULE_EXACT_ATTR_GENDER,ATTR_GENDER,F,0.95,2026-03-12T11:07:30.862089,PHASE_1
b6135440-68be-45bf-b336-9bb4aeed5262,SP_Smile_policy_member_PM035,SP_SmartPlus_quote_member_QM043,EXACT_MATCH,RULE_EXACT_ATTR_FIRST_NAME,ATTR_FIRST_NAME,PERSON1,0.95,2026-03-12T11:07:30.862102,PHASE_1
6a3af7f2-e005-4037-a324-c632d2e07154,SP_Smile_policy_member_PM035,SP_SmartPlus_quote_member_QM043,EXACT_MATCH,RULE_EXACT_ATTR_DOB,ATTR_DOB,1986-01-01,0.95,2026-03-12T11:07:30.862115,PHASE_1
186a8436-5f39-4f2e-829d-cae2c9b7185d,SP_Smile_policy_member_PM035,SP_SmartPlus_quote_member_QM043,EXACT_MATCH,RULE_EXACT_ATTR_LAST_NAME,ATTR_LAST_NAME,COMPOSITE,0.95,2026-03-12T11:07:30.862128,PHASE_1
02cf765e-15e2-4fb1-9f79-2c0481c205f6,SP_Smile_policy_member_PM035,SP_SmartPlus_quote_member_QM043,EXACT_MATCH,RULE_EXACT_ATTR_EMAIL,ATTR_EMAIL,person1@composite.com,0.95,2026-03-12T11:07:30.862142,PHASE_1
db15efad-69ad-4be7-b917-1b822f1975c2,SP_Smile_policy_member_PM035,SP_SmartPlus_quote_member_QM043,EXACT_MATCH,RULE_EXACT_SUB_HKID,SUB_HKID,AC113456(7),1.0,2026-03-12T11:07:30.862158,PHASE_1
2bed3811-3950-4ebf-bc75-02fbd2512e5a,SP_SmartPlus_quote_member_QM002,SP_Smile_policy_member_PM002,EXACT_MATCH,RULE_EXACT_ATTR_PHONE,ATTR_PHONE,+85292345678,0.95,2026-03-12T11:07:30.933812,PHASE_1
542ad2e8-f46c-4b83-bedf-3ae0624260d3,SP_SmartPlus_quote_member_QM002,SP_Smile_policy_member_PM002,EXACT_MATCH,RULE_EXACT_ATTR_GENDER,ATTR_GENDER,F,0.95,2026-03-12T11:07:30.933844,PHASE_1
8018ad86-be8f-42ba-bffe-d5dceef82204,SP_SmartPlus_quote_member_QM002,SP_Smile_policy_member_PM002,EXACT_MATCH,RULE_EXACT_ATTR_FIRST_NAME,ATTR_FIRST_NAME,SARAH,0.95,2026-03-12T11:07:30.933858,PHASE_1
8dcb3681-f5c7-4b7b-a3a7-f6afbd690911,SP_SmartPlus_quote_member_QM002,SP_Smile_policy_member_PM002,EXACT_MATCH,RULE_EXACT_ATTR_DOB,ATTR_DOB,1982-03-20,0.95,2026-03-12T11:07:30.933870,PHASE_1
fc0f727d-e98f-4a2e-9c73-43eda5f2846a,SP_SmartPlus_quote_member_QM002,SP_Smile_policy_member_PM002,EXACT_MATCH,RULE_EXACT_ATTR_LAST_NAME,ATTR_LAST_NAME,LEE,0.95,2026-03-12T11:07:30.933882,PHASE_1
ae70a18e-6abd-4206-8fd4-c16d1ff3bdde,SP_SmartPlus_quote_member_QM002,SP_Smile_policy_member_PM002,EXACT_MATCH,RULE_EXACT_ATTR_EMAIL,ATTR_EMAIL,sarah.lee@email.com,0.95,2026-03-12T11:07:30.933894,PHASE_1
21d195a3-1b46-4be4-a9ec-b5f14ecd6649,SP_SmartPlus_quote_member_QM002,SP_Smile_policy_member_PM002,EXACT_MATCH,RULE_EXACT_SUB_HKID,SUB_HKID,B234567(8),1.0,2026-03-12T11:07:30.933906,PHASE_1
a95c4048-cbf4-4c33-ac95-40a7d9c39658,SP_SmartPlus_quote_member_QM002,SP_SmartPlus_lead_L002,EXACT_MATCH,RULE_EXACT_ATTR_PHONE,ATTR_PHONE,+85292345678,0.95,2026-03-12T11:07:30.939751,PHASE_1
ad2c15c1-dfd5-45c6-9383-81e1419855f2,SP_SmartPlus_quote_member_QM002,SP_SmartPlus_lead_L002,EXACT_MATCH,RULE_EXACT_ATTR_FIRST_NAME,ATTR_FIRST_NAME,SARAH,0.95,2026-03-12T11:07:30.939765,PHASE_1
0650a9fb-0d16-433b-ada6-08f3e58e7b22,SP_SmartPlus_quote_member_QM002,SP_SmartPlus_lead_L002,EXACT_MATCH,RULE_EXACT_ATTR_DOB,ATTR_DOB,1982-03-20,0.95,2026-03-12T11:07:30.939778,PHASE_1
27fbe159-35fc-4fac-b010-35eca5499071,SP_SmartPlus_quote_member_QM002,SP_SmartPlus_lead_L002,EXACT_MATCH,RULE_EXACT_ATTR_LAST_NAME,ATTR_LAST_NAME,LEE,0.95,2026-03-12T11:07:30.939791,PHASE_1
bab5c8e5-42f0-4062-b685-93666fbc5e5e,SP_SmartPlus_quote_member_QM002,SP_SmartPlus_lead_L002,EXACT_MATCH,RULE_EXACT_ATTR_EMAIL,ATTR_EMAIL,sarah.lee@email.com,0.95,2026-03-12T11:07:30.939803,PHASE_1
0801805f-e8b4-4ba0-a857-072bf796997f,SP_SmartPlus_quote_member_QM002,SP_SmartPlus_lead_L002,EXACT_MATCH,RULE_EXACT_SUB_HKID,SUB_HKID,B234567(8),1.0,2026-03-12T11:07:30.939815,PHASE_1
d1132035-c613-410e-9d0a-f5c320e19c8f,SP_SmartPlus_quote_member_QM002,SP_SmartPlus_application_A002_applicant,EXACT_MATCH,RULE_EXACT_ATTR_PHONE,ATTR_PHONE,+85292345678,0.95,2026-03-12T11:07:30.941190,PHASE_1
63c8204b-0615-4560-87e5-bc57d776867f,SP_SmartPlus_quote_member_QM002,SP_SmartPlus_application_A002_applicant,EXACT_MATCH,RULE_EXACT_ATTR_FIRST_NAME,ATTR_FIRST_NAME,SARAH,0.95,2026-03-12T11:07:30.941204,PHASE_1
0b6a9697-2c93-4b40-b4c7-6d772c0c4b96,SP_SmartPlus_quote_member_QM002,SP_SmartPlus_application_A002_applicant,EXACT_MATCH,RULE_EXACT_ATTR_DOB,ATTR_DOB,1982-03-20,0.95,2026-03-12T11:07:30.941216,PHASE_1
8412c19d-092a-4e5a-8897-beff8f779fb4,SP_SmartPlus_quote_member_QM002,SP_SmartPlus_application_A002_applicant,EXACT_MATCH,RULE_EXACT_ATTR_LAST_NAME,ATTR_LAST_NAME,LEE,0.95,2026-03-12T11:07:30.941228,PHASE_1
b5ad1946-6db0-4f5e-8582-087be7403dbd,SP_SmartPlus_quote_member_QM002,SP_SmartPlus_application_A002_applicant,EXACT_MATCH,RULE_EXACT_ATTR_EMAIL,ATTR_EMAIL,sarah.lee@email.com,0.95,2026-03-12T11:07:30.941244,PHASE_1
6d028157-2b0f-4acf-a798-1a82cf5b0534,SP_SmartPlus_quote_member_QM002,SP_SmartPlus_application_A002_applicant,EXACT_MATCH,RULE_EXACT_SUB_HKID,SUB_HKID,B234567(8),1.0,2026-03-12T11:07:30.941256,PHASE_1
0c1d80c6-75a7-49cd-8004-4ac0853b1f51,SP_SmartPlus_quote_member_QM003,SP_SmartPlus_application_A002_spouse,EXACT_MATCH,RULE_EXACT_ATTR_PHONE,ATTR_PHONE,+85292345678,0.95,2026-03-12T11:07:30.949122,PHASE_1
73950d27-b8ec-47b5-807a-0c2a6330e843,SP_SmartPlus_quote_member_QM003,SP_SmartPlus_application_A002_spouse,EXACT_MATCH,RULE_EXACT_ATTR_FIRST_NAME,ATTR_FIRST_NAME,DAVID,0.95,2026-03-12T11:07:30.949136,PHASE_1
8ff810f3-acde-4d73-a520-efa2f9661a1f,SP_SmartPlus_quote_member_QM003,SP_SmartPlus_application_A002_spouse,EXACT_MATCH,RULE_EXACT_ATTR_DOB,ATTR_DOB,1980-07-10,0.95,2026-03-12T11:07:30.949149,PHASE_1
0216358b-7d4a-4404-8f39-ff8ab7099791,SP_SmartPlus_quote_member_QM003,SP_SmartPlus_application_A002_spouse,EXACT_MATCH,RULE_EXACT_ATTR_LAST_NAME,ATTR_LAST_NAME,LEE,0.95,2026-03-12T11:07:30.949161,PHASE_1
63d37fbd-bf0e-45d7-b662-c0321e426adf,SP_SmartPlus_quote_member_QM003,SP_SmartPlus_application_A002_spouse,EXACT_MATCH,RULE_EXACT_ATTR_EMAIL,ATTR_EMAIL,david.lee@email.com,0.95,2026-03-12T11:07:30.949172,PHASE_1
674fb19e-76f7-40bb-b038-e9b11e0241a7,SP_SmartPlus_quote_member_QM003,SP_SmartPlus_application_A002_spouse,EXACT_MATCH,RULE_EXACT_SUB_HKID,SUB_HKID,B345678(9),1.0,2026-03-12T11:07:30.949184,PHASE_1
054feb4a-182c-4f40-9be8-e0d79ca5ca34,SP_SmartPlus_quote_member_QM003,SP_Smile_policy_member_PM003,EXACT_MATCH,RULE_EXACT_ATTR_PHONE,ATTR_PHONE,+85292345678,0.95,2026-03-12T11:07:30.950586,PHASE_1
78f891e4-0b14-4629-a10f-b28084d6a6ef,SP_SmartPlus_quote_member_QM003,SP_Smile_policy_member_PM003,EXACT_MATCH,RULE_EXACT_ATTR_GENDER,ATTR_GENDER,M,0.95,2026-03-12T11:07:30.950599,PHASE_1
358cf831-b79a-47e2-912a-7d8402a299a5,SP_SmartPlus_quote_member_QM003,SP_Smile_policy_member_PM003,EXACT_MATCH,RULE_EXACT_ATTR_FIRST_NAME,ATTR_FIRST_NAME,DAVID,0.95,2026-03-12T11:07:30.950613,PHASE_1
e117597b-e2b2-4b6f-bf0f-d3594d313f34,SP_SmartPlus_quote_member_QM003,SP_Smile_policy_member_PM003,EXACT_MATCH,RULE_EXACT_ATTR_DOB,ATTR_DOB,1980-07-10,0.95,2026-03-12T11:07:30.950625,PHASE_1
dd4c9534-de28-45d5-9d81-ece429539bce,SP_SmartPlus_quote_member_QM003,SP_Smile_policy_member_PM003,EXACT_MATCH,RULE_EXACT_ATTR_LAST_NAME,ATTR_LAST_NAME,LEE,0.95,2026-03-12T11:07:30.950636,PHASE_1
b27a9c39-dc11-434c-a570-051a4a3959f4,SP_SmartPlus_quote_member_QM003,SP_Smile_policy_member_PM003,EXACT_MATCH,RULE_EXACT_ATTR_EMAIL,ATTR_EMAIL,david.lee@email.com,0.95,2026-03-12T11:07:30.950648,PHASE_1
4d7694aa-099a-46cb-80bd-0fe953c41f8d,SP_SmartPlus_quote_member_QM003,SP_Smile_policy_member_PM003,EXACT_MATCH,RULE_EXACT_SUB_HKID,SUB_HKID,B345678(9),1.0,2026-03-12T11:07:30.950659,PHASE_1
06c896bc-9159-4c43-9e5b-fd2a7ae8132a,SP_Smile_policy_member_PM002,SP_SmartPlus_lead_L002,EXACT_MATCH,RULE_EXACT_ATTR_PHONE,ATTR_PHONE,+85292345678,0.95,2026-03-12T11:07:30.977282,PHASE_1
ef0ead02-4184-41ec-b209-d97c1c6f3c97,SP_Smile_policy_member_PM002,SP_SmartPlus_lead_L002,EXACT_MATCH,RULE_EXACT_ATTR_FIRST_NAME,ATTR_FIRST_NAME,SARAH,0.95,2026-03-12T11:07:30.977297,PHASE_1
553ef30a-0476-432e-8b5b-f341c1fee394,SP_Smile_policy_member_PM002,SP_SmartPlus_lead_L002,EXACT_MATCH,RULE_EXACT_ATTR_DOB,ATTR_DOB,1982-03-20,0.95,2026-03-12T11:07:30.977310,PHASE_1
0075087c-31f3-460e-8e36-ec948771f72f,SP_Smile_policy_member_PM002,SP_SmartPlus_lead_L002,EXACT_MATCH,RULE_EXACT_ATTR_LAST_NAME,ATTR_LAST_NAME,LEE,0.95,2026-03-12T11:07:30.977322,PHASE_1
e6dc841a-8133-413d-826f-a5e9937cafc3,SP_Smile_policy_member_PM002,SP_SmartPlus_lead_L002,EXACT_MATCH,RULE_EXACT_ATTR_EMAIL,ATTR_EMAIL,sarah.lee@email.com,0.95,2026-03-12T11:07:30.977334,PHASE_1
bc2a6a61-6120-40ff-afc8-a4ace0b32588,SP_Smile_policy_member_PM002,SP_SmartPlus_lead_L002,EXACT_MATCH,RULE_EXACT_SUB_HKID,SUB_HKID,B234567(8),1.0,2026-03-12T11:07:30.977354,PHASE_1
f8741e40-1d23-49a0-9be4-64befc8e9662,SP_Smile_policy_member_PM002,SP_SmartPlus_application_A002_applicant,EXACT_MATCH,RULE_EXACT_ATTR_PHONE,ATTR_PHONE,+85292345678,0.95,2026-03-12T11:07:30.978707,PHASE_1
eeb0a685-5ae0-486a-bd34-a4bf20f0f32e,SP_Smile_policy_member_PM002,SP_SmartPlus_application_A002_applicant,EXACT_MATCH,RULE_EXACT_ATTR_FIRST_NAME,ATTR_FIRST_NAME,SARAH,0.95,2026-03-12T11:07:30.978723,PHASE_1
2e84efc3-4fe6-45ea-8f55-701b1e47adfd,SP_Smile_policy_member_PM002,SP_SmartPlus_application_A002_applicant,EXACT_MATCH,RULE_EXACT_ATTR_DOB,ATTR_DOB,1982-03-20,0.95,2026-03-12T11:07:30.978735,PHASE_1
61195181-6a84-4164-b17e-51d26f72dc00,SP_Smile_policy_member_PM002,SP_SmartPlus_application_A002_applicant,EXACT_MATCH,RULE_EXACT_ATTR_LAST_NAME,ATTR_LAST_NAME,LEE,0.95,2026-03-12T11:07:30.978747,PHASE_1
0dbfd300-5bc2-4b1a-9980-04ce89bff7b4,SP_Smile_policy_member_PM002,SP_SmartPlus_application_A002_applicant,EXACT_MATCH,RULE_EXACT_ATTR_EMAIL,ATTR_EMAIL,sarah.lee@email.com,0.95,2026-03-12T11:07:30.978759,PHASE_1
5612be5d-d001-40dd-8275-505f8144f310,SP_Smile_policy_member_PM002,SP_SmartPlus_application_A002_applicant,EXACT_MATCH,RULE_EXACT_SUB_HKID,SUB_HKID,B234567(8),1.0,2026-03-12T11:07:30.978770,PHASE_1
69baea2f-d736-4572-8bb1-9ea7841e43a6,SP_SmartPlus_application_A002_spouse,SP_Smile_policy_member_PM003,EXACT_MATCH,RULE_EXACT_ATTR_PHONE,ATTR_PHONE,+85292345678,0.95,2026-03-12T11:07:30.983865,PHASE_1
34bd9c30-84db-4f5e-a961-5df5e36eaaea,SP_SmartPlus_application_A002_spouse,SP_Smile_policy_member_PM003,EXACT_MATCH,RULE_EXACT_ATTR_FIRST_NAME,ATTR_FIRST_NAME,DAVID,0.95,2026-03-12T11:07:30.983879,PHASE_1
d372cc42-8b86-434e-a355-ab9168a7b5bd,SP_SmartPlus_application_A002_spouse,SP_Smile_policy_member_PM003,EXACT_MATCH,RULE_EXACT_ATTR_DOB,ATTR_DOB,1980-07-10,0.95,2026-03-12T11:07:30.983891,PHASE_1
ac536065-9f7e-406d-ba89-e1b716115e74,SP_SmartPlus_application_A002_spouse,SP_Smile_policy_member_PM003,EXACT_MATCH,RULE_EXACT_ATTR_LAST_NAME,ATTR_LAST_NAME,LEE,0.95,2026-03-12T11:07:30.983902,PHASE_1
77a048a2-d304-4abb-8590-26984f6c1c97,SP_SmartPlus_application_A002_spouse,SP_Smile_policy_member_PM003,EXACT_MATCH,RULE_EXACT_ATTR_EMAIL,ATTR_EMAIL,david.lee@email.com,0.95,2026-03-12T11:07:30.983913,PHASE_1
68aba052-06b3-4cb7-a33c-c8eea3a7f838,SP_SmartPlus_application_A002_spouse,SP_Smile_policy_member_PM003,EXACT_MATCH,RULE_EXACT_SUB_HKID,SUB_HKID,B345678(9),1.0,2026-03-12T11:07:30.983925,PHASE_1
81fb6fcf-56c2-4113-8796-6532f7f486d8,SP_Smile_policy_member_PM004,SP_SmartPlus_quote_member_QM004,EXACT_MATCH,RULE_EXACT_ATTR_PHONE,ATTR_PHONE,+85292345678,0.95,2026-03-12T11:07:31.005207,PHASE_1
d07e86a1-ae1a-475c-9797-d0b4faace471,SP_Smile_policy_member_PM004,SP_SmartPlus_quote_member_QM004,EXACT_MATCH,RULE_EXACT_ATTR_GENDER,ATTR_GENDER,F,0.95,2026-03-12T11:07:31.005221,PHASE_1
21d5c719-f8ef-40e8-994d-ed7fb28a2ae6,SP_Smile_policy_member_PM004,SP_SmartPlus_quote_member_QM004,EXACT_MATCH,RULE_EXACT_ATTR_FIRST_NAME,ATTR_FIRST_NAME,EMMA,0.95,2026-03-12T11:07:31.005234,PHASE_1
c95f6c6e-b0a4-40f0-a20a-82670520cd1e,SP_Smile_policy_member_PM004,SP_SmartPlus_quote_member_QM004,EXACT_MATCH,RULE_EXACT_ATTR_DOB,ATTR_DOB,2010-11-05,0.95,2026-03-12T11:07:31.005246,PHASE_1
2f4c723d-768b-45ef-ab95-bb613a68536e,SP_Smile_policy_member_PM004,SP_SmartPlus_quote_member_QM004,EXACT_MATCH,RULE_EXACT_ATTR_LAST_NAME,ATTR_LAST_NAME,LEE,0.95,2026-03-12T11:07:31.005261,PHASE_1
bed00509-fa39-4d91-9792-00442be5935a,SP_Smile_policy_member_PM004,SP_SmartPlus_quote_member_QM004,EXACT_MATCH,RULE_EXACT_SUB_HKID,SUB_HKID,C456789(0),1.0,2026-03-12T11:07:31.005273,PHASE_1
5265db1e-9ba4-48f8-b8f8-5007b939aab4,SP_SmartPlus_lead_L002,SP_SmartPlus_application_A002_applicant,EXACT_MATCH,RULE_EXACT_ATTR_PHONE,ATTR_PHONE,+85292345678,0.95,2026-03-12T11:07:31.007906,PHASE_1
87df1522-03e5-4887-a9b4-4ed61a8bd398,SP_SmartPlus_lead_L002,SP_SmartPlus_application_A002_applicant,EXACT_MATCH,RULE_EXACT_ATTR_FIRST_NAME,ATTR_FIRST_NAME,SARAH,0.95,2026-03-12T11:07:31.007927,PHASE_1
147145f5-6a64-45d7-ab87-7a831d4d7ae1,SP_SmartPlus_lead_L002,SP_SmartPlus_application_A002_applicant,EXACT_MATCH,RULE_EXACT_ATTR_DOB,ATTR_DOB,1982-03-20,0.95,2026-03-12T11:07:31.007940,PHASE_1
7c974d1d-82eb-4cdd-9b19-a13afa96626b,SP_SmartPlus_lead_L002,SP_SmartPlus_application_A002_applicant,EXACT_MATCH,RULE_EXACT_ATTR_LAST_NAME,ATTR_LAST_NAME,LEE,0.95,2026-03-12T11:07:31.007953,PHASE_1
c24b8942-7537-409b-a40a-c12abf7010ab,SP_SmartPlus_lead_L002,SP_SmartPlus_application_A002_applicant,EXACT_MATCH,RULE_EXACT_ATTR_EMAIL,ATTR_EMAIL,sarah.lee@email.com,0.95,2026-03-12T11:07:31.007964,PHASE_1
e4ef50cf-2846-499e-ba52-926debef6b5f,SP_SmartPlus_lead_L002,SP_SmartPlus_application_A002_applicant,EXACT_MATCH,RULE_EXACT_SUB_HKID,SUB_HKID,B234567(8),1.0,2026-03-12T11:07:31.007976,PHASE_1
da7b67cd-bdf0-4cc5-9635-8d8f422e273c,SP_SmartPlus_quote_member_QM031,SP_Smile_policy_member_PM029,EXACT_MATCH,RULE_EXACT_ATTR_PHONE,ATTR_PHONE,+85291111111,0.95,2026-03-12T11:07:31.025246,PHASE_1
8a01dd98-f772-4b2c-a7be-7faf8e0acf5a,SP_SmartPlus_quote_member_QM031,SP_Smile_policy_member_PM029,EXACT_MATCH,RULE_EXACT_ATTR_GENDER,ATTR_GENDER,M,0.95,2026-03-12T11:07:31.025264,PHASE_1
39dd8b2a-4c90-48be-9d1e-63937657c104,SP_SmartPlus_quote_member_QM031,SP_Smile_policy_member_PM029,EXACT_MATCH,RULE_EXACT_ATTR_FIRST_NAME,ATTR_FIRST_NAME,JOSÉ,0.95,2026-03-12T11:07:31.025276,PHASE_1
d90f47b5-edc8-4255-8f10-b5e2b61ab80b,SP_SmartPlus_quote_member_QM031,SP_Smile_policy_member_PM029,EXACT_MATCH,RULE_EXACT_ATTR_DOB,ATTR_DOB,1990-02-02,0.95,2026-03-12T11:07:31.025299,PHASE_1
abd2fe95-4bf4-4812-8d13-bd659cd6cdbd,SP_SmartPlus_quote_member_QM031,SP_Smile_policy_member_PM029,EXACT_MATCH,RULE_EXACT_ATTR_LAST_NAME,ATTR_LAST_NAME,GARCÍA,0.95,2026-03-12T11:07:31.025311,PHASE_1
2ad7cdda-c4f6-4c07-be9a-a44b21488e32,SP_SmartPlus_quote_member_QM031,SP_Smile_policy_member_PM029,EXACT_MATCH,RULE_EXACT_ATTR_EMAIL,ATTR_EMAIL,josé.garcía@email.com,0.95,2026-03-12T11:07:31.025322,PHASE_1
91eebb27-5aec-4d97-a1b8-0ec9563495c1,SP_SmartPlus_quote_member_QM031,SP_Smile_policy_member_PM029,EXACT_MATCH,RULE_EXACT_SUB_HKID,SUB_HKID,Q123456(7),1.0,2026-03-12T11:07:31.025334,PHASE_1
b5aeae68-0801-4af6-99ad-f6ce2eac819a,SP_Smile_policy_member_PM011,SP_SmartPlus_quote_member_QM013,EXACT_MATCH,RULE_EXACT_ATTR_PHONE,ATTR_PHONE,+85290123456,0.95,2026-03-12T11:07:31.038266,PHASE_1
85263250-114b-4aef-9563-42677b163dda,SP_Smile_policy_member_PM011,SP_SmartPlus_quote_member_QM013,EXACT_MATCH,RULE_EXACT_ATTR_GENDER,ATTR_GENDER,M,0.95,2026-03-12T11:07:31.038291,PHASE_1
85552b7c-1038-4e55-b1ba-b7ef8ab8886c,SP_Smile_policy_member_PM011,SP_SmartPlus_quote_member_QM013,EXACT_MATCH,RULE_EXACT_ATTR_DOB,ATTR_DOB,1982-07-25,0.95,2026-03-12T11:07:31.038314,PHASE_1
83eb7b2c-69b4-40de-b1cd-6cab0e90c09a,SP_Smile_policy_member_PM011,SP_SmartPlus_quote_member_QM013,EXACT_MATCH,RULE_EXACT_ATTR_EMAIL,ATTR_EMAIL,wei.zhang@email.com,0.95,2026-03-12T11:07:31.038340,PHASE_1
519e4805-c0b8-4229-9a8f-d6fc4876d59a,SP_Smile_policy_member_PM011,SP_SmartPlus_quote_member_QM013,EXACT_MATCH,RULE_EXACT_SUB_HKID,SUB_HKID,K123456(7),1.0,2026-03-12T11:07:31.038352,PHASE_1
eabfdaa6-fd65-45d8-be44-7cac8ba0b4db,SP_Smile_policy_member_PM031,SP_SmartPlus_quote_member_QM033,EXACT_MATCH,RULE_EXACT_ATTR_PHONE,ATTR_PHONE,+85291111111,0.95,2026-03-12T11:07:31.046640,PHASE_1
60a58dbf-2986-439e-87cc-0b8a74f063f5,SP_Smile_policy_member_PM031,SP_SmartPlus_quote_member_QM033,EXACT_MATCH,RULE_EXACT_ATTR_GENDER,ATTR_GENDER,M,0.95,2026-03-12T11:07:31.046662,PHASE_1
ec1c6081-fd04-466f-a152-78d7f85d6bb0,SP_Smile_policy_member_PM031,SP_SmartPlus_quote_member_QM033,EXACT_MATCH,RULE_EXACT_ATTR_FIRST_NAME,ATTR_FIRST_NAME,HANS,0.95,2026-03-12T11:07:31.046675,PHASE_1
666f1826-80b7-4d0c-af83-abf77599d84f,SP_Smile_policy_member_PM031,SP_SmartPlus_quote_member_QM033,EXACT_MATCH,RULE_EXACT_ATTR_DOB,ATTR_DOB,1992-04-04,0.95,2026-03-12T11:07:31.046687,PHASE_1
118c0347-683c-4c97-8987-6ee80df9f2f8,SP_Smile_policy_member_PM031,SP_SmartPlus_quote_member_QM033,EXACT_MATCH,RULE_EXACT_ATTR_LAST_NAME,ATTR_LAST_NAME,MÜLLER,0.95,2026-03-12T11:07:31.046698,PHASE_1
5dfd0e34-1f2c-41a9-8f62-2a8f82e89c08,SP_Smile_policy_member_PM031,SP_SmartPlus_quote_member_QM033,EXACT_MATCH,RULE_EXACT_ATTR_EMAIL,ATTR_EMAIL,hans.müller@email.com,0.95,2026-03-12T11:07:31.046712,PHASE_1
5fa54ccc-102c-4e00-9d52-5ca8d84beb03,SP_Smile_policy_member_PM031,SP_SmartPlus_quote_member_QM033,EXACT_MATCH,RULE_EXACT_SUB_HKID,SUB_HKID,S123456(7),1.0,2026-03-12T11:07:31.046724,PHASE_1
8645c485-8250-49f2-873a-c7df23964a85,SP_SmartPlus_quote_member_QM050,SP_Smile_policy_member_PM040,EXACT_MATCH,RULE_EXACT_ATTR_PHONE,ATTR_PHONE,+85295555555,0.95,2026-03-12T11:07:31.057037,PHASE_1
4f85990b-a28f-4d35-8c57-c5b1b71b993a,SP_SmartPlus_quote_member_QM050,SP_Smile_policy_member_PM040,EXACT_MATCH,RULE_EXACT_ATTR_GENDER,ATTR_GENDER,F,0.95,2026-03-12T11:07:31.057063,PHASE_1
16f7c83f-366b-4cad-ab16-da52abccebe2,SP_SmartPlus_quote_member_QM050,SP_Smile_policy_member_PM040,EXACT_MATCH,RULE_EXACT_ATTR_FIRST_NAME,ATTR_FIRST_NAME,RACHEL,0.95,2026-03-12T11:07:31.057079,PHASE_1
81a9fa43-8c91-433b-8dcf-214333e58092,SP_SmartPlus_quote_member_QM050,SP_Smile_policy_member_PM040,EXACT_MATCH,RULE_EXACT_ATTR_LAST_NAME,ATTR_LAST_NAME,WONG,0.95,2026-03-12T11:07:31.057101,PHASE_1
c8a8971c-a68e-42a7-914a-823aceb23796,SP_SmartPlus_quote_member_QM050,SP_Smile_policy_member_PM040,EXACT_MATCH,RULE_EXACT_ATTR_EMAIL,ATTR_EMAIL,rachel.wong@email.com,0.95,2026-03-12T11:07:31.057113,PHASE_1
db21c9f5-01c8-4f48-9a8c-a6b402ff5539,SP_SmartPlus_quote_member_QM050,SP_Smile_policy_member_PM040,EXACT_MATCH,RULE_EXACT_SUB_HKID,SUB_HKID,F123456(7),1.0,2026-03-12T11:07:31.057124,PHASE_1
2919427f-5c75-4fd1-9d8c-7ad0773cbeb4,SP_Smile_policy_member_PM030,SP_SmartPlus_quote_member_QM032,EXACT_MATCH,RULE_EXACT_ATTR_PHONE,ATTR_PHONE,+85291111111,0.95,2026-03-12T11:07:31.059805,PHASE_1
5adcbb39-e8f5-4375-bb4b-c4c500e33254,SP_Smile_policy_member_PM030,SP_SmartPlus_quote_member_QM032,EXACT_MATCH,RULE_EXACT_ATTR_GENDER,ATTR_GENDER,M,0.95,2026-03-12T11:07:31.059819,PHASE_1
293c4e4e-9588-4aca-bfea-44758717daba,SP_Smile_policy_member_PM030,SP_SmartPlus_quote_member_QM032,EXACT_MATCH,RULE_EXACT_ATTR_FIRST_NAME,ATTR_FIRST_NAME,明,0.95,2026-03-12T11:07:31.059831,PHASE_1
233cd63e-9d28-4f4d-b4b8-a9ae5d894a27,SP_Smile_policy_member_PM030,SP_SmartPlus_quote_member_QM032,EXACT_MATCH,RULE_EXACT_ATTR_DOB,ATTR_DOB,1988-03-03,0.95,2026-03-12T11:07:31.059843,PHASE_1
01514bbc-c646-467e-8e87-4086b3853219,SP_Smile_policy_member_PM030,SP_SmartPlus_quote_member_QM032,EXACT_MATCH,RULE_EXACT_ATTR_LAST_NAME,ATTR_LAST_NAME,李,0.95,2026-03-12T11:07:31.059860,PHASE_1
fb7f7e79-803c-416c-be81-5a0d1840fdd6,SP_Smile_policy_member_PM030,SP_SmartPlus_quote_member_QM032,EXACT_MATCH,RULE_EXACT_ATTR_EMAIL,ATTR_EMAIL,明.李@email.com,0.95,2026-03-12T11:07:31.059872,PHASE_1
7ef67253-8945-4804-8e22-47b9de52f6b8,SP_Smile_policy_member_PM030,SP_SmartPlus_quote_member_QM032,EXACT_MATCH,RULE_EXACT_SUB_HKID,SUB_HKID,R123456(7),1.0,2026-03-12T11:07:31.059883,PHASE_1
32a11dda-78d3-4a47-bb62-6bb8c5985199,SP_Smile_policy_member_PM010,SP_SmartPlus_quote_member_QM012,EXACT_MATCH,RULE_EXACT_ATTR_PHONE,ATTR_PHONE,+85299012345,0.95,2026-03-12T11:07:31.069399,PHASE_1
bc2a240c-b77b-4b4f-8b9b-dd9352cd5713,SP_Smile_policy_member_PM010,SP_SmartPlus_quote_member_QM012,EXACT_MATCH,RULE_EXACT_ATTR_GENDER,ATTR_GENDER,F,0.95,2026-03-12T11:07:31.069413,PHASE_1
9a5a375f-5d9a-459b-bc80-ddf214d09bfa,SP_Smile_policy_member_PM010,SP_SmartPlus_quote_member_QM012,EXACT_MATCH,RULE_EXACT_ATTR_DOB,ATTR_DOB,1978-11-10,0.95,2026-03-12T11:07:31.069436,PHASE_1
fb267cf3-8aff-411d-ab19-5f0f16e7bb17,SP_Smile_policy_member_PM010,SP_SmartPlus_quote_member_QM012,EXACT_MATCH,RULE_EXACT_ATTR_LAST_NAME,ATTR_LAST_NAME,SMITH,0.95,2026-03-12T11:07:31.069447,PHASE_1
7b752eb7-cb17-4341-bbcd-66a61116a96a,SP_Smile_policy_member_PM010,SP_SmartPlus_quote_member_QM012,EXACT_MATCH,RULE_EXACT_ATTR_EMAIL,ATTR_EMAIL,catherine.smith@email.com,0.95,2026-03-12T11:07:31.069459,PHASE_1
565212ad-2877-4238-b949-6b003b9fe9d2,SP_Smile_policy_member_PM010,SP_SmartPlus_quote_member_QM012,EXACT_MATCH,RULE_EXACT_SUB_HKID,SUB_HKID,J123456(7),1.0,2026-03-12T11:07:31.069473,PHASE_1
d75cdcc5-2452-4cf7-bb60-bf375031032d,SP_SmartPlus_quote_member_QM042,SP_Smile_policy_member_PM034,EXACT_MATCH,RULE_EXACT_ATTR_PHONE,ATTR_PHONE,+85299998888,0.95,2026-03-12T11:07:31.092027,EXACT_HKID
f3d798a1-1508-495f-a193-1ec004cc903c,SP_SmartPlus_quote_member_QM042,SP_Smile_policy_member_PM034,EXACT_MATCH,RULE_EXACT_ATTR_GENDER,ATTR_GENDER,F,0.95,2026-03-12T11:07:31.092052,EXACT_HKID
da4980cf-6be3-4ffd-b0cf-c10570204656,SP_SmartPlus_quote_member_QM042,SP_Smile_policy_member_PM034,EXACT_MATCH,RULE_EXACT_ATTR_FIRST_NAME,ATTR_FIRST_NAME,JENNIFER,0.95,2026-03-12T11:07:31.092065,EXACT_HKID
35188220-4562-4906-b1b6-5bdf4259796a,SP_SmartPlus_quote_member_QM042,SP_Smile_policy_member_PM034,EXACT_MATCH,RULE_EXACT_ATTR_DOB,ATTR_DOB,1987-06-15,0.95,2026-03-12T11:07:31.092078,EXACT_HKID
2088926e-d9a2-42a1-9ac2-7c769e596d8a,SP_SmartPlus_quote_member_QM042,SP_Smile_policy_member_PM034,EXACT_MATCH,RULE_EXACT_ATTR_LAST_NAME,ATTR_LAST_NAME,LEE,0.95,2026-03-12T11:07:31.092090,EXACT_HKID
a367bd9d-b2dc-48ce-ab5d-8ce294fe77c6,SP_SmartPlus_quote_member_QM042,SP_Smile_policy_member_PM034,EXACT_MATCH,RULE_EXACT_SUB_HKID,SUB_HKID,AB123456(7),1.0,2026-03-12T11:07:31.092113,EXACT_HKID
1927874b-aa8d-42db-a765-5a40a77fcabc,SP_SmartPlus_application_A003_applicant,SP_SmartPlus_quote_member_QM045,EXACT_MATCH,RULE_EXACT_SUB_HKID,SUB_HKID,C123456(7),1.0,2026-03-12T11:07:31.093778,EXACT_HKID
44d2702b-c652-41d7-a647-140eec8f592d,SP_SmartPlus_application_A004_applicant,SP_SmartPlus_quote_member_QM005,EXACT_MATCH,RULE_EXACT_SUB_HKID,SUB_HKID,D123456(7),1.0,2026-03-12T11:07:31.095342,EXACT_HKID
5bc727a6-f1b9-4404-8065-a4de989c5346,SP_SmartPlus_application_A004_applicant,SP_SmartPlus_quote_member_QM046,EXACT_MATCH,RULE_EXACT_SUB_HKID,SUB_HKID,D123456(7),1.0,2026-03-12T11:07:31.096821,EXACT_HKID
502b19b9-3d0f-40ee-bd71-bfd379484e48,SP_SmartPlus_application_A004_applicant,SP_Smile_policy_member_PM038,EXACT_MATCH,RULE_EXACT_SUB_HKID,SUB_HKID,D123456(7),1.0,2026-03-12T11:07:31.098335,EXACT_HKID
637cfd72-26ff-4255-bc93-c29431f67808,SP_SmartPlus_quote_member_QM005,SP_SmartPlus_quote_member_QM046,EXACT_MATCH,RULE_EXACT_ATTR_GENDER,ATTR_GENDER,F,0.95,2026-03-12T11:07:31.099849,EXACT_HKID
dac41f2d-5f0e-4b24-9849-b8e45332461e,SP_SmartPlus_quote_member_QM005,SP_SmartPlus_quote_member_QM046,EXACT_MATCH,RULE_EXACT_SUB_HKID,SUB_HKID,D123456(7),1.0,2026-03-12T11:07:31.099899,EXACT_HKID
308de90c-6bd6-4f0c-b3c2-ec32afac55b2,SP_SmartPlus_quote_member_QM005,SP_Smile_policy_member_PM038,EXACT_MATCH,RULE_EXACT_ATTR_GENDER,ATTR_GENDER,F,0.95,2026-03-12T11:07:31.101361,EXACT_HKID
ca1823db-a51e-4fa4-aa81-de797f674cfc,SP_SmartPlus_quote_member_QM005,SP_Smile_policy_member_PM038,EXACT_MATCH,RULE_EXACT_SUB_HKID,SUB_HKID,D123456(7),1.0,2026-03-12T11:07:31.101412,EXACT_HKID
6fc6aa94-3026-4f91-b918-5244be5a0c62,SP_SmartPlus_quote_member_QM046,SP_Smile_policy_member_PM038,EXACT_MATCH,RULE_EXACT_ATTR_PHONE,ATTR_PHONE,+85292222222,0.95,2026-03-12T11:07:31.102917,EXACT_HKID
52db42df-f065-4059-98ae-ca556d2f44a3,SP_SmartPlus_quote_member_QM046,SP_Smile_policy_member_PM038,EXACT_MATCH,RULE_EXACT_ATTR_GENDER,ATTR_GENDER,F,0.95,2026-03-12T11:07:31.102933,EXACT_HKID
f4dd86e5-dc85-4505-8354-c1b0cd67842d,SP_SmartPlus_quote_member_QM046,SP_Smile_policy_member_PM038,EXACT_MATCH,RULE_EXACT_ATTR_FIRST_NAME,ATTR_FIRST_NAME,EMILY,0.95,2026-03-12T11:07:31.102945,EXACT_HKID
c9c1398d-093a-4bb2-9479-91b9c9086b26,SP_SmartPlus_quote_member_QM046,SP_Smile_policy_member_PM038,EXACT_MATCH,RULE_EXACT_ATTR_DOB,ATTR_DOB,1990-08-22,0.95,2026-03-12T11:07:31.102957,EXACT_HKID
82d947c3-0907-4359-8f8e-0ef20f326af5,SP_SmartPlus_quote_member_QM046,SP_Smile_policy_member_PM038,EXACT_MATCH,RULE_EXACT_ATTR_EMAIL,ATTR_EMAIL,emily.t@email.com,0.95,2026-03-12T11:07:31.102979,EXACT_HKID
6c1a4349-55f1-4942-9475-38e41cf159b3,SP_SmartPlus_quote_member_QM046,SP_Smile_policy_member_PM038,EXACT_MATCH,RULE_EXACT_SUB_HKID,SUB_HKID,D123456(7),1.0,2026-03-12T11:07:31.102990,EXACT_HKID
c74235c7-2554-4a14-8c98-7f07c606f544,SP_SmartPlus_application_A005_applicant,SP_SmartPlus_quote_member_QM007,EXACT_MATCH,RULE_EXACT_SUB_HKID,SUB_HKID,E123456(7),1.0,2026-03-12T11:07:31.104421,EXACT_HKID
b4feab30-8efc-4965-b127-ee400fc212d2,SP_SmartPlus_application_A005_applicant,SP_SmartPlus_quote_member_QM049,EXACT_MATCH,RULE_EXACT_SUB_HKID,SUB_HKID,E123456(7),1.0,2026-03-12T11:07:31.105863,EXACT_HKID
d322d1ed-c40e-437e-bf02-2ecc84018fa7,SP_SmartPlus_application_A005_applicant,SP_Smile_policy_member_PM005,EXACT_MATCH,RULE_EXACT_SUB_HKID,SUB_HKID,E123456(7),1.0,2026-03-12T11:07:31.107273,EXACT_HKID
fe3340c9-ec8a-498c-a11a-2a93c40f2a27,SP_SmartPlus_quote_member_QM007,SP_SmartPlus_quote_member_QM049,EXACT_MATCH,RULE_EXACT_ATTR_GENDER,ATTR_GENDER,M,0.95,2026-03-12T11:07:31.108697,EXACT_HKID
68c63dcc-8533-4d3c-a476-b2d03bbaa085,SP_SmartPlus_quote_member_QM007,SP_SmartPlus_quote_member_QM049,EXACT_MATCH,RULE_EXACT_SUB_HKID,SUB_HKID,E123456(7),1.0,2026-03-12T11:07:31.108748,EXACT_HKID
fd3e13d0-a68e-40dd-9903-c61dc0e8ec5b,SP_SmartPlus_quote_member_QM049,SP_Smile_policy_member_PM005,EXACT_MATCH,RULE_EXACT_ATTR_GENDER,ATTR_GENDER,M,0.95,2026-03-12T11:07:31.110168,EXACT_HKID
f6498094-5367-4811-9b52-68dcfb054748,SP_SmartPlus_quote_member_QM049,SP_Smile_policy_member_PM005,EXACT_MATCH,RULE_EXACT_SUB_HKID,SUB_HKID,E123456(7),1.0,2026-03-12T11:07:31.110220,EXACT_HKID
1629cf50-5962-42c2-b07c-266e9f942d8d,SP_SmartPlus_quote_member_QM050,SP_Smile_policy_member_PM007,EXACT_MATCH,RULE_EXACT_SUB_HKID,SUB_HKID,F123456(7),1.0,2026-03-12T11:07:31.112221,EXACT_HKID
c69e341e-e488-48f2-8cdf-0829099d12ce,SP_Smile_policy_member_PM007,SP_Smile_policy_member_PM040,EXACT_MATCH,RULE_EXACT_SUB_HKID,SUB_HKID,F123456(7),1.0,2026-03-12T11:07:31.113882,EXACT_HKID
82d3f7d8-f76f-4466-9d21-ad3e612ccdef,SP_SmartPlus_quote_member_QM009,SP_Smile_policy_member_PM009,EXACT_MATCH,RULE_EXACT_ATTR_PHONE,ATTR_PHONE,+85297890123,0.95,2026-03-12T11:07:31.115422,EXACT_HKID
e136df34-ff25-4981-bbba-58cfa2b3e972,SP_SmartPlus_quote_member_QM009,SP_Smile_policy_member_PM009,EXACT_MATCH,RULE_EXACT_ATTR_GENDER,ATTR_GENDER,M,0.95,2026-03-12T11:07:31.115437,EXACT_HKID
ee0b90fe-364b-4e0b-8cfc-4a3eb229d267,SP_SmartPlus_quote_member_QM009,SP_Smile_policy_member_PM009,EXACT_MATCH,RULE_EXACT_ATTR_FIRST_NAME,ATTR_FIRST_NAME,JAMES,0.95,2026-03-12T11:07:31.115449,EXACT_HKID
1fd3511b-e7ee-4d0c-ac64-dbd0d20c7dcb,SP_SmartPlus_quote_member_QM009,SP_Smile_policy_member_PM009,EXACT_MATCH,RULE_EXACT_ATTR_DOB,ATTR_DOB,1985-03-15,0.95,2026-03-12T11:07:31.115461,EXACT_HKID
7dd2c56d-1228-4c05-ae22-30eae40fe8fe,SP_SmartPlus_quote_member_QM009,SP_Smile_policy_member_PM009,EXACT_MATCH,RULE_EXACT_ATTR_LAST_NAME,ATTR_LAST_NAME,WILSON,0.95,2026-03-12T11:07:31.115472,EXACT_HKID
17369401-56c0-4027-b3db-9471c0845bcd,SP_SmartPlus_quote_member_QM009,SP_Smile_policy_member_PM009,EXACT_MATCH,RULE_EXACT_ATTR_EMAIL,ATTR_EMAIL,james.w@email.com,0.95,2026-03-12T11:07:31.115491,EXACT_HKID
e52fd53c-9f07-482e-bc0f-20a0f2485bb4,SP_SmartPlus_quote_member_QM009,SP_Smile_policy_member_PM009,EXACT_MATCH,RULE_EXACT_SUB_HKID,SUB_HKID,H123456(7),1.0,2026-03-12T11:07:31.115507,EXACT_HKID
48d9fe9f-1ad6-480e-9af3-b64c1a6af2b6,SP_SmartPlus_quote_member_QM030,SP_SmartPlus_quote_member_QM047,EXACT_MATCH,RULE_EXACT_ATTR_GENDER,ATTR_GENDER,M,0.95,2026-03-12T11:07:31.117071,EXACT_HKID
32c0f38a-a155-43f4-875f-4fee3b6cca97,SP_SmartPlus_quote_member_QM030,SP_SmartPlus_quote_member_QM047,EXACT_MATCH,RULE_EXACT_SUB_HKID,SUB_HKID,P123456(7),1.0,2026-03-12T11:07:31.117122,EXACT_HKID
0eff32e4-71a6-4a3c-b9c9-a336b78b192a,SP_SmartPlus_quote_member_QM030,SP_SmartPlus_quote_member_QM048,EXACT_MATCH,RULE_EXACT_SUB_HKID,SUB_HKID,P123456(7),1.0,2026-03-12T11:07:31.118702,EXACT_HKID
f360b1fa-b11b-45ba-bc32-340f0c139aa7,SP_SmartPlus_quote_member_QM047,SP_SmartPlus_quote_member_QM048,EXACT_MATCH,RULE_EXACT_ATTR_PHONE,ATTR_PHONE,+85293333333,0.95,2026-03-12T11:07:31.120254,EXACT_HKID
2f4f2f09-7972-4ccf-a0d5-0405ebd22472,SP_SmartPlus_quote_member_QM047,SP_SmartPlus_quote_member_QM048,EXACT_MATCH,RULE_EXACT_ATTR_FIRST_NAME,ATTR_FIRST_NAME,ALEX,0.95,2026-03-12T11:07:31.120280,EXACT_HKID
96f11540-de61-4ed0-9cbc-0c239c792245,SP_SmartPlus_quote_member_QM047,SP_SmartPlus_quote_member_QM048,EXACT_MATCH,RULE_EXACT_ATTR_DOB,ATTR_DOB,1988-03-10,0.95,2026-03-12T11:07:31.120294,EXACT_HKID
ab14de6e-903b-43fb-9d25-2a7f2c5464a1,SP_SmartPlus_quote_member_QM047,SP_SmartPlus_quote_member_QM048,EXACT_MATCH,RULE_EXACT_ATTR_LAST_NAME,ATTR_LAST_NAME,MORGAN,0.95,2026-03-12T11:07:31.120306,EXACT_HKID
b9234435-719c-4e9f-afb5-f6853c5ce828,SP_SmartPlus_quote_member_QM047,SP_SmartPlus_quote_member_QM048,EXACT_MATCH,RULE_EXACT_ATTR_EMAIL,ATTR_EMAIL,alex.morgan@email.com,0.95,2026-03-12T11:07:31.120317,EXACT_HKID
37600d5a-abb5-4cdc-a1d5-ae82b8a7d59d,SP_SmartPlus_quote_member_QM047,SP_SmartPlus_quote_member_QM048,EXACT_MATCH,RULE_EXACT_SUB_HKID,SUB_HKID,P123456(7),1.0,2026-03-12T11:07:31.120329,EXACT_HKID
da425f01-afb2-4d43-b62b-dfc4c471576b,SP_SmartPlus_quote_member_QM047,SP_Smile_policy_member_PM028,EXACT_MATCH,RULE_EXACT_ATTR_GENDER,ATTR_GENDER,M,0.95,2026-03-12T11:07:31.121751,EXACT_HKID
d7f7bd1a-3638-417f-90e7-88978ed851fc,SP_SmartPlus_quote_member_QM047,SP_Smile_policy_member_PM028,EXACT_MATCH,RULE_EXACT_SUB_HKID,SUB_HKID,P123456(7),1.0,2026-03-12T11:07:31.121803,EXACT_HKID
8c81a173-8cb2-483f-a464-717e6cb9e0b9,SP_SmartPlus_quote_member_QM048,SP_Smile_policy_member_PM028,EXACT_MATCH,RULE_EXACT_SUB_HKID,SUB_HKID,P123456(7),1.0,2026-03-12T11:07:31.123288,EXACT_HKID
3237d448-67e3-42b4-a7db-97352cebc548,SP_SmartPlus_quote_member_QM034,SP_Smile_policy_member_PM032,EXACT_MATCH,RULE_EXACT_ATTR_PHONE,ATTR_PHONE,+85292222222,0.95,2026-03-12T11:07:31.124716,EXACT_HKID
28e81217-ca3a-431a-b8cb-6a0f3526ea81,SP_SmartPlus_quote_member_QM034,SP_Smile_policy_member_PM032,EXACT_MATCH,RULE_EXACT_ATTR_GENDER,ATTR_GENDER,M,0.95,2026-03-12T11:07:31.124730,EXACT_HKID
c8660931-55ba-4af4-b3a2-47d16fd16dca,SP_SmartPlus_quote_member_QM034,SP_Smile_policy_member_PM032,EXACT_MATCH,RULE_EXACT_ATTR_FIRST_NAME,ATTR_FIRST_NAME,TOM,0.95,2026-03-12T11:07:31.124741,EXACT_HKID
4b5500c5-3fb4-4a2c-89ef-932b40271898,SP_SmartPlus_quote_member_QM034,SP_Smile_policy_member_PM032,EXACT_MATCH,RULE_EXACT_ATTR_DOB,ATTR_DOB,1980-01-01,0.95,2026-03-12T11:07:31.124762,EXACT_HKID
248655d2-1d2e-414b-bc00-c00fe04c964e,SP_SmartPlus_quote_member_QM034,SP_Smile_policy_member_PM032,EXACT_MATCH,RULE_EXACT_ATTR_LAST_NAME,ATTR_LAST_NAME,BROWN,0.95,2026-03-12T11:07:31.124774,EXACT_HKID
491657af-ea76-4a39-9543-7ffb9622fe60,SP_SmartPlus_quote_member_QM034,SP_Smile_policy_member_PM032,EXACT_MATCH,RULE_EXACT_ATTR_EMAIL,ATTR_EMAIL,tom@email.com,0.95,2026-03-12T11:07:31.124785,EXACT_HKID
55f90747-e919-402f-a424-a3efafd4095a,SP_SmartPlus_quote_member_QM034,SP_Smile_policy_member_PM032,EXACT_MATCH,RULE_EXACT_SUB_HKID,SUB_HKID,T123456(7),1.0,2026-03-12T11:07:31.124797,EXACT_HKID
3615bc77-a073-43c7-b497-839bf6509968,SP_SmartPlus_quote_member_QM038,SP_SmartPlus_contact_person_CP001,EXACT_MATCH,RULE_EXACT_SUB_HKID,SUB_HKID,X123456(7),1.0,2026-03-12T11:07:31.126217,EXACT_HKID
91057530-e0a1-4ca2-881f-d8696b8e9464,SP_SmartPlus_contact_person_CP001,SP_Smile_policy_member_PM033,EXACT_MATCH,RULE_EXACT_SUB_HKID,SUB_HKID,X123456(7),1.0,2026-03-12T11:07:31.127639,EXACT_HKID
99a5747d-4856-434e-860b-83f6fcf124b7,SP_SmartPlus_quote_member_QM051,SP_SmartPlus_quote_member_QM052,EXACT_MATCH,RULE_EXACT_ATTR_GENDER,ATTR_GENDER,M,0.95,2026-03-12T11:07:31.130619,EXACT_EMAIL
6cde199e-554b-448c-9484-be3fbfc01fa6,SP_SmartPlus_quote_member_QM051,SP_SmartPlus_quote_member_QM052,EXACT_MATCH,RULE_EXACT_ATTR_FIRST_NAME,ATTR_FIRST_NAME,TRANSIT,0.95,2026-03-12T11:07:31.130632,EXACT_EMAIL
536620b9-daf9-4a9e-b018-fc8063654ed3,SP_SmartPlus_quote_member_QM051,SP_SmartPlus_quote_member_QM052,EXACT_MATCH,RULE_EXACT_ATTR_DOB,ATTR_DOB,1990-05-15,0.95,2026-03-12T11:07:31.130644,EXACT_EMAIL
d7f4c785-95a0-4e54-a7f8-5e33396bcc3e,SP_SmartPlus_quote_member_QM051,SP_SmartPlus_quote_member_QM052,EXACT_MATCH,RULE_EXACT_ATTR_LAST_NAME,ATTR_LAST_NAME,PERSON,0.95,2026-03-12T11:07:31.130656,EXACT_EMAIL
0458c70e-7660-4e59-a011-a6f457e1dba6,SP_SmartPlus_quote_member_QM051,SP_SmartPlus_quote_member_QM052,EXACT_MATCH,RULE_EXACT_ATTR_EMAIL,ATTR_EMAIL,shared@transit.com,0.95,2026-03-12T11:07:31.130668,EXACT_EMAIL
ff09c15f-0a1b-4d7f-a2b1-142ef6418958,SP_SmartPlus_quote_member_QM052,SP_SmartPlus_quote_member_QM053,EXACT_MATCH,RULE_EXACT_ATTR_FIRST_NAME,ATTR_FIRST_NAME,TRANSIT,0.95,2026-03-12T11:07:31.142115,EXACT_DOB
095f4068-dfc9-4079-8b5c-5b7e61a64f30,SP_SmartPlus_quote_member_QM052,SP_SmartPlus_quote_member_QM053,EXACT_MATCH,RULE_EXACT_ATTR_GENDER,ATTR_GENDER,M,0.95,2026-03-12T11:07:31.142140,EXACT_DOB
1161d0a5-cb8d-45da-a5c8-f220aa163400,SP_SmartPlus_quote_member_QM052,SP_SmartPlus_quote_member_QM053,EXACT_MATCH,RULE_EXACT_ATTR_DOB,ATTR_DOB,1990-05-15,0.95,2026-03-12T11:07:31.142152,EXACT_DOB
5946f6d8-ac79-4425-a096-4179e1779791,SP_SmartPlus_quote_member_QM052,SP_SmartPlus_quote_member_QM053,EXACT_MATCH,RULE_EXACT_ATTR_LAST_NAME,ATTR_LAST_NAME,PERSON,0.95,2026-03-12T11:07:31.142164,EXACT_DOB
