blocking_id,party_id_1,party_id_2,blocking_reason_code,blocking_rule_id,blocking_source,conflicting_attribute_subtype_id,conflict_details,created_at,is_active,created_by
ac97efe8-9648-4ef6-bae8-e88f8bdb1b91,SP_SmartPlus_quote_member_QM049,SP_Smile_policy_member_PM039,DIFFERENT_HKID,RULE_CONFLICTING_HKID,AUTOMATIC,SUB_HKID,"{'party1_SUB_HKID': 'E123456(7)', 'party2_SUB_HKID': 'K987654(3)'}",2026-03-06T23:18:17.305107,True,SYSTEM
ed982567-e8a2-4e83-a8a8-ca1553d3621c,SP_SmartPlus_application_A004_applicant,SP_Smile_policy_member_PM008,DIFFERENT_HKID,RULE_CONFLICTING_HKID,AUTOMATIC,SUB_HKID,"{'party1_SUB_HKID': 'D123456(7)', 'party2_SUB_HKID': 'G123456(7)'}",2026-03-06T23:18:17.307594,True,SYSTEM
e6b19246-9af8-417b-aa96-7f838f63380c,SP_SmartPlus_quote_member_QM019,SP_SmartPlus_quote_member_QM025,DIFFERENT_HKID,RULE_CONFLICTING_HKID,AUTOMATIC,SUB_HKID,"{'party1_SUB_HKID': 'O023456(7)', 'party2_SUB_HKID': 'O083456(7)'}",2026-03-06T23:18:17.311588,True,SYSTEM
d529ae12-03cb-4425-8598-108d2916acb6,SP_SmartPlus_quote_member_QM019,SP_Smile_policy_member_PM022,DIFFERENT_HKID,RULE_CONFLICTING_HKID,AUTOMATIC,SUB_HKID,"{'party1_SUB_HKID': 'O023456(7)', 'party2_SUB_HKID': 'O073456(7)'}",2026-03-06T23:18:17.313318,True,SYSTEM
0106146b-469f-4302-8868-0ade48723617,SP_SmartPlus_quote_member_QM019,SP_SmartPlus_quote_member_QM018,DIFFERENT_HKID,RULE_CONFLICTING_HKID,AUTOMATIC,SUB_HKID,"{'party1_SUB_HKID': 'O023456(7)', 'party2_SUB_HKID': 'O013456(7)'}",2026-03-06T23:18:17.314710,True,SYSTEM
f6222660-8cbf-4176-9e81-608e3f75aa54,SP_SmartPlus_quote_member_QM019,SP_SmartPlus_quote_member_QM027,DIFFERENT_HKID,RULE_CONFLICTING_HKID,AUTOMATIC,SUB_HKID,"{'party1_SUB_HKID': 'O023456(7)', 'party2_SUB_HKID': 'O103456(7)'}",2026-03-06T23:18:17.317623,True,SYSTEM
68232af0-9be7-411c-849d-334d55c9b489,SP_SmartPlus_quote_member_QM019,SP_SmartPlus_quote_member_QM026,DIFFERENT_HKID,RULE_CONFLICTING_HKID,AUTOMATIC,SUB_HKID,"{'party1_SUB_HKID': 'O023456(7)', 'party2_SUB_HKID': 'O093456(7)'}",2026-03-06T23:18:17.320373,True,SYSTEM
8712a7f2-46a3-46a0-b3a8-836d6172cdd0,SP_SmartPlus_quote_member_QM019,SP_SmartPlus_quote_member_QM020,DIFFERENT_HKID,RULE_CONFLICTING_HKID,AUTOMATIC,SUB_HKID,"{'party1_SUB_HKID': 'O023456(7)', 'party2_SUB_HKID': 'O033456(7)'}",2026-03-06T23:18:17.321712,True,SYSTEM
090ee912-f658-475b-b1b4-30deca90d348,SP_SmartPlus_quote_member_QM019,SP_SmartPlus_quote_member_QM024,DIFFERENT_HKID,RULE_CONFLICTING_HKID,AUTOMATIC,SUB_HKID,"{'party1_SUB_HKID': 'O023456(7)', 'party2_SUB_HKID': 'O073456(7)'}",2026-03-06T23:18:17.324436,True,SYSTEM
22838858-7006-4f69-8f57-23600e7c042c,SP_SmartPlus_quote_member_QM019,SP_Smile_policy_member_PM026,DIFFERENT_HKID,RULE_CONFLICTING_HKID,AUTOMATIC,SUB_HKID,"{'party1_SUB_HKID': 'O023456(7)', 'party2_SUB_HKID': 'O113456(7)'}",2026-03-06T23:18:17.325881,True,SYSTEM
c677f98d-4de7-4870-911f-43f081c4d1fc,SP_SmartPlus_quote_member_QM019,SP_Smile_policy_member_PM018,DIFFERENT_HKID,RULE_CONFLICTING_HKID,AUTOMATIC,SUB_HKID,"{'party1_SUB_HKID': 'O023456(7)', 'party2_SUB_HKID': 'O033456(7)'}",2026-03-06T23:18:17.327386,True,SYSTEM
4bf7a980-d1bd-4cb4-a320-8ef526ef81dc,SP_SmartPlus_quote_member_QM019,SP_Smile_policy_member_PM016,DIFFERENT_HKID,RULE_CONFLICTING_HKID,AUTOMATIC,SUB_HKID,"{'party1_SUB_HKID': 'O023456(7)', 'party2_SUB_HKID': 'O013456(7)'}",2026-03-06T23:18:17.328921,True,SYSTEM
feba2e2a-a10e-4da5-972b-04b2150f597b,SP_SmartPlus_quote_member_QM019,SP_Smile_policy_member_PM024,DIFFERENT_HKID,RULE_CONFLICTING_HKID,AUTOMATIC,SUB_HKID,"{'party1_SUB_HKID': 'O023456(7)', 'party2_SUB_HKID': 'O093456(7)'}",2026-03-06T23:18:17.330320,True,SYSTEM
218d8329-14b4-456e-a62c-99526551e3f1,SP_SmartPlus_quote_member_QM019,SP_Smile_policy_member_PM023,DIFFERENT_HKID,RULE_CONFLICTING_HKID,AUTOMATIC,SUB_HKID,"{'party1_SUB_HKID': 'O023456(7)', 'party2_SUB_HKID': 'O083456(7)'}",2026-03-06T23:18:17.333794,True,SYSTEM
ee6a275a-5df1-47c7-b543-b03d80f77c41,SP_SmartPlus_quote_member_QM019,SP_Smile_policy_member_PM019,DIFFERENT_HKID,RULE_CONFLICTING_HKID,AUTOMATIC,SUB_HKID,"{'party1_SUB_HKID': 'O023456(7)', 'party2_SUB_HKID': 'O043456(7)'}",2026-03-06T23:18:17.335278,True,SYSTEM
53161756-0c80-4f75-8f97-417600b5fe14,SP_SmartPlus_quote_member_QM019,SP_SmartPlus_quote_member_QM022,DIFFERENT_HKID,RULE_CONFLICTING_HKID,AUTOMATIC,SUB_HKID,"{'party1_SUB_HKID': 'O023456(7)', 'party2_SUB_HKID': 'O053456(7)'}",2026-03-06T23:18:17.336747,True,SYSTEM
f68baf30-c5a4-43b4-9cf2-16f285738fd1,SP_SmartPlus_quote_member_QM019,SP_Smile_policy_member_PM020,DIFFERENT_HKID,RULE_CONFLICTING_HKID,AUTOMATIC,SUB_HKID,"{'party1_SUB_HKID': 'O023456(7)', 'party2_SUB_HKID': 'O053456(7)'}",2026-03-06T23:18:17.338054,True,SYSTEM
d3699fc6-740a-4790-9ee6-14f60051ed78,SP_SmartPlus_quote_member_QM019,SP_Smile_policy_member_PM027,DIFFERENT_HKID,RULE_CONFLICTING_HKID,AUTOMATIC,SUB_HKID,"{'party1_SUB_HKID': 'O023456(7)', 'party2_SUB_HKID': 'O123456(7)'}",2026-03-06T23:18:17.339348,True,SYSTEM
eca38d1b-10ce-4022-a338-e7dfb776f3cc,SP_SmartPlus_quote_member_QM019,SP_SmartPlus_quote_member_QM021,DIFFERENT_HKID,RULE_CONFLICTING_HKID,AUTOMATIC,SUB_HKID,"{'party1_SUB_HKID': 'O023456(7)', 'party2_SUB_HKID': 'O043456(7)'}",2026-03-06T23:18:17.340646,True,SYSTEM
7964f95d-93fe-4f3f-9a79-c47992de04f8,SP_SmartPlus_quote_member_QM019,SP_SmartPlus_quote_member_QM029,DIFFERENT_HKID,RULE_CONFLICTING_HKID,AUTOMATIC,SUB_HKID,"{'party1_SUB_HKID': 'O023456(7)', 'party2_SUB_HKID': 'O123456(7)'}",2026-03-06T23:18:17.342561,True,SYSTEM
28bf6acc-5cc5-4b96-8706-b55b297dca96,SP_SmartPlus_quote_member_QM019,SP_SmartPlus_quote_member_QM023,DIFFERENT_HKID,RULE_CONFLICTING_HKID,AUTOMATIC,SUB_HKID,"{'party1_SUB_HKID': 'O023456(7)', 'party2_SUB_HKID': 'O063456(7)'}",2026-03-06T23:18:17.343952,True,SYSTEM
1bba6c04-c09c-4082-ab06-1e6e7152cf39,SP_SmartPlus_quote_member_QM019,SP_Smile_policy_member_PM025,DIFFERENT_HKID,RULE_CONFLICTING_HKID,AUTOMATIC,SUB_HKID,"{'party1_SUB_HKID': 'O023456(7)', 'party2_SUB_HKID': 'O103456(7)'}",2026-03-06T23:18:17.345277,True,SYSTEM
7086b542-18e3-43ab-84c8-c5f7ae1ce9b8,SP_SmartPlus_quote_member_QM019,SP_Smile_policy_member_PM021,DIFFERENT_HKID,RULE_CONFLICTING_HKID,AUTOMATIC,SUB_HKID,"{'party1_SUB_HKID': 'O023456(7)', 'party2_SUB_HKID': 'O063456(7)'}",2026-03-06T23:18:17.346552,True,SYSTEM
ca0a44fe-e0f3-4c0c-b3b5-b03e350195ee,SP_SmartPlus_quote_member_QM019,SP_SmartPlus_quote_member_QM028,DIFFERENT_HKID,RULE_CONFLICTING_HKID,AUTOMATIC,SUB_HKID,"{'party1_SUB_HKID': 'O023456(7)', 'party2_SUB_HKID': 'O113456(7)'}",2026-03-06T23:18:17.347891,True,SYSTEM
798bcb64-abb8-42ac-b29b-de88395b4dcb,SP_SmartPlus_quote_member_QM025,SP_Smile_policy_member_PM022,DIFFERENT_HKID,RULE_CONFLICTING_HKID,AUTOMATIC,SUB_HKID,"{'party1_SUB_HKID': 'O083456(7)', 'party2_SUB_HKID': 'O073456(7)'}",2026-03-06T23:18:17.349537,True,SYSTEM
a26f9cc2-ea7e-41be-9741-0b58d2580e59,SP_SmartPlus_quote_member_QM025,SP_SmartPlus_quote_member_QM018,DIFFERENT_HKID,RULE_CONFLICTING_HKID,AUTOMATIC,SUB_HKID,"{'party1_SUB_HKID': 'O083456(7)', 'party2_SUB_HKID': 'O013456(7)'}",2026-03-06T23:18:17.350854,True,SYSTEM
d2ab2e38-b011-4a48-b25f-73e870245c47,SP_SmartPlus_quote_member_QM025,SP_Smile_policy_member_PM017,DIFFERENT_HKID,RULE_CONFLICTING_HKID,AUTOMATIC,SUB_HKID,"{'party1_SUB_HKID': 'O083456(7)', 'party2_SUB_HKID': 'O023456(7)'}",2026-03-06T23:18:17.352136,True,SYSTEM
43ce3144-82bb-486f-99e4-622e393ed44d,SP_SmartPlus_quote_member_QM025,SP_SmartPlus_quote_member_QM027,DIFFERENT_HKID,RULE_CONFLICTING_HKID,AUTOMATIC,SUB_HKID,"{'party1_SUB_HKID': 'O083456(7)', 'party2_SUB_HKID': 'O103456(7)'}",2026-03-06T23:18:17.353419,True,SYSTEM
1a30e704-8341-41df-a951-6a8e23af0355,SP_SmartPlus_quote_member_QM025,SP_SmartPlus_quote_member_QM026,DIFFERENT_HKID,RULE_CONFLICTING_HKID,AUTOMATIC,SUB_HKID,"{'party1_SUB_HKID': 'O083456(7)', 'party2_SUB_HKID': 'O093456(7)'}",2026-03-06T23:18:17.355822,True,SYSTEM
80177e48-99ae-4f3d-ad16-c87cee441ba6,SP_SmartPlus_quote_member_QM025,SP_SmartPlus_quote_member_QM020,DIFFERENT_HKID,RULE_CONFLICTING_HKID,AUTOMATIC,SUB_HKID,"{'party1_SUB_HKID': 'O083456(7)', 'party2_SUB_HKID': 'O033456(7)'}",2026-03-06T23:18:17.357076,True,SYSTEM
b513acdd-101c-4855-9ee8-322eaf964130,SP_SmartPlus_quote_member_QM025,SP_SmartPlus_quote_member_QM024,DIFFERENT_HKID,RULE_CONFLICTING_HKID,AUTOMATIC,SUB_HKID,"{'party1_SUB_HKID': 'O083456(7)', 'party2_SUB_HKID': 'O073456(7)'}",2026-03-06T23:18:17.360054,True,SYSTEM
6f0c279b-9a30-47c4-9a9d-57075ad8f751,SP_SmartPlus_quote_member_QM025,SP_Smile_policy_member_PM026,DIFFERENT_HKID,RULE_CONFLICTING_HKID,AUTOMATIC,SUB_HKID,"{'party1_SUB_HKID': 'O083456(7)', 'party2_SUB_HKID': 'O113456(7)'}",2026-03-06T23:18:17.361361,True,SYSTEM
d391b276-3157-42e1-9f12-52aa32dfc873,SP_SmartPlus_quote_member_QM025,SP_Smile_policy_member_PM018,DIFFERENT_HKID,RULE_CONFLICTING_HKID,AUTOMATIC,SUB_HKID,"{'party1_SUB_HKID': 'O083456(7)', 'party2_SUB_HKID': 'O033456(7)'}",2026-03-06T23:18:17.362615,True,SYSTEM
484b817e-dbff-4978-b092-dc7cdd49fbdb,SP_SmartPlus_quote_member_QM025,SP_Smile_policy_member_PM016,DIFFERENT_HKID,RULE_CONFLICTING_HKID,AUTOMATIC,SUB_HKID,"{'party1_SUB_HKID': 'O083456(7)', 'party2_SUB_HKID': 'O013456(7)'}",2026-03-06T23:18:17.363876,True,SYSTEM
962970ac-5218-4cc9-b1c7-42519ec371b6,SP_SmartPlus_quote_member_QM025,SP_Smile_policy_member_PM024,DIFFERENT_HKID,RULE_CONFLICTING_HKID,AUTOMATIC,SUB_HKID,"{'party1_SUB_HKID': 'O083456(7)', 'party2_SUB_HKID': 'O093456(7)'}",2026-03-06T23:18:17.365161,True,SYSTEM
54462343-c4d5-45e1-846b-05554560caee,SP_SmartPlus_quote_member_QM025,SP_Smile_policy_member_PM019,DIFFERENT_HKID,RULE_CONFLICTING_HKID,AUTOMATIC,SUB_HKID,"{'party1_SUB_HKID': 'O083456(7)', 'party2_SUB_HKID': 'O043456(7)'}",2026-03-06T23:18:17.367795,True,SYSTEM
79dfb5ef-bb0f-4fd1-b657-12dc936fd160,SP_SmartPlus_quote_member_QM025,SP_SmartPlus_quote_member_QM022,DIFFERENT_HKID,RULE_CONFLICTING_HKID,AUTOMATIC,SUB_HKID,"{'party1_SUB_HKID': 'O083456(7)', 'party2_SUB_HKID': 'O053456(7)'}",2026-03-06T23:18:17.369124,True,SYSTEM
f26ee627-142c-4ad6-afd5-609ca2c58d3a,SP_SmartPlus_quote_member_QM025,SP_Smile_policy_member_PM020,DIFFERENT_HKID,RULE_CONFLICTING_HKID,AUTOMATIC,SUB_HKID,"{'party1_SUB_HKID': 'O083456(7)', 'party2_SUB_HKID': 'O053456(7)'}",2026-03-06T23:18:17.370629,True,SYSTEM
02e0211d-256d-4935-a4fc-b8221b129f32,SP_SmartPlus_quote_member_QM025,SP_Smile_policy_member_PM027,DIFFERENT_HKID,RULE_CONFLICTING_HKID,AUTOMATIC,SUB_HKID,"{'party1_SUB_HKID': 'O083456(7)', 'party2_SUB_HKID': 'O123456(7)'}",2026-03-06T23:18:17.372127,True,SYSTEM
9e29335b-a93e-4b29-8cc5-ff4fcc4c888a,SP_SmartPlus_quote_member_QM025,SP_SmartPlus_quote_member_QM021,DIFFERENT_HKID,RULE_CONFLICTING_HKID,AUTOMATIC,SUB_HKID,"{'party1_SUB_HKID': 'O083456(7)', 'party2_SUB_HKID': 'O043456(7)'}",2026-03-06T23:18:17.373853,True,SYSTEM
ce4a6e45-eefa-44b0-91f1-f854b3fe57a8,SP_SmartPlus_quote_member_QM025,SP_SmartPlus_quote_member_QM029,DIFFERENT_HKID,RULE_CONFLICTING_HKID,AUTOMATIC,SUB_HKID,"{'party1_SUB_HKID': 'O083456(7)', 'party2_SUB_HKID': 'O123456(7)'}",2026-03-06T23:18:17.375937,True,SYSTEM
27aa4312-477d-4c1d-ba8f-92616eb4ba8c,SP_SmartPlus_quote_member_QM025,SP_SmartPlus_quote_member_QM023,DIFFERENT_HKID,RULE_CONFLICTING_HKID,AUTOMATIC,SUB_HKID,"{'party1_SUB_HKID': 'O083456(7)', 'party2_SUB_HKID': 'O063456(7)'}",2026-03-06T23:18:17.377345,True,SYSTEM
c1f9687a-a7f4-4fbb-a412-feffdfd62788,SP_SmartPlus_quote_member_QM025,SP_Smile_policy_member_PM025,DIFFERENT_HKID,RULE_CONFLICTING_HKID,AUTOMATIC,SUB_HKID,"{'party1_SUB_HKID': 'O083456(7)', 'party2_SUB_HKID': 'O103456(7)'}",2026-03-06T23:18:17.378682,True,SYSTEM
b6258da3-15fb-461d-b1e4-b0f83327efa8,SP_SmartPlus_quote_member_QM025,SP_Smile_policy_member_PM021,DIFFERENT_HKID,RULE_CONFLICTING_HKID,AUTOMATIC,SUB_HKID,"{'party1_SUB_HKID': 'O083456(7)', 'party2_SUB_HKID': 'O063456(7)'}",2026-03-06T23:18:17.379972,True,SYSTEM
82a85ed1-95c4-4772-bdcf-a57bd1171232,SP_SmartPlus_quote_member_QM025,SP_SmartPlus_quote_member_QM028,DIFFERENT_HKID,RULE_CONFLICTING_HKID,AUTOMATIC,SUB_HKID,"{'party1_SUB_HKID': 'O083456(7)', 'party2_SUB_HKID': 'O113456(7)'}",2026-03-06T23:18:17.381256,True,SYSTEM
0898ab63-0712-4d08-afd9-2b6a0bad3af2,SP_Smile_policy_member_PM022,SP_SmartPlus_quote_member_QM018,DIFFERENT_HKID,RULE_CONFLICTING_HKID,AUTOMATIC,SUB_HKID,"{'party1_SUB_HKID': 'O073456(7)', 'party2_SUB_HKID': 'O013456(7)'}",2026-03-06T23:18:17.382541,True,SYSTEM
cfbb154e-9076-4735-aa59-a02d5f9a15cc,SP_Smile_policy_member_PM022,SP_Smile_policy_member_PM017,DIFFERENT_HKID,RULE_CONFLICTING_HKID,AUTOMATIC,SUB_HKID,"{'party1_SUB_HKID': 'O073456(7)', 'party2_SUB_HKID': 'O023456(7)'}",2026-03-06T23:18:17.383921,True,SYSTEM
480809b3-24db-4020-909e-7411c4cfea8c,SP_Smile_policy_member_PM022,SP_SmartPlus_quote_member_QM027,DIFFERENT_HKID,RULE_CONFLICTING_HKID,AUTOMATIC,SUB_HKID,"{'party1_SUB_HKID': 'O073456(7)', 'party2_SUB_HKID': 'O103456(7)'}",2026-03-06T23:18:17.385242,True,SYSTEM
286c1498-26c3-4fa1-87aa-4107d2d83ea3,SP_Smile_policy_member_PM022,SP_SmartPlus_quote_member_QM026,DIFFERENT_HKID,RULE_CONFLICTING_HKID,AUTOMATIC,SUB_HKID,"{'party1_SUB_HKID': 'O073456(7)', 'party2_SUB_HKID': 'O093456(7)'}",2026-03-06T23:18:17.387779,True,SYSTEM
fd3287c1-cc18-4527-b4b2-65f2aad86bb4,SP_Smile_policy_member_PM022,SP_SmartPlus_quote_member_QM020,DIFFERENT_HKID,RULE_CONFLICTING_HKID,AUTOMATIC,SUB_HKID,"{'party1_SUB_HKID': 'O073456(7)', 'party2_SUB_HKID': 'O033456(7)'}",2026-03-06T23:18:17.389161,True,SYSTEM
05f8f884-2db0-4f18-8606-1c92547651e0,SP_Smile_policy_member_PM022,SP_Smile_policy_member_PM026,DIFFERENT_HKID,RULE_CONFLICTING_HKID,AUTOMATIC,SUB_HKID,"{'party1_SUB_HKID': 'O073456(7)', 'party2_SUB_HKID': 'O113456(7)'}",2026-03-06T23:18:17.393897,True,SYSTEM
902ef5a2-88a6-4a44-a985-ca3d199ac23e,SP_Smile_policy_member_PM022,SP_Smile_policy_member_PM018,DIFFERENT_HKID,RULE_CONFLICTING_HKID,AUTOMATIC,SUB_HKID,"{'party1_SUB_HKID': 'O073456(7)', 'party2_SUB_HKID': 'O033456(7)'}",2026-03-06T23:18:17.395325,True,SYSTEM
53502f02-f097-48f4-906d-e777a10329e1,SP_Smile_policy_member_PM022,SP_Smile_policy_member_PM016,DIFFERENT_HKID,RULE_CONFLICTING_HKID,AUTOMATIC,SUB_HKID,"{'party1_SUB_HKID': 'O073456(7)', 'party2_SUB_HKID': 'O013456(7)'}",2026-03-06T23:18:17.396709,True,SYSTEM
471bef6d-7f2b-4a5d-afcf-edcfdd941525,SP_Smile_policy_member_PM022,SP_Smile_policy_member_PM024,DIFFERENT_HKID,RULE_CONFLICTING_HKID,AUTOMATIC,SUB_HKID,"{'party1_SUB_HKID': 'O073456(7)', 'party2_SUB_HKID': 'O093456(7)'}",2026-03-06T23:18:17.398096,True,SYSTEM
5f6e1291-4821-417c-9300-83d58ec353d4,SP_Smile_policy_member_PM022,SP_Smile_policy_member_PM023,DIFFERENT_HKID,RULE_CONFLICTING_HKID,AUTOMATIC,SUB_HKID,"{'party1_SUB_HKID': 'O073456(7)', 'party2_SUB_HKID': 'O083456(7)'}",2026-03-06T23:18:17.399489,True,SYSTEM
af541a9d-9261-4144-bd8e-957dd2babe54,SP_Smile_policy_member_PM022,SP_Smile_policy_member_PM019,DIFFERENT_HKID,RULE_CONFLICTING_HKID,AUTOMATIC,SUB_HKID,"{'party1_SUB_HKID': 'O073456(7)', 'party2_SUB_HKID': 'O043456(7)'}",2026-03-06T23:18:17.400869,True,SYSTEM
9995ac02-689a-48d7-8c37-3d07267d19f0,SP_Smile_policy_member_PM022,SP_SmartPlus_quote_member_QM022,DIFFERENT_HKID,RULE_CONFLICTING_HKID,AUTOMATIC,SUB_HKID,"{'party1_SUB_HKID': 'O073456(7)', 'party2_SUB_HKID': 'O053456(7)'}",2026-03-06T23:18:17.402284,True,SYSTEM
79720a4f-00ba-4f27-81f1-d5383fa2e782,SP_Smile_policy_member_PM022,SP_Smile_policy_member_PM020,DIFFERENT_HKID,RULE_CONFLICTING_HKID,AUTOMATIC,SUB_HKID,"{'party1_SUB_HKID': 'O073456(7)', 'party2_SUB_HKID': 'O053456(7)'}",2026-03-06T23:18:17.403686,True,SYSTEM
7190b477-6cf3-4433-ace2-8b144d469e66,SP_Smile_policy_member_PM022,SP_Smile_policy_member_PM027,DIFFERENT_HKID,RULE_CONFLICTING_HKID,AUTOMATIC,SUB_HKID,"{'party1_SUB_HKID': 'O073456(7)', 'party2_SUB_HKID': 'O123456(7)'}",2026-03-06T23:18:17.405041,True,SYSTEM
568203af-5cab-4994-bf2c-a8236b0befda,SP_Smile_policy_member_PM022,SP_SmartPlus_quote_member_QM021,DIFFERENT_HKID,RULE_CONFLICTING_HKID,AUTOMATIC,SUB_HKID,"{'party1_SUB_HKID': 'O073456(7)', 'party2_SUB_HKID': 'O043456(7)'}",2026-03-06T23:18:17.406415,True,SYSTEM
fe6e9234-c8ed-4c8a-b475-f35ca3a03e8f,SP_Smile_policy_member_PM022,SP_SmartPlus_quote_member_QM029,DIFFERENT_HKID,RULE_CONFLICTING_HKID,AUTOMATIC,SUB_HKID,"{'party1_SUB_HKID': 'O073456(7)', 'party2_SUB_HKID': 'O123456(7)'}",2026-03-06T23:18:17.408242,True,SYSTEM
3c0a6520-14bc-4a0c-9ee6-7eec95c1e1ad,SP_Smile_policy_member_PM022,SP_SmartPlus_quote_member_QM023,DIFFERENT_HKID,RULE_CONFLICTING_HKID,AUTOMATIC,SUB_HKID,"{'party1_SUB_HKID': 'O073456(7)', 'party2_SUB_HKID': 'O063456(7)'}",2026-03-06T23:18:17.409701,True,SYSTEM
555d4c6c-837f-4f17-9903-fde6b8eaf465,SP_Smile_policy_member_PM022,SP_Smile_policy_member_PM025,DIFFERENT_HKID,RULE_CONFLICTING_HKID,AUTOMATIC,SUB_HKID,"{'party1_SUB_HKID': 'O073456(7)', 'party2_SUB_HKID': 'O103456(7)'}",2026-03-06T23:18:17.411043,True,SYSTEM
0b6fb754-a67a-4583-b067-b3947519e0d8,SP_Smile_policy_member_PM022,SP_Smile_policy_member_PM021,DIFFERENT_HKID,RULE_CONFLICTING_HKID,AUTOMATIC,SUB_HKID,"{'party1_SUB_HKID': 'O073456(7)', 'party2_SUB_HKID': 'O063456(7)'}",2026-03-06T23:18:17.412323,True,SYSTEM
4b977198-d438-436c-b054-f40dba334a19,SP_Smile_policy_member_PM022,SP_SmartPlus_quote_member_QM028,DIFFERENT_HKID,RULE_CONFLICTING_HKID,AUTOMATIC,SUB_HKID,"{'party1_SUB_HKID': 'O073456(7)', 'party2_SUB_HKID': 'O113456(7)'}",2026-03-06T23:18:17.413612,True,SYSTEM
50e2da6d-5212-41a6-a7c1-308416755543,SP_SmartPlus_quote_member_QM018,SP_Smile_policy_member_PM017,DIFFERENT_HKID,RULE_CONFLICTING_HKID,AUTOMATIC,SUB_HKID,"{'party1_SUB_HKID': 'O013456(7)', 'party2_SUB_HKID': 'O023456(7)'}",2026-03-06T23:18:17.414877,True,SYSTEM
ef581b1b-b2a4-4ce7-8d23-13b0208da266,SP_SmartPlus_quote_member_QM018,SP_SmartPlus_quote_member_QM027,DIFFERENT_HKID,RULE_CONFLICTING_HKID,AUTOMATIC,SUB_HKID,"{'party1_SUB_HKID': 'O013456(7)', 'party2_SUB_HKID': 'O103456(7)'}",2026-03-06T23:18:17.416135,True,SYSTEM
343d04f0-f8f0-4c0c-bdec-a9de6006d013,SP_SmartPlus_quote_member_QM018,SP_SmartPlus_quote_member_QM026,DIFFERENT_HKID,RULE_CONFLICTING_HKID,AUTOMATIC,SUB_HKID,"{'party1_SUB_HKID': 'O013456(7)', 'party2_SUB_HKID': 'O093456(7)'}",2026-03-06T23:18:17.418566,True,SYSTEM
487331fb-fd59-488b-a683-ba125b76c070,SP_SmartPlus_quote_member_QM018,SP_SmartPlus_quote_member_QM020,DIFFERENT_HKID,RULE_CONFLICTING_HKID,AUTOMATIC,SUB_HKID,"{'party1_SUB_HKID': 'O013456(7)', 'party2_SUB_HKID': 'O033456(7)'}",2026-03-06T23:18:17.419817,True,SYSTEM
b54a5b24-76e3-4f50-9e60-4f81c7aadd2e,SP_SmartPlus_quote_member_QM018,SP_SmartPlus_quote_member_QM024,DIFFERENT_HKID,RULE_CONFLICTING_HKID,AUTOMATIC,SUB_HKID,"{'party1_SUB_HKID': 'O013456(7)', 'party2_SUB_HKID': 'O073456(7)'}",2026-03-06T23:18:17.422219,True,SYSTEM
a396d248-a36a-4d01-a300-b1bf28edc477,SP_SmartPlus_quote_member_QM018,SP_Smile_policy_member_PM026,DIFFERENT_HKID,RULE_CONFLICTING_HKID,AUTOMATIC,SUB_HKID,"{'party1_SUB_HKID': 'O013456(7)', 'party2_SUB_HKID': 'O113456(7)'}",2026-03-06T23:18:17.423494,True,SYSTEM
34c27460-2831-4490-b712-aa0a1bd93913,SP_SmartPlus_quote_member_QM018,SP_Smile_policy_member_PM018,DIFFERENT_HKID,RULE_CONFLICTING_HKID,AUTOMATIC,SUB_HKID,"{'party1_SUB_HKID': 'O013456(7)', 'party2_SUB_HKID': 'O033456(7)'}",2026-03-06T23:18:17.424902,True,SYSTEM
0f424382-0c25-49c7-b8d7-90b3a77ec866,SP_SmartPlus_quote_member_QM018,SP_Smile_policy_member_PM024,DIFFERENT_HKID,RULE_CONFLICTING_HKID,AUTOMATIC,SUB_HKID,"{'party1_SUB_HKID': 'O013456(7)', 'party2_SUB_HKID': 'O093456(7)'}",2026-03-06T23:18:17.427607,True,SYSTEM
a6f13292-26dc-4878-a5a0-cc0f239bdfb7,SP_SmartPlus_quote_member_QM018,SP_Smile_policy_member_PM023,DIFFERENT_HKID,RULE_CONFLICTING_HKID,AUTOMATIC,SUB_HKID,"{'party1_SUB_HKID': 'O013456(7)', 'party2_SUB_HKID': 'O083456(7)'}",2026-03-06T23:18:17.428875,True,SYSTEM
1ce0ae8d-e52c-4d23-abf4-b0ab384e9a7b,SP_SmartPlus_quote_member_QM018,SP_Smile_policy_member_PM019,DIFFERENT_HKID,RULE_CONFLICTING_HKID,AUTOMATIC,SUB_HKID,"{'party1_SUB_HKID': 'O013456(7)', 'party2_SUB_HKID': 'O043456(7)'}",2026-03-06T23:18:17.432036,True,SYSTEM
1cb64bae-5bf1-4686-a83b-0e386f2a2577,SP_SmartPlus_quote_member_QM018,SP_SmartPlus_quote_member_QM022,DIFFERENT_HKID,RULE_CONFLICTING_HKID,AUTOMATIC,SUB_HKID,"{'party1_SUB_HKID': 'O013456(7)', 'party2_SUB_HKID': 'O053456(7)'}",2026-03-06T23:18:17.433407,True,SYSTEM
f6cd5604-efc6-4e6f-8d61-cb0127018ca0,SP_SmartPlus_quote_member_QM018,SP_Smile_policy_member_PM020,DIFFERENT_HKID,RULE_CONFLICTING_HKID,AUTOMATIC,SUB_HKID,"{'party1_SUB_HKID': 'O013456(7)', 'party2_SUB_HKID': 'O053456(7)'}",2026-03-06T23:18:17.434736,True,SYSTEM
c2f55421-1bdd-4d29-8071-a69cdcb5ed8d,SP_SmartPlus_quote_member_QM018,SP_Smile_policy_member_PM027,DIFFERENT_HKID,RULE_CONFLICTING_HKID,AUTOMATIC,SUB_HKID,"{'party1_SUB_HKID': 'O013456(7)', 'party2_SUB_HKID': 'O123456(7)'}",2026-03-06T23:18:17.436382,True,SYSTEM
91e70e72-029e-484d-9175-d51270c365f3,SP_SmartPlus_quote_member_QM018,SP_SmartPlus_quote_member_QM021,DIFFERENT_HKID,RULE_CONFLICTING_HKID,AUTOMATIC,SUB_HKID,"{'party1_SUB_HKID': 'O013456(7)', 'party2_SUB_HKID': 'O043456(7)'}",2026-03-06T23:18:17.437802,True,SYSTEM
96078e4f-5c01-45f2-9a15-14df456f9e5e,SP_SmartPlus_quote_member_QM018,SP_SmartPlus_quote_member_QM029,DIFFERENT_HKID,RULE_CONFLICTING_HKID,AUTOMATIC,SUB_HKID,"{'party1_SUB_HKID': 'O013456(7)', 'party2_SUB_HKID': 'O123456(7)'}",2026-03-06T23:18:17.439200,True,SYSTEM
8207cb2e-1098-40b5-a2ff-c546c4416f97,SP_SmartPlus_quote_member_QM018,SP_SmartPlus_quote_member_QM023,DIFFERENT_HKID,RULE_CONFLICTING_HKID,AUTOMATIC,SUB_HKID,"{'party1_SUB_HKID': 'O013456(7)', 'party2_SUB_HKID': 'O063456(7)'}",2026-03-06T23:18:17.440539,True,SYSTEM
e5c316b0-4261-439f-b5f7-7272965a7be4,SP_SmartPlus_quote_member_QM018,SP_Smile_policy_member_PM025,DIFFERENT_HKID,RULE_CONFLICTING_HKID,AUTOMATIC,SUB_HKID,"{'party1_SUB_HKID': 'O013456(7)', 'party2_SUB_HKID': 'O103456(7)'}",2026-03-06T23:18:17.442937,True,SYSTEM
4a8bb78a-6c31-4589-b9b4-ce497b8dc3cf,SP_SmartPlus_quote_member_QM018,SP_Smile_policy_member_PM021,DIFFERENT_HKID,RULE_CONFLICTING_HKID,AUTOMATIC,SUB_HKID,"{'party1_SUB_HKID': 'O013456(7)', 'party2_SUB_HKID': 'O063456(7)'}",2026-03-06T23:18:17.444308,True,SYSTEM
b7d4a3ea-f5da-4071-b0b5-72879bf1171f,SP_SmartPlus_quote_member_QM018,SP_SmartPlus_quote_member_QM028,DIFFERENT_HKID,RULE_CONFLICTING_HKID,AUTOMATIC,SUB_HKID,"{'party1_SUB_HKID': 'O013456(7)', 'party2_SUB_HKID': 'O113456(7)'}",2026-03-06T23:18:17.445603,True,SYSTEM
bc354828-8556-494d-bafa-dd521af8b7bc,SP_Smile_policy_member_PM017,SP_SmartPlus_quote_member_QM027,DIFFERENT_HKID,RULE_CONFLICTING_HKID,AUTOMATIC,SUB_HKID,"{'party1_SUB_HKID': 'O023456(7)', 'party2_SUB_HKID': 'O103456(7)'}",2026-03-06T23:18:17.446851,True,SYSTEM
35e75af6-9e72-481c-b26c-a919d3cf7e19,SP_Smile_policy_member_PM017,SP_SmartPlus_quote_member_QM026,DIFFERENT_HKID,RULE_CONFLICTING_HKID,AUTOMATIC,SUB_HKID,"{'party1_SUB_HKID': 'O023456(7)', 'party2_SUB_HKID': 'O093456(7)'}",2026-03-06T23:18:17.449224,True,SYSTEM
3845690e-c2e1-4caa-9c66-67cb9a9c9ccf,SP_Smile_policy_member_PM017,SP_SmartPlus_quote_member_QM020,DIFFERENT_HKID,RULE_CONFLICTING_HKID,AUTOMATIC,SUB_HKID,"{'party1_SUB_HKID': 'O023456(7)', 'party2_SUB_HKID': 'O033456(7)'}",2026-03-06T23:18:17.450470,True,SYSTEM
2c6975c8-56d5-4b47-8c24-28d420b31b90,SP_Smile_policy_member_PM017,SP_SmartPlus_quote_member_QM024,DIFFERENT_HKID,RULE_CONFLICTING_HKID,AUTOMATIC,SUB_HKID,"{'party1_SUB_HKID': 'O023456(7)', 'party2_SUB_HKID': 'O073456(7)'}",2026-03-06T23:18:17.452764,True,SYSTEM
d1948d9d-3e07-4980-97f3-5d841e1762b1,SP_Smile_policy_member_PM017,SP_Smile_policy_member_PM026,DIFFERENT_HKID,RULE_CONFLICTING_HKID,AUTOMATIC,SUB_HKID,"{'party1_SUB_HKID': 'O023456(7)', 'party2_SUB_HKID': 'O113456(7)'}",2026-03-06T23:18:17.453968,True,SYSTEM
e7f2257a-e46e-4083-92ff-be2e8496a4f5,SP_Smile_policy_member_PM017,SP_Smile_policy_member_PM018,DIFFERENT_HKID,RULE_CONFLICTING_HKID,AUTOMATIC,SUB_HKID,"{'party1_SUB_HKID': 'O023456(7)', 'party2_SUB_HKID': 'O033456(7)'}",2026-03-06T23:18:17.455174,True,SYSTEM
6f541b7a-aef4-47ba-a8e2-4be77284c460,SP_Smile_policy_member_PM017,SP_Smile_policy_member_PM016,DIFFERENT_HKID,RULE_CONFLICTING_HKID,AUTOMATIC,SUB_HKID,"{'party1_SUB_HKID': 'O023456(7)', 'party2_SUB_HKID': 'O013456(7)'}",2026-03-06T23:18:17.456377,True,SYSTEM
3eb6132b-b55b-495c-b5ee-8bc8ea7f2418,SP_Smile_policy_member_PM017,SP_Smile_policy_member_PM024,DIFFERENT_HKID,RULE_CONFLICTING_HKID,AUTOMATIC,SUB_HKID,"{'party1_SUB_HKID': 'O023456(7)', 'party2_SUB_HKID': 'O093456(7)'}",2026-03-06T23:18:17.457982,True,SYSTEM
4909bf30-c493-4dae-9e3f-e4067ae0f871,SP_Smile_policy_member_PM017,SP_Smile_policy_member_PM023,DIFFERENT_HKID,RULE_CONFLICTING_HKID,AUTOMATIC,SUB_HKID,"{'party1_SUB_HKID': 'O023456(7)', 'party2_SUB_HKID': 'O083456(7)'}",2026-03-06T23:18:17.459481,True,SYSTEM
bff1503c-d9ab-47c2-9c50-8d687eb13016,SP_Smile_policy_member_PM017,SP_Smile_policy_member_PM019,DIFFERENT_HKID,RULE_CONFLICTING_HKID,AUTOMATIC,SUB_HKID,"{'party1_SUB_HKID': 'O023456(7)', 'party2_SUB_HKID': 'O043456(7)'}",2026-03-06T23:18:17.460780,True,SYSTEM
42ea1604-d131-416b-9ab0-857db01ab93e,SP_Smile_policy_member_PM017,SP_SmartPlus_quote_member_QM022,DIFFERENT_HKID,RULE_CONFLICTING_HKID,AUTOMATIC,SUB_HKID,"{'party1_SUB_HKID': 'O023456(7)', 'party2_SUB_HKID': 'O053456(7)'}",2026-03-06T23:18:17.462046,True,SYSTEM
2d5ca671-0817-4fe6-b786-832aaf330743,SP_Smile_policy_member_PM017,SP_Smile_policy_member_PM020,DIFFERENT_HKID,RULE_CONFLICTING_HKID,AUTOMATIC,SUB_HKID,"{'party1_SUB_HKID': 'O023456(7)', 'party2_SUB_HKID': 'O053456(7)'}",2026-03-06T23:18:17.463273,True,SYSTEM
042f2ad1-91ec-4ffa-9af0-5d8293bb1b0b,SP_Smile_policy_member_PM017,SP_Smile_policy_member_PM027,DIFFERENT_HKID,RULE_CONFLICTING_HKID,AUTOMATIC,SUB_HKID,"{'party1_SUB_HKID': 'O023456(7)', 'party2_SUB_HKID': 'O123456(7)'}",2026-03-06T23:18:17.464512,True,SYSTEM
6964b665-70bd-4895-b751-a76a95f51684,SP_Smile_policy_member_PM017,SP_SmartPlus_quote_member_QM021,DIFFERENT_HKID,RULE_CONFLICTING_HKID,AUTOMATIC,SUB_HKID,"{'party1_SUB_HKID': 'O023456(7)', 'party2_SUB_HKID': 'O043456(7)'}",2026-03-06T23:18:17.465753,True,SYSTEM
5a08cb25-b198-487d-8798-a1df2ba18c7f,SP_Smile_policy_member_PM017,SP_SmartPlus_quote_member_QM029,DIFFERENT_HKID,RULE_CONFLICTING_HKID,AUTOMATIC,SUB_HKID,"{'party1_SUB_HKID': 'O023456(7)', 'party2_SUB_HKID': 'O123456(7)'}",2026-03-06T23:18:17.466972,True,SYSTEM
82e0f722-1d0b-41bc-97a8-2f0c66c9c17e,SP_Smile_policy_member_PM017,SP_SmartPlus_quote_member_QM023,DIFFERENT_HKID,RULE_CONFLICTING_HKID,AUTOMATIC,SUB_HKID,"{'party1_SUB_HKID': 'O023456(7)', 'party2_SUB_HKID': 'O063456(7)'}",2026-03-06T23:18:17.468202,True,SYSTEM
aa52530f-5c73-4e47-9070-56c377c6e55a,SP_Smile_policy_member_PM017,SP_Smile_policy_member_PM025,DIFFERENT_HKID,RULE_CONFLICTING_HKID,AUTOMATIC,SUB_HKID,"{'party1_SUB_HKID': 'O023456(7)', 'party2_SUB_HKID': 'O103456(7)'}",2026-03-06T23:18:17.469501,True,SYSTEM
61dde636-5baa-4ac8-ad36-9e0037b2466c,SP_Smile_policy_member_PM017,SP_Smile_policy_member_PM021,DIFFERENT_HKID,RULE_CONFLICTING_HKID,AUTOMATIC,SUB_HKID,"{'party1_SUB_HKID': 'O023456(7)', 'party2_SUB_HKID': 'O063456(7)'}",2026-03-06T23:18:17.470723,True,SYSTEM
7af0dee2-2809-425f-abf8-0cc410bbf8c1,SP_Smile_policy_member_PM017,SP_SmartPlus_quote_member_QM028,DIFFERENT_HKID,RULE_CONFLICTING_HKID,AUTOMATIC,SUB_HKID,"{'party1_SUB_HKID': 'O023456(7)', 'party2_SUB_HKID': 'O113456(7)'}",2026-03-06T23:18:17.471938,True,SYSTEM
c9f69075-293a-4fdf-bcc0-56a3684fd5a4,SP_SmartPlus_quote_member_QM027,SP_SmartPlus_quote_member_QM026,DIFFERENT_HKID,RULE_CONFLICTING_HKID,AUTOMATIC,SUB_HKID,"{'party1_SUB_HKID': 'O103456(7)', 'party2_SUB_HKID': 'O093456(7)'}",2026-03-06T23:18:17.474422,True,SYSTEM
3ea3621a-3833-4a66-8c5d-e5a5948a90e9,SP_SmartPlus_quote_member_QM027,SP_SmartPlus_quote_member_QM020,DIFFERENT_HKID,RULE_CONFLICTING_HKID,AUTOMATIC,SUB_HKID,"{'party1_SUB_HKID': 'O103456(7)', 'party2_SUB_HKID': 'O033456(7)'}",2026-03-06T23:18:17.476052,True,SYSTEM
190c2c72-9491-4a6a-8db8-fe6db7e3fbdc,SP_SmartPlus_quote_member_QM027,SP_SmartPlus_quote_member_QM024,DIFFERENT_HKID,RULE_CONFLICTING_HKID,AUTOMATIC,SUB_HKID,"{'party1_SUB_HKID': 'O103456(7)', 'party2_SUB_HKID': 'O073456(7)'}",2026-03-06T23:18:17.478486,True,SYSTEM
44720a89-2327-43f5-a32b-babcdee8ae9e,SP_SmartPlus_quote_member_QM027,SP_Smile_policy_member_PM026,DIFFERENT_HKID,RULE_CONFLICTING_HKID,AUTOMATIC,SUB_HKID,"{'party1_SUB_HKID': 'O103456(7)', 'party2_SUB_HKID': 'O113456(7)'}",2026-03-06T23:18:17.479725,True,SYSTEM
cb0d855a-9dca-4e31-815b-30aedee3d666,SP_SmartPlus_quote_member_QM027,SP_Smile_policy_member_PM018,DIFFERENT_HKID,RULE_CONFLICTING_HKID,AUTOMATIC,SUB_HKID,"{'party1_SUB_HKID': 'O103456(7)', 'party2_SUB_HKID': 'O033456(7)'}",2026-03-06T23:18:17.480984,True,SYSTEM
5868dd05-1cb1-45d6-8104-ce0a965d7613,SP_SmartPlus_quote_member_QM027,SP_Smile_policy_member_PM016,DIFFERENT_HKID,RULE_CONFLICTING_HKID,AUTOMATIC,SUB_HKID,"{'party1_SUB_HKID': 'O103456(7)', 'party2_SUB_HKID': 'O013456(7)'}",2026-03-06T23:18:17.482225,True,SYSTEM
01582e73-aa9a-4877-b886-867432387660,SP_SmartPlus_quote_member_QM027,SP_Smile_policy_member_PM024,DIFFERENT_HKID,RULE_CONFLICTING_HKID,AUTOMATIC,SUB_HKID,"{'party1_SUB_HKID': 'O103456(7)', 'party2_SUB_HKID': 'O093456(7)'}",2026-03-06T23:18:17.483583,True,SYSTEM
8dc66cec-3097-4745-885e-ae84ffe409b3,SP_SmartPlus_quote_member_QM027,SP_Smile_policy_member_PM023,DIFFERENT_HKID,RULE_CONFLICTING_HKID,AUTOMATIC,SUB_HKID,"{'party1_SUB_HKID': 'O103456(7)', 'party2_SUB_HKID': 'O083456(7)'}",2026-03-06T23:18:17.484880,True,SYSTEM
188d9c79-a93f-4261-81b7-41a420a9c1e4,SP_SmartPlus_quote_member_QM027,SP_Smile_policy_member_PM019,DIFFERENT_HKID,RULE_CONFLICTING_HKID,AUTOMATIC,SUB_HKID,"{'party1_SUB_HKID': 'O103456(7)', 'party2_SUB_HKID': 'O043456(7)'}",2026-03-06T23:18:17.486139,True,SYSTEM
4db5d2d6-1929-4dee-9629-77a822fd14ca,SP_SmartPlus_quote_member_QM027,SP_SmartPlus_quote_member_QM022,DIFFERENT_HKID,RULE_CONFLICTING_HKID,AUTOMATIC,SUB_HKID,"{'party1_SUB_HKID': 'O103456(7)', 'party2_SUB_HKID': 'O053456(7)'}",2026-03-06T23:18:17.487364,True,SYSTEM
24de0df3-10ef-4bf9-9dc1-e75d440dc18c,SP_SmartPlus_quote_member_QM027,SP_Smile_policy_member_PM020,DIFFERENT_HKID,RULE_CONFLICTING_HKID,AUTOMATIC,SUB_HKID,"{'party1_SUB_HKID': 'O103456(7)', 'party2_SUB_HKID': 'O053456(7)'}",2026-03-06T23:18:17.488576,True,SYSTEM
0655813f-6a80-4b19-a20b-cbdc96d400e5,SP_SmartPlus_quote_member_QM027,SP_Smile_policy_member_PM027,DIFFERENT_HKID,RULE_CONFLICTING_HKID,AUTOMATIC,SUB_HKID,"{'party1_SUB_HKID': 'O103456(7)', 'party2_SUB_HKID': 'O123456(7)'}",2026-03-06T23:18:17.489780,True,SYSTEM
3b7dea82-0d38-45ec-8c38-7429185c5fa8,SP_SmartPlus_quote_member_QM027,SP_SmartPlus_quote_member_QM021,DIFFERENT_HKID,RULE_CONFLICTING_HKID,AUTOMATIC,SUB_HKID,"{'party1_SUB_HKID': 'O103456(7)', 'party2_SUB_HKID': 'O043456(7)'}",2026-03-06T23:18:17.491322,True,SYSTEM
902ef643-19c7-40de-acde-9f9f3d6f9e3e,SP_SmartPlus_quote_member_QM027,SP_SmartPlus_quote_member_QM029,DIFFERENT_HKID,RULE_CONFLICTING_HKID,AUTOMATIC,SUB_HKID,"{'party1_SUB_HKID': 'O103456(7)', 'party2_SUB_HKID': 'O123456(7)'}",2026-03-06T23:18:17.492738,True,SYSTEM
08373125-89a1-41d6-9fcf-584040d767e2,SP_SmartPlus_quote_member_QM027,SP_SmartPlus_quote_member_QM023,DIFFERENT_HKID,RULE_CONFLICTING_HKID,AUTOMATIC,SUB_HKID,"{'party1_SUB_HKID': 'O103456(7)', 'party2_SUB_HKID': 'O063456(7)'}",2026-03-06T23:18:17.494020,True,SYSTEM
3fe31a05-f70d-4af7-b414-4aa7f57a3a68,SP_SmartPlus_quote_member_QM027,SP_Smile_policy_member_PM021,DIFFERENT_HKID,RULE_CONFLICTING_HKID,AUTOMATIC,SUB_HKID,"{'party1_SUB_HKID': 'O103456(7)', 'party2_SUB_HKID': 'O063456(7)'}",2026-03-06T23:18:17.496587,True,SYSTEM
ba3be99d-6efa-4f9f-b304-95c0ac1fcc26,SP_SmartPlus_quote_member_QM027,SP_SmartPlus_quote_member_QM028,DIFFERENT_HKID,RULE_CONFLICTING_HKID,AUTOMATIC,SUB_HKID,"{'party1_SUB_HKID': 'O103456(7)', 'party2_SUB_HKID': 'O113456(7)'}",2026-03-06T23:18:17.497812,True,SYSTEM
84500380-2114-4b59-b034-6496bdb13d73,SP_SmartPlus_quote_member_QM026,SP_SmartPlus_quote_member_QM020,DIFFERENT_HKID,RULE_CONFLICTING_HKID,AUTOMATIC,SUB_HKID,"{'party1_SUB_HKID': 'O093456(7)', 'party2_SUB_HKID': 'O033456(7)'}",2026-03-06T23:18:17.520136,True,SYSTEM
a4eda8cf-1f06-4033-b3de-bc83ec7d0426,SP_SmartPlus_quote_member_QM026,SP_SmartPlus_quote_member_QM024,DIFFERENT_HKID,RULE_CONFLICTING_HKID,AUTOMATIC,SUB_HKID,"{'party1_SUB_HKID': 'O093456(7)', 'party2_SUB_HKID': 'O073456(7)'}",2026-03-06T23:18:17.522437,True,SYSTEM
850be08a-2f32-45ce-a94b-999d2191b384,SP_SmartPlus_quote_member_QM026,SP_Smile_policy_member_PM026,DIFFERENT_HKID,RULE_CONFLICTING_HKID,AUTOMATIC,SUB_HKID,"{'party1_SUB_HKID': 'O093456(7)', 'party2_SUB_HKID': 'O113456(7)'}",2026-03-06T23:18:17.524088,True,SYSTEM
68e54138-3ac4-4ab9-91a3-53429c3bd75f,SP_SmartPlus_quote_member_QM026,SP_Smile_policy_member_PM018,DIFFERENT_HKID,RULE_CONFLICTING_HKID,AUTOMATIC,SUB_HKID,"{'party1_SUB_HKID': 'O093456(7)', 'party2_SUB_HKID': 'O033456(7)'}",2026-03-06T23:18:17.525469,True,SYSTEM
209e3b10-46e2-4a85-8fe8-baa5f5556890,SP_SmartPlus_quote_member_QM026,SP_Smile_policy_member_PM016,DIFFERENT_HKID,RULE_CONFLICTING_HKID,AUTOMATIC,SUB_HKID,"{'party1_SUB_HKID': 'O093456(7)', 'party2_SUB_HKID': 'O013456(7)'}",2026-03-06T23:18:17.526754,True,SYSTEM
8dc2529f-17e6-4894-b03b-8598ff378985,SP_SmartPlus_quote_member_QM026,SP_Smile_policy_member_PM023,DIFFERENT_HKID,RULE_CONFLICTING_HKID,AUTOMATIC,SUB_HKID,"{'party1_SUB_HKID': 'O093456(7)', 'party2_SUB_HKID': 'O083456(7)'}",2026-03-06T23:18:17.529354,True,SYSTEM
4ffd0c61-5612-4479-8b45-29a82fa9f327,SP_SmartPlus_quote_member_QM026,SP_Smile_policy_member_PM019,DIFFERENT_HKID,RULE_CONFLICTING_HKID,AUTOMATIC,SUB_HKID,"{'party1_SUB_HKID': 'O093456(7)', 'party2_SUB_HKID': 'O043456(7)'}",2026-03-06T23:18:17.530579,True,SYSTEM
d20f0f02-d0a7-420b-802a-57ede5d16323,SP_SmartPlus_quote_member_QM026,SP_SmartPlus_quote_member_QM022,DIFFERENT_HKID,RULE_CONFLICTING_HKID,AUTOMATIC,SUB_HKID,"{'party1_SUB_HKID': 'O093456(7)', 'party2_SUB_HKID': 'O053456(7)'}",2026-03-06T23:18:17.531816,True,SYSTEM
88bd2bc0-b331-48b0-97a5-fa6c21fa3481,SP_SmartPlus_quote_member_QM026,SP_Smile_policy_member_PM020,DIFFERENT_HKID,RULE_CONFLICTING_HKID,AUTOMATIC,SUB_HKID,"{'party1_SUB_HKID': 'O093456(7)', 'party2_SUB_HKID': 'O053456(7)'}",2026-03-06T23:18:17.533026,True,SYSTEM
cbaa6eb4-fab7-426d-9b10-7e349644b050,SP_SmartPlus_quote_member_QM026,SP_Smile_policy_member_PM027,DIFFERENT_HKID,RULE_CONFLICTING_HKID,AUTOMATIC,SUB_HKID,"{'party1_SUB_HKID': 'O093456(7)', 'party2_SUB_HKID': 'O123456(7)'}",2026-03-06T23:18:17.534247,True,SYSTEM
643f3c61-64c9-41f8-bec5-d40a7a6ba01a,SP_SmartPlus_quote_member_QM026,SP_SmartPlus_quote_member_QM021,DIFFERENT_HKID,RULE_CONFLICTING_HKID,AUTOMATIC,SUB_HKID,"{'party1_SUB_HKID': 'O093456(7)', 'party2_SUB_HKID': 'O043456(7)'}",2026-03-06T23:18:17.535478,True,SYSTEM
bf057497-6230-4a8b-94bf-6e43415ff699,SP_SmartPlus_quote_member_QM026,SP_SmartPlus_quote_member_QM029,DIFFERENT_HKID,RULE_CONFLICTING_HKID,AUTOMATIC,SUB_HKID,"{'party1_SUB_HKID': 'O093456(7)', 'party2_SUB_HKID': 'O123456(7)'}",2026-03-06T23:18:17.536711,True,SYSTEM
f9ba4d27-27da-4461-9418-3168a1e34c01,SP_SmartPlus_quote_member_QM026,SP_SmartPlus_quote_member_QM023,DIFFERENT_HKID,RULE_CONFLICTING_HKID,AUTOMATIC,SUB_HKID,"{'party1_SUB_HKID': 'O093456(7)', 'party2_SUB_HKID': 'O063456(7)'}",2026-03-06T23:18:17.537926,True,SYSTEM
27407739-60c3-40ad-bfb4-a5e533e63d17,SP_SmartPlus_quote_member_QM026,SP_Smile_policy_member_PM025,DIFFERENT_HKID,RULE_CONFLICTING_HKID,AUTOMATIC,SUB_HKID,"{'party1_SUB_HKID': 'O093456(7)', 'party2_SUB_HKID': 'O103456(7)'}",2026-03-06T23:18:17.539143,True,SYSTEM
fdf22908-5175-41a3-ba47-5657a9d9968a,SP_SmartPlus_quote_member_QM026,SP_Smile_policy_member_PM021,DIFFERENT_HKID,RULE_CONFLICTING_HKID,AUTOMATIC,SUB_HKID,"{'party1_SUB_HKID': 'O093456(7)', 'party2_SUB_HKID': 'O063456(7)'}",2026-03-06T23:18:17.540357,True,SYSTEM
f2b07045-878a-43ac-ad0d-8e7f31941a7b,SP_SmartPlus_quote_member_QM026,SP_SmartPlus_quote_member_QM028,DIFFERENT_HKID,RULE_CONFLICTING_HKID,AUTOMATIC,SUB_HKID,"{'party1_SUB_HKID': 'O093456(7)', 'party2_SUB_HKID': 'O113456(7)'}",2026-03-06T23:18:17.542153,True,SYSTEM
906982b6-2b32-43db-adcf-cd98e6b8c631,SP_SmartPlus_quote_member_QM020,SP_SmartPlus_quote_member_QM024,DIFFERENT_HKID,RULE_CONFLICTING_HKID,AUTOMATIC,SUB_HKID,"{'party1_SUB_HKID': 'O033456(7)', 'party2_SUB_HKID': 'O073456(7)'}",2026-03-06T23:18:17.544618,True,SYSTEM
cdf077bf-034d-4970-9d65-d7ee39003cf9,SP_SmartPlus_quote_member_QM020,SP_Smile_policy_member_PM026,DIFFERENT_HKID,RULE_CONFLICTING_HKID,AUTOMATIC,SUB_HKID,"{'party1_SUB_HKID': 'O033456(7)', 'party2_SUB_HKID': 'O113456(7)'}",2026-03-06T23:18:17.545848,True,SYSTEM
364a45a2-634b-402f-8d0f-abf4e0afad97,SP_SmartPlus_quote_member_QM020,SP_Smile_policy_member_PM016,DIFFERENT_HKID,RULE_CONFLICTING_HKID,AUTOMATIC,SUB_HKID,"{'party1_SUB_HKID': 'O033456(7)', 'party2_SUB_HKID': 'O013456(7)'}",2026-03-06T23:18:17.548424,True,SYSTEM
15b065e3-b37f-42e6-931c-c30bc3ac81b6,SP_SmartPlus_quote_member_QM020,SP_Smile_policy_member_PM024,DIFFERENT_HKID,RULE_CONFLICTING_HKID,AUTOMATIC,SUB_HKID,"{'party1_SUB_HKID': 'O033456(7)', 'party2_SUB_HKID': 'O093456(7)'}",2026-03-06T23:18:17.549630,True,SYSTEM
08e387f8-5a8c-45e1-bc8d-a0112ea7c919,SP_SmartPlus_quote_member_QM020,SP_Smile_policy_member_PM023,DIFFERENT_HKID,RULE_CONFLICTING_HKID,AUTOMATIC,SUB_HKID,"{'party1_SUB_HKID': 'O033456(7)', 'party2_SUB_HKID': 'O083456(7)'}",2026-03-06T23:18:17.550835,True,SYSTEM
f0ba8599-6caf-44b3-ac61-390ae825040d,SP_SmartPlus_quote_member_QM020,SP_Smile_policy_member_PM019,DIFFERENT_HKID,RULE_CONFLICTING_HKID,AUTOMATIC,SUB_HKID,"{'party1_SUB_HKID': 'O033456(7)', 'party2_SUB_HKID': 'O043456(7)'}",2026-03-06T23:18:17.552049,True,SYSTEM
9289b3b1-e72e-4391-b045-a8816414c602,SP_SmartPlus_quote_member_QM020,SP_SmartPlus_quote_member_QM022,DIFFERENT_HKID,RULE_CONFLICTING_HKID,AUTOMATIC,SUB_HKID,"{'party1_SUB_HKID': 'O033456(7)', 'party2_SUB_HKID': 'O053456(7)'}",2026-03-06T23:18:17.553264,True,SYSTEM
2fd51f2e-f9ea-41ca-9804-08b15c29d3de,SP_SmartPlus_quote_member_QM020,SP_Smile_policy_member_PM020,DIFFERENT_HKID,RULE_CONFLICTING_HKID,AUTOMATIC,SUB_HKID,"{'party1_SUB_HKID': 'O033456(7)', 'party2_SUB_HKID': 'O053456(7)'}",2026-03-06T23:18:17.554473,True,SYSTEM
0cc4fcb0-c0fb-478d-874d-f9f19794b002,SP_SmartPlus_quote_member_QM020,SP_Smile_policy_member_PM027,DIFFERENT_HKID,RULE_CONFLICTING_HKID,AUTOMATIC,SUB_HKID,"{'party1_SUB_HKID': 'O033456(7)', 'party2_SUB_HKID': 'O123456(7)'}",2026-03-06T23:18:17.555670,True,SYSTEM
d8e2e525-3970-4c83-801b-a93d8d99e08f,SP_SmartPlus_quote_member_QM020,SP_SmartPlus_quote_member_QM021,DIFFERENT_HKID,RULE_CONFLICTING_HKID,AUTOMATIC,SUB_HKID,"{'party1_SUB_HKID': 'O033456(7)', 'party2_SUB_HKID': 'O043456(7)'}",2026-03-06T23:18:17.556884,True,SYSTEM
6c37d693-5d49-4f0f-b091-4fc5d2f00425,SP_SmartPlus_quote_member_QM020,SP_SmartPlus_quote_member_QM029,DIFFERENT_HKID,RULE_CONFLICTING_HKID,AUTOMATIC,SUB_HKID,"{'party1_SUB_HKID': 'O033456(7)', 'party2_SUB_HKID': 'O123456(7)'}",2026-03-06T23:18:17.558528,True,SYSTEM
e97f6b7c-fa3e-4062-b0bb-4792bce0aa9c,SP_SmartPlus_quote_member_QM020,SP_SmartPlus_quote_member_QM023,DIFFERENT_HKID,RULE_CONFLICTING_HKID,AUTOMATIC,SUB_HKID,"{'party1_SUB_HKID': 'O033456(7)', 'party2_SUB_HKID': 'O063456(7)'}",2026-03-06T23:18:17.559840,True,SYSTEM
8841b576-de7d-4787-b735-201263265cce,SP_SmartPlus_quote_member_QM020,SP_Smile_policy_member_PM025,DIFFERENT_HKID,RULE_CONFLICTING_HKID,AUTOMATIC,SUB_HKID,"{'party1_SUB_HKID': 'O033456(7)', 'party2_SUB_HKID': 'O103456(7)'}",2026-03-06T23:18:17.561100,True,SYSTEM
d88d062e-48c3-49e3-82e9-354dc605b829,SP_SmartPlus_quote_member_QM020,SP_Smile_policy_member_PM021,DIFFERENT_HKID,RULE_CONFLICTING_HKID,AUTOMATIC,SUB_HKID,"{'party1_SUB_HKID': 'O033456(7)', 'party2_SUB_HKID': 'O063456(7)'}",2026-03-06T23:18:17.562315,True,SYSTEM
2da03bf6-0ed0-4464-a14d-68372ba6d91d,SP_SmartPlus_quote_member_QM020,SP_SmartPlus_quote_member_QM028,DIFFERENT_HKID,RULE_CONFLICTING_HKID,AUTOMATIC,SUB_HKID,"{'party1_SUB_HKID': 'O033456(7)', 'party2_SUB_HKID': 'O113456(7)'}",2026-03-06T23:18:17.563540,True,SYSTEM
e5b30e37-4cb3-41fc-a990-45a93c5a4319,SP_SmartPlus_quote_member_QM024,SP_Smile_policy_member_PM026,DIFFERENT_HKID,RULE_CONFLICTING_HKID,AUTOMATIC,SUB_HKID,"{'party1_SUB_HKID': 'O073456(7)', 'party2_SUB_HKID': 'O113456(7)'}",2026-03-06T23:18:17.582705,True,SYSTEM
b1a2aeab-fdca-4724-8d48-ce963129794d,SP_SmartPlus_quote_member_QM024,SP_Smile_policy_member_PM018,DIFFERENT_HKID,RULE_CONFLICTING_HKID,AUTOMATIC,SUB_HKID,"{'party1_SUB_HKID': 'O073456(7)', 'party2_SUB_HKID': 'O033456(7)'}",2026-03-06T23:18:17.583941,True,SYSTEM
89c96bed-7f70-455a-ad7b-a2d98f3c2977,SP_SmartPlus_quote_member_QM024,SP_Smile_policy_member_PM016,DIFFERENT_HKID,RULE_CONFLICTING_HKID,AUTOMATIC,SUB_HKID,"{'party1_SUB_HKID': 'O073456(7)', 'party2_SUB_HKID': 'O013456(7)'}",2026-03-06T23:18:17.585149,True,SYSTEM
3ed833a8-513f-43f3-80ab-09a6e7b3bba5,SP_SmartPlus_quote_member_QM024,SP_Smile_policy_member_PM024,DIFFERENT_HKID,RULE_CONFLICTING_HKID,AUTOMATIC,SUB_HKID,"{'party1_SUB_HKID': 'O073456(7)', 'party2_SUB_HKID': 'O093456(7)'}",2026-03-06T23:18:17.586375,True,SYSTEM
4d50fdb8-fae2-4791-9f98-24b08f0a30fc,SP_SmartPlus_quote_member_QM024,SP_Smile_policy_member_PM023,DIFFERENT_HKID,RULE_CONFLICTING_HKID,AUTOMATIC,SUB_HKID,"{'party1_SUB_HKID': 'O073456(7)', 'party2_SUB_HKID': 'O083456(7)'}",2026-03-06T23:18:17.587576,True,SYSTEM
762872e1-908c-4670-a8f5-3dc6d6c56916,SP_SmartPlus_quote_member_QM024,SP_Smile_policy_member_PM019,DIFFERENT_HKID,RULE_CONFLICTING_HKID,AUTOMATIC,SUB_HKID,"{'party1_SUB_HKID': 'O073456(7)', 'party2_SUB_HKID': 'O043456(7)'}",2026-03-06T23:18:17.588780,True,SYSTEM
c12409c6-318c-4ff3-b185-7bf4af1c6a12,SP_SmartPlus_quote_member_QM024,SP_SmartPlus_quote_member_QM022,DIFFERENT_HKID,RULE_CONFLICTING_HKID,AUTOMATIC,SUB_HKID,"{'party1_SUB_HKID': 'O073456(7)', 'party2_SUB_HKID': 'O053456(7)'}",2026-03-06T23:18:17.590278,True,SYSTEM
9ec7ce40-18a9-4e77-bbad-10e2589feb90,SP_SmartPlus_quote_member_QM024,SP_Smile_policy_member_PM020,DIFFERENT_HKID,RULE_CONFLICTING_HKID,AUTOMATIC,SUB_HKID,"{'party1_SUB_HKID': 'O073456(7)', 'party2_SUB_HKID': 'O053456(7)'}",2026-03-06T23:18:17.591772,True,SYSTEM
acf6f05b-0ca2-4ddb-b173-4399f97b608d,SP_SmartPlus_quote_member_QM024,SP_Smile_policy_member_PM027,DIFFERENT_HKID,RULE_CONFLICTING_HKID,AUTOMATIC,SUB_HKID,"{'party1_SUB_HKID': 'O073456(7)', 'party2_SUB_HKID': 'O123456(7)'}",2026-03-06T23:18:17.593031,True,SYSTEM
a5a56211-1421-412e-a478-e69a5f2b0b73,SP_SmartPlus_quote_member_QM024,SP_SmartPlus_quote_member_QM021,DIFFERENT_HKID,RULE_CONFLICTING_HKID,AUTOMATIC,SUB_HKID,"{'party1_SUB_HKID': 'O073456(7)', 'party2_SUB_HKID': 'O043456(7)'}",2026-03-06T23:18:17.594283,True,SYSTEM
5324552d-0525-42a3-9e5d-2776b41fff9c,SP_SmartPlus_quote_member_QM024,SP_SmartPlus_quote_member_QM029,DIFFERENT_HKID,RULE_CONFLICTING_HKID,AUTOMATIC,SUB_HKID,"{'party1_SUB_HKID': 'O073456(7)', 'party2_SUB_HKID': 'O123456(7)'}",2026-03-06T23:18:17.595502,True,SYSTEM
f10e98a4-7316-454c-ab9a-ca21edfb6651,SP_SmartPlus_quote_member_QM024,SP_SmartPlus_quote_member_QM023,DIFFERENT_HKID,RULE_CONFLICTING_HKID,AUTOMATIC,SUB_HKID,"{'party1_SUB_HKID': 'O073456(7)', 'party2_SUB_HKID': 'O063456(7)'}",2026-03-06T23:18:17.596703,True,SYSTEM
e21c34b5-ea90-4cc8-a59d-16bc0d68f0a5,SP_SmartPlus_quote_member_QM024,SP_Smile_policy_member_PM025,DIFFERENT_HKID,RULE_CONFLICTING_HKID,AUTOMATIC,SUB_HKID,"{'party1_SUB_HKID': 'O073456(7)', 'party2_SUB_HKID': 'O103456(7)'}",2026-03-06T23:18:17.597927,True,SYSTEM
afeb7370-0df5-4fb3-be20-0ee6a581b62a,SP_SmartPlus_quote_member_QM024,SP_Smile_policy_member_PM021,DIFFERENT_HKID,RULE_CONFLICTING_HKID,AUTOMATIC,SUB_HKID,"{'party1_SUB_HKID': 'O073456(7)', 'party2_SUB_HKID': 'O063456(7)'}",2026-03-06T23:18:17.599147,True,SYSTEM
33fd0ad5-3c6f-4d21-9c6d-4eb342167feb,SP_SmartPlus_quote_member_QM024,SP_SmartPlus_quote_member_QM028,DIFFERENT_HKID,RULE_CONFLICTING_HKID,AUTOMATIC,SUB_HKID,"{'party1_SUB_HKID': 'O073456(7)', 'party2_SUB_HKID': 'O113456(7)'}",2026-03-06T23:18:17.600355,True,SYSTEM
77da1f99-3119-4bab-a913-b3cdda3b819b,SP_Smile_policy_member_PM026,SP_Smile_policy_member_PM018,DIFFERENT_HKID,RULE_CONFLICTING_HKID,AUTOMATIC,SUB_HKID,"{'party1_SUB_HKID': 'O113456(7)', 'party2_SUB_HKID': 'O033456(7)'}",2026-03-06T23:18:17.601582,True,SYSTEM
f4c676eb-369e-41b9-86c9-09b7e607093d,SP_Smile_policy_member_PM026,SP_Smile_policy_member_PM016,DIFFERENT_HKID,RULE_CONFLICTING_HKID,AUTOMATIC,SUB_HKID,"{'party1_SUB_HKID': 'O113456(7)', 'party2_SUB_HKID': 'O013456(7)'}",2026-03-06T23:18:17.602818,True,SYSTEM
4c4ce880-b400-4e2e-bad7-6c1d89027941,SP_Smile_policy_member_PM026,SP_Smile_policy_member_PM024,DIFFERENT_HKID,RULE_CONFLICTING_HKID,AUTOMATIC,SUB_HKID,"{'party1_SUB_HKID': 'O113456(7)', 'party2_SUB_HKID': 'O093456(7)'}",2026-03-06T23:18:17.604021,True,SYSTEM
9ea2b7bc-8450-433a-9284-f5e80b14ea79,SP_Smile_policy_member_PM026,SP_Smile_policy_member_PM023,DIFFERENT_HKID,RULE_CONFLICTING_HKID,AUTOMATIC,SUB_HKID,"{'party1_SUB_HKID': 'O113456(7)', 'party2_SUB_HKID': 'O083456(7)'}",2026-03-06T23:18:17.605221,True,SYSTEM
5cf39661-e2a2-4558-9bfb-c4f458807f3c,SP_Smile_policy_member_PM026,SP_Smile_policy_member_PM019,DIFFERENT_HKID,RULE_CONFLICTING_HKID,AUTOMATIC,SUB_HKID,"{'party1_SUB_HKID': 'O113456(7)', 'party2_SUB_HKID': 'O043456(7)'}",2026-03-06T23:18:17.606432,True,SYSTEM
9617db8a-2bba-4ca7-aa4e-518cb769c361,SP_Smile_policy_member_PM026,SP_SmartPlus_quote_member_QM022,DIFFERENT_HKID,RULE_CONFLICTING_HKID,AUTOMATIC,SUB_HKID,"{'party1_SUB_HKID': 'O113456(7)', 'party2_SUB_HKID': 'O053456(7)'}",2026-03-06T23:18:17.608128,True,SYSTEM
0d837584-3c4c-4dec-b571-63c3f72093d3,SP_Smile_policy_member_PM026,SP_Smile_policy_member_PM020,DIFFERENT_HKID,RULE_CONFLICTING_HKID,AUTOMATIC,SUB_HKID,"{'party1_SUB_HKID': 'O113456(7)', 'party2_SUB_HKID': 'O053456(7)'}",2026-03-06T23:18:17.609514,True,SYSTEM
1175270c-c619-481a-b6b3-bdb9a1835cae,SP_Smile_policy_member_PM026,SP_Smile_policy_member_PM027,DIFFERENT_HKID,RULE_CONFLICTING_HKID,AUTOMATIC,SUB_HKID,"{'party1_SUB_HKID': 'O113456(7)', 'party2_SUB_HKID': 'O123456(7)'}",2026-03-06T23:18:17.610790,True,SYSTEM
816315aa-5f50-4e96-9fd3-4aa375b57b99,SP_Smile_policy_member_PM026,SP_SmartPlus_quote_member_QM021,DIFFERENT_HKID,RULE_CONFLICTING_HKID,AUTOMATIC,SUB_HKID,"{'party1_SUB_HKID': 'O113456(7)', 'party2_SUB_HKID': 'O043456(7)'}",2026-03-06T23:18:17.612017,True,SYSTEM
de3b9a03-2f5c-4da8-89e8-9d3d107968f4,SP_Smile_policy_member_PM026,SP_SmartPlus_quote_member_QM029,DIFFERENT_HKID,RULE_CONFLICTING_HKID,AUTOMATIC,SUB_HKID,"{'party1_SUB_HKID': 'O113456(7)', 'party2_SUB_HKID': 'O123456(7)'}",2026-03-06T23:18:17.613235,True,SYSTEM
c51ea8e0-90f3-4942-a7fd-50001e104cce,SP_Smile_policy_member_PM026,SP_SmartPlus_quote_member_QM023,DIFFERENT_HKID,RULE_CONFLICTING_HKID,AUTOMATIC,SUB_HKID,"{'party1_SUB_HKID': 'O113456(7)', 'party2_SUB_HKID': 'O063456(7)'}",2026-03-06T23:18:17.614445,True,SYSTEM
9553c255-489d-4aaf-881b-e71ccd118578,SP_Smile_policy_member_PM026,SP_Smile_policy_member_PM025,DIFFERENT_HKID,RULE_CONFLICTING_HKID,AUTOMATIC,SUB_HKID,"{'party1_SUB_HKID': 'O113456(7)', 'party2_SUB_HKID': 'O103456(7)'}",2026-03-06T23:18:17.615667,True,SYSTEM
5a8aeb97-4276-412f-be07-37dbe417556a,SP_Smile_policy_member_PM026,SP_Smile_policy_member_PM021,DIFFERENT_HKID,RULE_CONFLICTING_HKID,AUTOMATIC,SUB_HKID,"{'party1_SUB_HKID': 'O113456(7)', 'party2_SUB_HKID': 'O063456(7)'}",2026-03-06T23:18:17.616863,True,SYSTEM
5b680ad2-5460-4dd5-b7fd-6647bfaec3cc,SP_Smile_policy_member_PM018,SP_Smile_policy_member_PM016,DIFFERENT_HKID,RULE_CONFLICTING_HKID,AUTOMATIC,SUB_HKID,"{'party1_SUB_HKID': 'O033456(7)', 'party2_SUB_HKID': 'O013456(7)'}",2026-03-06T23:18:17.619404,True,SYSTEM
350a1d0e-9b56-4d14-a027-fcb5a413f6fd,SP_Smile_policy_member_PM018,SP_Smile_policy_member_PM024,DIFFERENT_HKID,RULE_CONFLICTING_HKID,AUTOMATIC,SUB_HKID,"{'party1_SUB_HKID': 'O033456(7)', 'party2_SUB_HKID': 'O093456(7)'}",2026-03-06T23:18:17.620615,True,SYSTEM
396bdf4e-e448-4e2f-a741-026d6dd01816,SP_Smile_policy_member_PM018,SP_Smile_policy_member_PM023,DIFFERENT_HKID,RULE_CONFLICTING_HKID,AUTOMATIC,SUB_HKID,"{'party1_SUB_HKID': 'O033456(7)', 'party2_SUB_HKID': 'O083456(7)'}",2026-03-06T23:18:17.621819,True,SYSTEM
2430d261-e96c-495f-bf6f-33428fa2ab3d,SP_Smile_policy_member_PM018,SP_Smile_policy_member_PM019,DIFFERENT_HKID,RULE_CONFLICTING_HKID,AUTOMATIC,SUB_HKID,"{'party1_SUB_HKID': 'O033456(7)', 'party2_SUB_HKID': 'O043456(7)'}",2026-03-06T23:18:17.623022,True,SYSTEM
b1de75ef-d05d-4172-92fd-fdf99121cfde,SP_Smile_policy_member_PM018,SP_SmartPlus_quote_member_QM022,DIFFERENT_HKID,RULE_CONFLICTING_HKID,AUTOMATIC,SUB_HKID,"{'party1_SUB_HKID': 'O033456(7)', 'party2_SUB_HKID': 'O053456(7)'}",2026-03-06T23:18:17.624531,True,SYSTEM
1f3f9305-c2eb-44ca-a7e7-fbcece3a1d5a,SP_Smile_policy_member_PM018,SP_Smile_policy_member_PM020,DIFFERENT_HKID,RULE_CONFLICTING_HKID,AUTOMATIC,SUB_HKID,"{'party1_SUB_HKID': 'O033456(7)', 'party2_SUB_HKID': 'O053456(7)'}",2026-03-06T23:18:17.625945,True,SYSTEM
93473fe6-7720-4b7a-b0a3-03700707232c,SP_Smile_policy_member_PM018,SP_Smile_policy_member_PM027,DIFFERENT_HKID,RULE_CONFLICTING_HKID,AUTOMATIC,SUB_HKID,"{'party1_SUB_HKID': 'O033456(7)', 'party2_SUB_HKID': 'O123456(7)'}",2026-03-06T23:18:17.627195,True,SYSTEM
42c5f37d-72f9-4af4-89fb-9c34832e4502,SP_Smile_policy_member_PM018,SP_SmartPlus_quote_member_QM021,DIFFERENT_HKID,RULE_CONFLICTING_HKID,AUTOMATIC,SUB_HKID,"{'party1_SUB_HKID': 'O033456(7)', 'party2_SUB_HKID': 'O043456(7)'}",2026-03-06T23:18:17.628436,True,SYSTEM
61365ca3-9c21-4f37-916d-b6cd7a085638,SP_Smile_policy_member_PM018,SP_SmartPlus_quote_member_QM029,DIFFERENT_HKID,RULE_CONFLICTING_HKID,AUTOMATIC,SUB_HKID,"{'party1_SUB_HKID': 'O033456(7)', 'party2_SUB_HKID': 'O123456(7)'}",2026-03-06T23:18:17.629649,True,SYSTEM
a6a6b690-05ee-43e6-a7ae-094e41580cd0,SP_Smile_policy_member_PM018,SP_SmartPlus_quote_member_QM023,DIFFERENT_HKID,RULE_CONFLICTING_HKID,AUTOMATIC,SUB_HKID,"{'party1_SUB_HKID': 'O033456(7)', 'party2_SUB_HKID': 'O063456(7)'}",2026-03-06T23:18:17.630858,True,SYSTEM
fe54cc3c-ff00-4d05-9e36-fce8c92a22f8,SP_Smile_policy_member_PM018,SP_Smile_policy_member_PM025,DIFFERENT_HKID,RULE_CONFLICTING_HKID,AUTOMATIC,SUB_HKID,"{'party1_SUB_HKID': 'O033456(7)', 'party2_SUB_HKID': 'O103456(7)'}",2026-03-06T23:18:17.632070,True,SYSTEM
dc4d6b96-10e0-4751-a2e3-97f7b8771fc6,SP_Smile_policy_member_PM018,SP_Smile_policy_member_PM021,DIFFERENT_HKID,RULE_CONFLICTING_HKID,AUTOMATIC,SUB_HKID,"{'party1_SUB_HKID': 'O033456(7)', 'party2_SUB_HKID': 'O063456(7)'}",2026-03-06T23:18:17.633278,True,SYSTEM
08277850-953d-465d-8d97-ed154423af41,SP_Smile_policy_member_PM018,SP_SmartPlus_quote_member_QM028,DIFFERENT_HKID,RULE_CONFLICTING_HKID,AUTOMATIC,SUB_HKID,"{'party1_SUB_HKID': 'O033456(7)', 'party2_SUB_HKID': 'O113456(7)'}",2026-03-06T23:18:17.634484,True,SYSTEM
4f74ceb1-03d5-4670-af5d-dda3a1a58e3f,SP_Smile_policy_member_PM016,SP_Smile_policy_member_PM024,DIFFERENT_HKID,RULE_CONFLICTING_HKID,AUTOMATIC,SUB_HKID,"{'party1_SUB_HKID': 'O013456(7)', 'party2_SUB_HKID': 'O093456(7)'}",2026-03-06T23:18:17.635722,True,SYSTEM
3542867d-7c23-493d-9557-aa7b69dc6433,SP_Smile_policy_member_PM016,SP_Smile_policy_member_PM023,DIFFERENT_HKID,RULE_CONFLICTING_HKID,AUTOMATIC,SUB_HKID,"{'party1_SUB_HKID': 'O013456(7)', 'party2_SUB_HKID': 'O083456(7)'}",2026-03-06T23:18:17.636933,True,SYSTEM
e4b10bfd-0ad6-401d-b5b2-74e4e24bb82c,SP_Smile_policy_member_PM016,SP_Smile_policy_member_PM019,DIFFERENT_HKID,RULE_CONFLICTING_HKID,AUTOMATIC,SUB_HKID,"{'party1_SUB_HKID': 'O013456(7)', 'party2_SUB_HKID': 'O043456(7)'}",2026-03-06T23:18:17.638131,True,SYSTEM
6580e0e9-9567-4440-bc76-18e861ab5c20,SP_Smile_policy_member_PM016,SP_SmartPlus_quote_member_QM022,DIFFERENT_HKID,RULE_CONFLICTING_HKID,AUTOMATIC,SUB_HKID,"{'party1_SUB_HKID': 'O013456(7)', 'party2_SUB_HKID': 'O053456(7)'}",2026-03-06T23:18:17.639335,True,SYSTEM
6e7ee3a0-9abd-4681-aae7-c0076ab9557e,SP_Smile_policy_member_PM016,SP_Smile_policy_member_PM020,DIFFERENT_HKID,RULE_CONFLICTING_HKID,AUTOMATIC,SUB_HKID,"{'party1_SUB_HKID': 'O013456(7)', 'party2_SUB_HKID': 'O053456(7)'}",2026-03-06T23:18:17.640540,True,SYSTEM
cfc37c22-d423-4289-ab09-d992165315bc,SP_Smile_policy_member_PM016,SP_Smile_policy_member_PM027,DIFFERENT_HKID,RULE_CONFLICTING_HKID,AUTOMATIC,SUB_HKID,"{'party1_SUB_HKID': 'O013456(7)', 'party2_SUB_HKID': 'O123456(7)'}",2026-03-06T23:18:17.642363,True,SYSTEM
39fa2ce1-10f0-4722-950a-e1f873611402,SP_Smile_policy_member_PM016,SP_SmartPlus_quote_member_QM021,DIFFERENT_HKID,RULE_CONFLICTING_HKID,AUTOMATIC,SUB_HKID,"{'party1_SUB_HKID': 'O013456(7)', 'party2_SUB_HKID': 'O043456(7)'}",2026-03-06T23:18:17.643663,True,SYSTEM
ae16de4f-61ad-4c26-917c-d09834f70734,SP_Smile_policy_member_PM016,SP_SmartPlus_quote_member_QM029,DIFFERENT_HKID,RULE_CONFLICTING_HKID,AUTOMATIC,SUB_HKID,"{'party1_SUB_HKID': 'O013456(7)', 'party2_SUB_HKID': 'O123456(7)'}",2026-03-06T23:18:17.644915,True,SYSTEM
acfaf3bf-9543-4e21-9991-b2d00a4e5b09,SP_Smile_policy_member_PM016,SP_SmartPlus_quote_member_QM023,DIFFERENT_HKID,RULE_CONFLICTING_HKID,AUTOMATIC,SUB_HKID,"{'party1_SUB_HKID': 'O013456(7)', 'party2_SUB_HKID': 'O063456(7)'}",2026-03-06T23:18:17.646129,True,SYSTEM
d8021318-91b3-4303-a5f7-b44016f00873,SP_Smile_policy_member_PM016,SP_Smile_policy_member_PM025,DIFFERENT_HKID,RULE_CONFLICTING_HKID,AUTOMATIC,SUB_HKID,"{'party1_SUB_HKID': 'O013456(7)', 'party2_SUB_HKID': 'O103456(7)'}",2026-03-06T23:18:17.647347,True,SYSTEM
5b56504b-d6ac-4a8f-93a0-9a806b397117,SP_Smile_policy_member_PM016,SP_Smile_policy_member_PM021,DIFFERENT_HKID,RULE_CONFLICTING_HKID,AUTOMATIC,SUB_HKID,"{'party1_SUB_HKID': 'O013456(7)', 'party2_SUB_HKID': 'O063456(7)'}",2026-03-06T23:18:17.648554,True,SYSTEM
d9ae57bb-8f85-4310-88fd-4dc8c6c8fe0c,SP_Smile_policy_member_PM016,SP_SmartPlus_quote_member_QM028,DIFFERENT_HKID,RULE_CONFLICTING_HKID,AUTOMATIC,SUB_HKID,"{'party1_SUB_HKID': 'O013456(7)', 'party2_SUB_HKID': 'O113456(7)'}",2026-03-06T23:18:17.649756,True,SYSTEM
b5a8b183-b02e-4ee2-839d-378025bbd215,SP_Smile_policy_member_PM024,SP_Smile_policy_member_PM023,DIFFERENT_HKID,RULE_CONFLICTING_HKID,AUTOMATIC,SUB_HKID,"{'party1_SUB_HKID': 'O093456(7)', 'party2_SUB_HKID': 'O083456(7)'}",2026-03-06T23:18:17.650960,True,SYSTEM
9f686fd6-7bfb-4e78-9f1f-db0b53827fc5,SP_Smile_policy_member_PM024,SP_Smile_policy_member_PM019,DIFFERENT_HKID,RULE_CONFLICTING_HKID,AUTOMATIC,SUB_HKID,"{'party1_SUB_HKID': 'O093456(7)', 'party2_SUB_HKID': 'O043456(7)'}",2026-03-06T23:18:17.652163,True,SYSTEM
f91e7ff6-06d0-4864-8c5c-9e030d7040f0,SP_Smile_policy_member_PM024,SP_SmartPlus_quote_member_QM022,DIFFERENT_HKID,RULE_CONFLICTING_HKID,AUTOMATIC,SUB_HKID,"{'party1_SUB_HKID': 'O093456(7)', 'party2_SUB_HKID': 'O053456(7)'}",2026-03-06T23:18:17.653369,True,SYSTEM
ce36f4c9-dc5e-48a5-9ce2-174947b35967,SP_Smile_policy_member_PM024,SP_Smile_policy_member_PM020,DIFFERENT_HKID,RULE_CONFLICTING_HKID,AUTOMATIC,SUB_HKID,"{'party1_SUB_HKID': 'O093456(7)', 'party2_SUB_HKID': 'O053456(7)'}",2026-03-06T23:18:17.654560,True,SYSTEM
4c7b21a8-5a1d-44a0-8cd2-ea26c69b7d75,SP_Smile_policy_member_PM024,SP_Smile_policy_member_PM027,DIFFERENT_HKID,RULE_CONFLICTING_HKID,AUTOMATIC,SUB_HKID,"{'party1_SUB_HKID': 'O093456(7)', 'party2_SUB_HKID': 'O123456(7)'}",2026-03-06T23:18:17.655749,True,SYSTEM
cf93ac3b-4776-4e92-874a-0dc212ebd2f5,SP_Smile_policy_member_PM024,SP_SmartPlus_quote_member_QM021,DIFFERENT_HKID,RULE_CONFLICTING_HKID,AUTOMATIC,SUB_HKID,"{'party1_SUB_HKID': 'O093456(7)', 'party2_SUB_HKID': 'O043456(7)'}",2026-03-06T23:18:17.656950,True,SYSTEM
bd21b363-af97-4e68-b548-f272ebfef929,SP_Smile_policy_member_PM024,SP_SmartPlus_quote_member_QM029,DIFFERENT_HKID,RULE_CONFLICTING_HKID,AUTOMATIC,SUB_HKID,"{'party1_SUB_HKID': 'O093456(7)', 'party2_SUB_HKID': 'O123456(7)'}",2026-03-06T23:18:17.658569,True,SYSTEM
772c7e42-28bd-4709-b228-f68760d0c58d,SP_Smile_policy_member_PM024,SP_SmartPlus_quote_member_QM023,DIFFERENT_HKID,RULE_CONFLICTING_HKID,AUTOMATIC,SUB_HKID,"{'party1_SUB_HKID': 'O093456(7)', 'party2_SUB_HKID': 'O063456(7)'}",2026-03-06T23:18:17.659905,True,SYSTEM
16ec6794-db25-4b56-bc6f-176af1f08cd7,SP_Smile_policy_member_PM024,SP_Smile_policy_member_PM025,DIFFERENT_HKID,RULE_CONFLICTING_HKID,AUTOMATIC,SUB_HKID,"{'party1_SUB_HKID': 'O093456(7)', 'party2_SUB_HKID': 'O103456(7)'}",2026-03-06T23:18:17.661172,True,SYSTEM
ed3e4270-46a3-43e7-9690-6298130cf9aa,SP_Smile_policy_member_PM024,SP_Smile_policy_member_PM021,DIFFERENT_HKID,RULE_CONFLICTING_HKID,AUTOMATIC,SUB_HKID,"{'party1_SUB_HKID': 'O093456(7)', 'party2_SUB_HKID': 'O063456(7)'}",2026-03-06T23:18:17.662390,True,SYSTEM
54c51adc-4edc-4267-9ca3-00b50c9ac4b8,SP_Smile_policy_member_PM024,SP_SmartPlus_quote_member_QM028,DIFFERENT_HKID,RULE_CONFLICTING_HKID,AUTOMATIC,SUB_HKID,"{'party1_SUB_HKID': 'O093456(7)', 'party2_SUB_HKID': 'O113456(7)'}",2026-03-06T23:18:17.663607,True,SYSTEM
a368259d-b2ec-480b-b1fa-5d46a265574b,SP_Smile_policy_member_PM023,SP_Smile_policy_member_PM019,DIFFERENT_HKID,RULE_CONFLICTING_HKID,AUTOMATIC,SUB_HKID,"{'party1_SUB_HKID': 'O083456(7)', 'party2_SUB_HKID': 'O043456(7)'}",2026-03-06T23:18:17.664828,True,SYSTEM
01d1c01a-e4b6-4782-9e56-ae29d12669f8,SP_Smile_policy_member_PM023,SP_SmartPlus_quote_member_QM022,DIFFERENT_HKID,RULE_CONFLICTING_HKID,AUTOMATIC,SUB_HKID,"{'party1_SUB_HKID': 'O083456(7)', 'party2_SUB_HKID': 'O053456(7)'}",2026-03-06T23:18:17.666036,True,SYSTEM
ecd60565-f873-4094-b28d-38dfaae81bfc,SP_Smile_policy_member_PM023,SP_Smile_policy_member_PM020,DIFFERENT_HKID,RULE_CONFLICTING_HKID,AUTOMATIC,SUB_HKID,"{'party1_SUB_HKID': 'O083456(7)', 'party2_SUB_HKID': 'O053456(7)'}",2026-03-06T23:18:17.667234,True,SYSTEM
2bfe5772-8c7f-45e2-aa76-6df2b3240915,SP_Smile_policy_member_PM023,SP_Smile_policy_member_PM027,DIFFERENT_HKID,RULE_CONFLICTING_HKID,AUTOMATIC,SUB_HKID,"{'party1_SUB_HKID': 'O083456(7)', 'party2_SUB_HKID': 'O123456(7)'}",2026-03-06T23:18:17.668460,True,SYSTEM
18031898-12e9-4c38-9c32-fdc6925cfe50,SP_Smile_policy_member_PM023,SP_SmartPlus_quote_member_QM021,DIFFERENT_HKID,RULE_CONFLICTING_HKID,AUTOMATIC,SUB_HKID,"{'party1_SUB_HKID': 'O083456(7)', 'party2_SUB_HKID': 'O043456(7)'}",2026-03-06T23:18:17.669687,True,SYSTEM
3f0e7ac1-40c2-4e3e-82b6-3481f44c8b86,SP_Smile_policy_member_PM023,SP_SmartPlus_quote_member_QM029,DIFFERENT_HKID,RULE_CONFLICTING_HKID,AUTOMATIC,SUB_HKID,"{'party1_SUB_HKID': 'O083456(7)', 'party2_SUB_HKID': 'O123456(7)'}",2026-03-06T23:18:17.670893,True,SYSTEM
122a66c2-38b0-4331-8049-580fb683b8c4,SP_Smile_policy_member_PM023,SP_SmartPlus_quote_member_QM023,DIFFERENT_HKID,RULE_CONFLICTING_HKID,AUTOMATIC,SUB_HKID,"{'party1_SUB_HKID': 'O083456(7)', 'party2_SUB_HKID': 'O063456(7)'}",2026-03-06T23:18:17.672108,True,SYSTEM
c33eeabc-c7a6-4dcf-adfc-99e618376e8d,SP_Smile_policy_member_PM023,SP_Smile_policy_member_PM025,DIFFERENT_HKID,RULE_CONFLICTING_HKID,AUTOMATIC,SUB_HKID,"{'party1_SUB_HKID': 'O083456(7)', 'party2_SUB_HKID': 'O103456(7)'}",2026-03-06T23:18:17.673365,True,SYSTEM
4347a065-bc4a-4204-b88b-c1f12754e836,SP_Smile_policy_member_PM023,SP_Smile_policy_member_PM021,DIFFERENT_HKID,RULE_CONFLICTING_HKID,AUTOMATIC,SUB_HKID,"{'party1_SUB_HKID': 'O083456(7)', 'party2_SUB_HKID': 'O063456(7)'}",2026-03-06T23:18:17.675106,True,SYSTEM
7db48d38-2076-4f25-b9a4-c21f07cef6e3,SP_Smile_policy_member_PM023,SP_SmartPlus_quote_member_QM028,DIFFERENT_HKID,RULE_CONFLICTING_HKID,AUTOMATIC,SUB_HKID,"{'party1_SUB_HKID': 'O083456(7)', 'party2_SUB_HKID': 'O113456(7)'}",2026-03-06T23:18:17.676420,True,SYSTEM
9bde7d3a-e717-4e48-83c3-ce2bc4393a0c,SP_Smile_policy_member_PM019,SP_SmartPlus_quote_member_QM022,DIFFERENT_HKID,RULE_CONFLICTING_HKID,AUTOMATIC,SUB_HKID,"{'party1_SUB_HKID': 'O043456(7)', 'party2_SUB_HKID': 'O053456(7)'}",2026-03-06T23:18:17.677669,True,SYSTEM
9baedd03-3450-431f-837f-24620937d396,SP_Smile_policy_member_PM019,SP_Smile_policy_member_PM020,DIFFERENT_HKID,RULE_CONFLICTING_HKID,AUTOMATIC,SUB_HKID,"{'party1_SUB_HKID': 'O043456(7)', 'party2_SUB_HKID': 'O053456(7)'}",2026-03-06T23:18:17.678887,True,SYSTEM
1c2f2aae-c62b-41a3-8c72-4874d8848629,SP_Smile_policy_member_PM019,SP_Smile_policy_member_PM027,DIFFERENT_HKID,RULE_CONFLICTING_HKID,AUTOMATIC,SUB_HKID,"{'party1_SUB_HKID': 'O043456(7)', 'party2_SUB_HKID': 'O123456(7)'}",2026-03-06T23:18:17.680097,True,SYSTEM
67a0ebf0-4020-48b3-9a72-6f4c3657c593,SP_Smile_policy_member_PM019,SP_SmartPlus_quote_member_QM029,DIFFERENT_HKID,RULE_CONFLICTING_HKID,AUTOMATIC,SUB_HKID,"{'party1_SUB_HKID': 'O043456(7)', 'party2_SUB_HKID': 'O123456(7)'}",2026-03-06T23:18:17.682653,True,SYSTEM
cda680a5-fa16-487e-8879-813e864684bf,SP_Smile_policy_member_PM019,SP_SmartPlus_quote_member_QM023,DIFFERENT_HKID,RULE_CONFLICTING_HKID,AUTOMATIC,SUB_HKID,"{'party1_SUB_HKID': 'O043456(7)', 'party2_SUB_HKID': 'O063456(7)'}",2026-03-06T23:18:17.683871,True,SYSTEM
6642fe7d-8985-4eb3-bcd1-153c82546145,SP_Smile_policy_member_PM019,SP_Smile_policy_member_PM025,DIFFERENT_HKID,RULE_CONFLICTING_HKID,AUTOMATIC,SUB_HKID,"{'party1_SUB_HKID': 'O043456(7)', 'party2_SUB_HKID': 'O103456(7)'}",2026-03-06T23:18:17.685080,True,SYSTEM
550c0333-3cea-47f3-b77d-d3ce19c31c60,SP_Smile_policy_member_PM019,SP_Smile_policy_member_PM021,DIFFERENT_HKID,RULE_CONFLICTING_HKID,AUTOMATIC,SUB_HKID,"{'party1_SUB_HKID': 'O043456(7)', 'party2_SUB_HKID': 'O063456(7)'}",2026-03-06T23:18:17.686368,True,SYSTEM
f2844bfb-63e5-47a4-87e9-0145359d7f69,SP_Smile_policy_member_PM019,SP_SmartPlus_quote_member_QM028,DIFFERENT_HKID,RULE_CONFLICTING_HKID,AUTOMATIC,SUB_HKID,"{'party1_SUB_HKID': 'O043456(7)', 'party2_SUB_HKID': 'O113456(7)'}",2026-03-06T23:18:17.687649,True,SYSTEM
1182eabe-3ac6-4fda-adeb-cc3ec39e895b,SP_SmartPlus_quote_member_QM022,SP_Smile_policy_member_PM027,DIFFERENT_HKID,RULE_CONFLICTING_HKID,AUTOMATIC,SUB_HKID,"{'party1_SUB_HKID': 'O053456(7)', 'party2_SUB_HKID': 'O123456(7)'}",2026-03-06T23:18:17.690199,True,SYSTEM
db58dd41-98ed-4c33-ad09-20a263a9bf56,SP_SmartPlus_quote_member_QM022,SP_SmartPlus_quote_member_QM021,DIFFERENT_HKID,RULE_CONFLICTING_HKID,AUTOMATIC,SUB_HKID,"{'party1_SUB_HKID': 'O053456(7)', 'party2_SUB_HKID': 'O043456(7)'}",2026-03-06T23:18:17.691860,True,SYSTEM
54a12272-886f-4f57-a9d8-705aa220a070,SP_SmartPlus_quote_member_QM022,SP_SmartPlus_quote_member_QM029,DIFFERENT_HKID,RULE_CONFLICTING_HKID,AUTOMATIC,SUB_HKID,"{'party1_SUB_HKID': 'O053456(7)', 'party2_SUB_HKID': 'O123456(7)'}",2026-03-06T23:18:17.693193,True,SYSTEM
5887bd0b-b30b-4f21-90c6-4e3ec1b88081,SP_SmartPlus_quote_member_QM022,SP_SmartPlus_quote_member_QM023,DIFFERENT_HKID,RULE_CONFLICTING_HKID,AUTOMATIC,SUB_HKID,"{'party1_SUB_HKID': 'O053456(7)', 'party2_SUB_HKID': 'O063456(7)'}",2026-03-06T23:18:17.694463,True,SYSTEM
d8954f87-dda4-44ac-8be3-d3ab1fa43093,SP_SmartPlus_quote_member_QM022,SP_Smile_policy_member_PM025,DIFFERENT_HKID,RULE_CONFLICTING_HKID,AUTOMATIC,SUB_HKID,"{'party1_SUB_HKID': 'O053456(7)', 'party2_SUB_HKID': 'O103456(7)'}",2026-03-06T23:18:17.695692,True,SYSTEM
7c0c1d68-6407-49bc-9a18-0d8b3a141844,SP_SmartPlus_quote_member_QM022,SP_Smile_policy_member_PM021,DIFFERENT_HKID,RULE_CONFLICTING_HKID,AUTOMATIC,SUB_HKID,"{'party1_SUB_HKID': 'O053456(7)', 'party2_SUB_HKID': 'O063456(7)'}",2026-03-06T23:18:17.696960,True,SYSTEM
9c78a66b-e529-4095-b3e0-1889ac749ef9,SP_SmartPlus_quote_member_QM022,SP_SmartPlus_quote_member_QM028,DIFFERENT_HKID,RULE_CONFLICTING_HKID,AUTOMATIC,SUB_HKID,"{'party1_SUB_HKID': 'O053456(7)', 'party2_SUB_HKID': 'O113456(7)'}",2026-03-06T23:18:17.698192,True,SYSTEM
1a50471b-62d1-4dbe-99e9-a748cc90273a,SP_Smile_policy_member_PM020,SP_Smile_policy_member_PM027,DIFFERENT_HKID,RULE_CONFLICTING_HKID,AUTOMATIC,SUB_HKID,"{'party1_SUB_HKID': 'O053456(7)', 'party2_SUB_HKID': 'O123456(7)'}",2026-03-06T23:18:17.699412,True,SYSTEM
88c73548-021e-4339-81b6-ecf271cbf9a7,SP_Smile_policy_member_PM020,SP_SmartPlus_quote_member_QM021,DIFFERENT_HKID,RULE_CONFLICTING_HKID,AUTOMATIC,SUB_HKID,"{'party1_SUB_HKID': 'O053456(7)', 'party2_SUB_HKID': 'O043456(7)'}",2026-03-06T23:18:17.700630,True,SYSTEM
b77c3c6f-25c6-4da7-98ed-ae46f00a4bb5,SP_Smile_policy_member_PM020,SP_SmartPlus_quote_member_QM029,DIFFERENT_HKID,RULE_CONFLICTING_HKID,AUTOMATIC,SUB_HKID,"{'party1_SUB_HKID': 'O053456(7)', 'party2_SUB_HKID': 'O123456(7)'}",2026-03-06T23:18:17.701853,True,SYSTEM
b248ae52-7271-4b21-af68-427e9233ef42,SP_Smile_policy_member_PM020,SP_SmartPlus_quote_member_QM023,DIFFERENT_HKID,RULE_CONFLICTING_HKID,AUTOMATIC,SUB_HKID,"{'party1_SUB_HKID': 'O053456(7)', 'party2_SUB_HKID': 'O063456(7)'}",2026-03-06T23:18:17.703055,True,SYSTEM
e1b84e94-dc1f-4c98-893f-a24ddb9ff515,SP_Smile_policy_member_PM020,SP_Smile_policy_member_PM025,DIFFERENT_HKID,RULE_CONFLICTING_HKID,AUTOMATIC,SUB_HKID,"{'party1_SUB_HKID': 'O053456(7)', 'party2_SUB_HKID': 'O103456(7)'}",2026-03-06T23:18:17.704251,True,SYSTEM
4738171c-6162-49f9-b40d-e617b9c4f611,SP_Smile_policy_member_PM020,SP_Smile_policy_member_PM021,DIFFERENT_HKID,RULE_CONFLICTING_HKID,AUTOMATIC,SUB_HKID,"{'party1_SUB_HKID': 'O053456(7)', 'party2_SUB_HKID': 'O063456(7)'}",2026-03-06T23:18:17.705485,True,SYSTEM
1e401085-9bf4-436b-a8bb-f66555dc09c6,SP_Smile_policy_member_PM020,SP_SmartPlus_quote_member_QM028,DIFFERENT_HKID,RULE_CONFLICTING_HKID,AUTOMATIC,SUB_HKID,"{'party1_SUB_HKID': 'O053456(7)', 'party2_SUB_HKID': 'O113456(7)'}",2026-03-06T23:18:17.706711,True,SYSTEM
ee898788-2331-467d-b387-f7e356633e86,SP_Smile_policy_member_PM027,SP_SmartPlus_quote_member_QM021,DIFFERENT_HKID,RULE_CONFLICTING_HKID,AUTOMATIC,SUB_HKID,"{'party1_SUB_HKID': 'O123456(7)', 'party2_SUB_HKID': 'O043456(7)'}",2026-03-06T23:18:17.708411,True,SYSTEM
16221213-9dc8-46af-bdcf-996244df5ab9,SP_Smile_policy_member_PM027,SP_SmartPlus_quote_member_QM023,DIFFERENT_HKID,RULE_CONFLICTING_HKID,AUTOMATIC,SUB_HKID,"{'party1_SUB_HKID': 'O123456(7)', 'party2_SUB_HKID': 'O063456(7)'}",2026-03-06T23:18:17.711178,True,SYSTEM
aa109943-0f45-4137-b0d2-909e71786e14,SP_Smile_policy_member_PM027,SP_Smile_policy_member_PM025,DIFFERENT_HKID,RULE_CONFLICTING_HKID,AUTOMATIC,SUB_HKID,"{'party1_SUB_HKID': 'O123456(7)', 'party2_SUB_HKID': 'O103456(7)'}",2026-03-06T23:18:17.712414,True,SYSTEM
88e46b1b-b954-4095-9f57-a7dbc695460d,SP_Smile_policy_member_PM027,SP_Smile_policy_member_PM021,DIFFERENT_HKID,RULE_CONFLICTING_HKID,AUTOMATIC,SUB_HKID,"{'party1_SUB_HKID': 'O123456(7)', 'party2_SUB_HKID': 'O063456(7)'}",2026-03-06T23:18:17.713647,True,SYSTEM
56818c83-dbe3-41a6-86d7-92e07889c7a7,SP_Smile_policy_member_PM027,SP_SmartPlus_quote_member_QM028,DIFFERENT_HKID,RULE_CONFLICTING_HKID,AUTOMATIC,SUB_HKID,"{'party1_SUB_HKID': 'O123456(7)', 'party2_SUB_HKID': 'O113456(7)'}",2026-03-06T23:18:17.714885,True,SYSTEM
006f21db-09e5-4d57-bae0-677c07cda647,SP_SmartPlus_quote_member_QM021,SP_SmartPlus_quote_member_QM029,DIFFERENT_HKID,RULE_CONFLICTING_HKID,AUTOMATIC,SUB_HKID,"{'party1_SUB_HKID': 'O043456(7)', 'party2_SUB_HKID': 'O123456(7)'}",2026-03-06T23:18:17.716087,True,SYSTEM
343596c6-f4ea-47fa-88cd-2732912f4136,SP_SmartPlus_quote_member_QM021,SP_SmartPlus_quote_member_QM023,DIFFERENT_HKID,RULE_CONFLICTING_HKID,AUTOMATIC,SUB_HKID,"{'party1_SUB_HKID': 'O043456(7)', 'party2_SUB_HKID': 'O063456(7)'}",2026-03-06T23:18:17.717297,True,SYSTEM
a084282e-5024-4852-87e9-7e8496925846,SP_SmartPlus_quote_member_QM021,SP_Smile_policy_member_PM025,DIFFERENT_HKID,RULE_CONFLICTING_HKID,AUTOMATIC,SUB_HKID,"{'party1_SUB_HKID': 'O043456(7)', 'party2_SUB_HKID': 'O103456(7)'}",2026-03-06T23:18:17.718539,True,SYSTEM
d05fbcce-f5a5-4d55-acf1-1b547812a0f9,SP_SmartPlus_quote_member_QM021,SP_Smile_policy_member_PM021,DIFFERENT_HKID,RULE_CONFLICTING_HKID,AUTOMATIC,SUB_HKID,"{'party1_SUB_HKID': 'O043456(7)', 'party2_SUB_HKID': 'O063456(7)'}",2026-03-06T23:18:17.719759,True,SYSTEM
a803ab01-737c-453d-8810-97d218127674,SP_SmartPlus_quote_member_QM021,SP_SmartPlus_quote_member_QM028,DIFFERENT_HKID,RULE_CONFLICTING_HKID,AUTOMATIC,SUB_HKID,"{'party1_SUB_HKID': 'O043456(7)', 'party2_SUB_HKID': 'O113456(7)'}",2026-03-06T23:18:17.720989,True,SYSTEM
6eee10b1-fc19-4fed-ad8f-0b640fba0030,SP_SmartPlus_quote_member_QM029,SP_SmartPlus_quote_member_QM023,DIFFERENT_HKID,RULE_CONFLICTING_HKID,AUTOMATIC,SUB_HKID,"{'party1_SUB_HKID': 'O123456(7)', 'party2_SUB_HKID': 'O063456(7)'}",2026-03-06T23:18:17.722192,True,SYSTEM
c892e4c0-8b7a-4ee2-af6d-d415f8e6aa56,SP_SmartPlus_quote_member_QM029,SP_Smile_policy_member_PM025,DIFFERENT_HKID,RULE_CONFLICTING_HKID,AUTOMATIC,SUB_HKID,"{'party1_SUB_HKID': 'O123456(7)', 'party2_SUB_HKID': 'O103456(7)'}",2026-03-06T23:18:17.723536,True,SYSTEM
e2d70c45-a755-41f3-83fd-cda37651292f,SP_SmartPlus_quote_member_QM029,SP_Smile_policy_member_PM021,DIFFERENT_HKID,RULE_CONFLICTING_HKID,AUTOMATIC,SUB_HKID,"{'party1_SUB_HKID': 'O123456(7)', 'party2_SUB_HKID': 'O063456(7)'}",2026-03-06T23:18:17.725311,True,SYSTEM
d174a46d-945b-4ed6-a842-f9c1c383e99e,SP_SmartPlus_quote_member_QM029,SP_SmartPlus_quote_member_QM028,DIFFERENT_HKID,RULE_CONFLICTING_HKID,AUTOMATIC,SUB_HKID,"{'party1_SUB_HKID': 'O123456(7)', 'party2_SUB_HKID': 'O113456(7)'}",2026-03-06T23:18:17.726680,True,SYSTEM
9d891539-2497-4738-9972-f8f649ddf94b,SP_SmartPlus_quote_member_QM023,SP_Smile_policy_member_PM025,DIFFERENT_HKID,RULE_CONFLICTING_HKID,AUTOMATIC,SUB_HKID,"{'party1_SUB_HKID': 'O063456(7)', 'party2_SUB_HKID': 'O103456(7)'}",2026-03-06T23:18:17.727947,True,SYSTEM
a98ad114-0892-4990-b299-d21dd6419ea1,SP_SmartPlus_quote_member_QM023,SP_SmartPlus_quote_member_QM028,DIFFERENT_HKID,RULE_CONFLICTING_HKID,AUTOMATIC,SUB_HKID,"{'party1_SUB_HKID': 'O063456(7)', 'party2_SUB_HKID': 'O113456(7)'}",2026-03-06T23:18:17.730523,True,SYSTEM
264d1c0e-06b8-4006-a534-1f3f6259d5dd,SP_Smile_policy_member_PM025,SP_Smile_policy_member_PM021,DIFFERENT_HKID,RULE_CONFLICTING_HKID,AUTOMATIC,SUB_HKID,"{'party1_SUB_HKID': 'O103456(7)', 'party2_SUB_HKID': 'O063456(7)'}",2026-03-06T23:18:17.731744,True,SYSTEM
ee15d0ab-8f86-45cb-89be-a81b16237ca9,SP_Smile_policy_member_PM025,SP_SmartPlus_quote_member_QM028,DIFFERENT_HKID,RULE_CONFLICTING_HKID,AUTOMATIC,SUB_HKID,"{'party1_SUB_HKID': 'O103456(7)', 'party2_SUB_HKID': 'O113456(7)'}",2026-03-06T23:18:17.732958,True,SYSTEM
11c6eb08-95c8-48db-b248-06b0e93a9c53,SP_Smile_policy_member_PM021,SP_SmartPlus_quote_member_QM028,DIFFERENT_HKID,RULE_CONFLICTING_HKID,AUTOMATIC,SUB_HKID,"{'party1_SUB_HKID': 'O063456(7)', 'party2_SUB_HKID': 'O113456(7)'}",2026-03-06T23:18:17.734249,True,SYSTEM
934a7eb8-1359-4a95-9cc9-1897a290c8a3,SP_SmartPlus_quote_member_QM001,SP_SmartPlus_contact_person_CP002,DIFFERENT_HKID,RULE_CONFLICTING_HKID,AUTOMATIC,SUB_HKID,"{'party1_SUB_HKID': 'A123456(7)', 'party2_SUB_HKID': 'Y234567(8)'}",2026-03-06T23:18:17.736700,True,SYSTEM
998361df-4a08-4503-95f9-ed3cb4983cbb,SP_SmartPlus_quote_member_QM001,SP_SmartPlus_contact_person_CP001,DIFFERENT_HKID,RULE_CONFLICTING_HKID,AUTOMATIC,SUB_HKID,"{'party1_SUB_HKID': 'A123456(7)', 'party2_SUB_HKID': 'X123456(7)'}",2026-03-06T23:18:17.744306,True,SYSTEM
22cec7cc-d1d3-4827-8ce2-9c598455245a,SP_SmartPlus_quote_member_QM001,SP_SmartPlus_quote_member_QM041,DIFFERENT_HKID,RULE_CONFLICTING_HKID,AUTOMATIC,SUB_HKID,"{'party1_SUB_HKID': 'A123456(7)', 'party2_SUB_HKID': 'AA123456(7)'}",2026-03-06T23:18:17.745551,True,SYSTEM
98474886-b9e2-482e-99cb-66ef1a18f4ea,SP_SmartPlus_contact_person_CP002,SP_SmartPlus_lead_L001,DIFFERENT_HKID,RULE_CONFLICTING_HKID,AUTOMATIC,SUB_HKID,"{'party1_SUB_HKID': 'Y234567(8)', 'party2_SUB_HKID': 'A123456(7)'}",2026-03-06T23:18:17.749096,True,SYSTEM
3bb9d18a-039b-40e7-bb19-e55bc2b73359,SP_SmartPlus_contact_person_CP002,SP_SmartPlus_application_A001_applicant,DIFFERENT_HKID,RULE_CONFLICTING_HKID,AUTOMATIC,SUB_HKID,"{'party1_SUB_HKID': 'Y234567(8)', 'party2_SUB_HKID': 'A123456(7)'}",2026-03-06T23:18:17.752371,True,SYSTEM
7514475c-e6d0-421f-91ba-dbcc5d9e8fb7,SP_SmartPlus_contact_person_CP002,SP_SmartPlus_contact_person_CP001,DIFFERENT_HKID,RULE_CONFLICTING_HKID,AUTOMATIC,SUB_HKID,"{'party1_SUB_HKID': 'Y234567(8)', 'party2_SUB_HKID': 'X123456(7)'}",2026-03-06T23:18:17.754513,True,SYSTEM
8e54b468-f46f-46d1-9b87-fb00a081987d,SP_SmartPlus_contact_person_CP002,SP_SmartPlus_quote_member_QM041,DIFFERENT_HKID,RULE_CONFLICTING_HKID,AUTOMATIC,SUB_HKID,"{'party1_SUB_HKID': 'Y234567(8)', 'party2_SUB_HKID': 'AA123456(7)'}",2026-03-06T23:18:17.755679,True,SYSTEM
df2bd0aa-245c-4cfd-88b3-f7d0dbf05e2c,SP_SmartPlus_contact_person_CP002,SP_Smile_policy_member_PM001,DIFFERENT_HKID,RULE_CONFLICTING_HKID,AUTOMATIC,SUB_HKID,"{'party1_SUB_HKID': 'Y234567(8)', 'party2_SUB_HKID': 'A123456(7)'}",2026-03-06T23:18:17.758249,True,SYSTEM
b33e0301-4a9a-4e97-9048-8aa5dc1de5b5,SP_SmartPlus_lead_L001,SP_SmartPlus_contact_person_CP001,DIFFERENT_HKID,RULE_CONFLICTING_HKID,AUTOMATIC,SUB_HKID,"{'party1_SUB_HKID': 'A123456(7)', 'party2_SUB_HKID': 'X123456(7)'}",2026-03-06T23:18:17.764002,True,SYSTEM
2bf78400-60a5-415b-8cfa-2dab7c526361,SP_SmartPlus_lead_L001,SP_SmartPlus_quote_member_QM041,DIFFERENT_HKID,RULE_CONFLICTING_HKID,AUTOMATIC,SUB_HKID,"{'party1_SUB_HKID': 'A123456(7)', 'party2_SUB_HKID': 'AA123456(7)'}",2026-03-06T23:18:17.765192,True,SYSTEM
10f685a0-3906-478d-a9fb-ef5539bacf1f,SP_SmartPlus_application_A001_applicant,SP_SmartPlus_contact_person_CP001,DIFFERENT_HKID,RULE_CONFLICTING_HKID,AUTOMATIC,SUB_HKID,"{'party1_SUB_HKID': 'A123456(7)', 'party2_SUB_HKID': 'X123456(7)'}",2026-03-06T23:18:17.783860,True,SYSTEM
91681691-92b7-4a11-a714-daf35c776a3c,SP_SmartPlus_application_A001_applicant,SP_SmartPlus_quote_member_QM041,DIFFERENT_HKID,RULE_CONFLICTING_HKID,AUTOMATIC,SUB_HKID,"{'party1_SUB_HKID': 'A123456(7)', 'party2_SUB_HKID': 'AA123456(7)'}",2026-03-06T23:18:17.785025,True,SYSTEM
a9f738d4-5610-4345-b927-23b8dcea3ecb,SP_SmartPlus_contact_person_CP001,SP_SmartPlus_quote_member_QM041,DIFFERENT_HKID,RULE_CONFLICTING_HKID,AUTOMATIC,SUB_HKID,"{'party1_SUB_HKID': 'X123456(7)', 'party2_SUB_HKID': 'AA123456(7)'}",2026-03-06T23:18:17.793098,True,SYSTEM
777eb0b1-4b7a-461f-adfa-492f281534f1,SP_SmartPlus_contact_person_CP001,SP_Smile_policy_member_PM001,DIFFERENT_HKID,RULE_CONFLICTING_HKID,AUTOMATIC,SUB_HKID,"{'party1_SUB_HKID': 'X123456(7)', 'party2_SUB_HKID': 'A123456(7)'}",2026-03-06T23:18:17.795552,True,SYSTEM
cd67452f-a64e-48e4-ba44-24421b7e6823,SP_SmartPlus_quote_member_QM041,SP_Smile_policy_member_PM001,DIFFERENT_HKID,RULE_CONFLICTING_HKID,AUTOMATIC,SUB_HKID,"{'party1_SUB_HKID': 'AA123456(7)', 'party2_SUB_HKID': 'A123456(7)'}",2026-03-06T23:18:17.797884,True,SYSTEM
8db75345-9e22-4d00-8048-a786cf8c428d,SP_SmartPlus_quote_member_QM014,SP_SmartPlus_contact_person_CP004,DIFFERENT_HKID,RULE_CONFLICTING_HKID,AUTOMATIC,SUB_HKID,"{'party1_SUB_HKID': 'L123456(7)', 'party2_SUB_HKID': 'A456789(0)'}",2026-03-06T23:18:17.826851,True,SYSTEM
7d9f0e0a-a272-4dd0-bfe8-c06c0881e7a2,SP_SmartPlus_quote_member_QM014,SP_SmartPlus_contact_person_CP005,DIFFERENT_HKID,RULE_CONFLICTING_HKID,AUTOMATIC,SUB_HKID,"{'party1_SUB_HKID': 'L123456(7)', 'party2_SUB_HKID': 'B567890(1)'}",2026-03-06T23:18:17.828082,True,SYSTEM
838559ae-790f-45f9-9c36-9a00bd7d7934,SP_SmartPlus_quote_member_QM014,SP_SmartPlus_application_A005_applicant,DIFFERENT_HKID,RULE_CONFLICTING_HKID,AUTOMATIC,SUB_HKID,"{'party1_SUB_HKID': 'L123456(7)', 'party2_SUB_HKID': 'E123456(7)'}",2026-03-06T23:18:17.829222,True,SYSTEM
8db93942-9791-4d02-82ab-1448bcd47689,SP_Smile_policy_member_PM012,SP_SmartPlus_contact_person_CP004,DIFFERENT_HKID,RULE_CONFLICTING_HKID,AUTOMATIC,SUB_HKID,"{'party1_SUB_HKID': 'L123456(7)', 'party2_SUB_HKID': 'A456789(0)'}",2026-03-06T23:18:17.846603,True,SYSTEM
71b909ec-cfe2-4ebb-90b9-77a0da88ed5d,SP_Smile_policy_member_PM012,SP_SmartPlus_contact_person_CP005,DIFFERENT_HKID,RULE_CONFLICTING_HKID,AUTOMATIC,SUB_HKID,"{'party1_SUB_HKID': 'L123456(7)', 'party2_SUB_HKID': 'B567890(1)'}",2026-03-06T23:18:17.847825,True,SYSTEM
e6e78b42-f8c0-4434-b826-81c2862399c2,SP_Smile_policy_member_PM012,SP_SmartPlus_application_A005_applicant,DIFFERENT_HKID,RULE_CONFLICTING_HKID,AUTOMATIC,SUB_HKID,"{'party1_SUB_HKID': 'L123456(7)', 'party2_SUB_HKID': 'E123456(7)'}",2026-03-06T23:18:17.848972,True,SYSTEM
b7de59f7-35dc-42b7-81c5-7bb3277fe088,SP_SmartPlus_contact_person_CP004,SP_SmartPlus_contact_person_CP005,DIFFERENT_HKID,RULE_CONFLICTING_HKID,AUTOMATIC,SUB_HKID,"{'party1_SUB_HKID': 'A456789(0)', 'party2_SUB_HKID': 'B567890(1)'}",2026-03-06T23:18:17.855787,True,SYSTEM
197405e7-1f42-4208-a1fd-0c774e8ac14e,SP_SmartPlus_contact_person_CP004,SP_SmartPlus_application_A005_applicant,DIFFERENT_HKID,RULE_CONFLICTING_HKID,AUTOMATIC,SUB_HKID,"{'party1_SUB_HKID': 'A456789(0)', 'party2_SUB_HKID': 'E123456(7)'}",2026-03-06T23:18:17.856940,True,SYSTEM
b59dd576-d2d2-4fea-970b-e25e47bec773,SP_SmartPlus_contact_person_CP004,SP_SmartPlus_lead_L003,DIFFERENT_HKID,RULE_CONFLICTING_HKID,AUTOMATIC,SUB_HKID,"{'party1_SUB_HKID': 'A456789(0)', 'party2_SUB_HKID': 'L123456(7)'}",2026-03-06T23:18:17.858513,True,SYSTEM
b8f86311-d538-4680-bc5e-e5597fec10cc,SP_SmartPlus_contact_person_CP005,SP_SmartPlus_application_A005_applicant,DIFFERENT_HKID,RULE_CONFLICTING_HKID,AUTOMATIC,SUB_HKID,"{'party1_SUB_HKID': 'B567890(1)', 'party2_SUB_HKID': 'E123456(7)'}",2026-03-06T23:18:17.859809,True,SYSTEM
6b5f2d46-0dab-4528-831c-e7670043a8d5,SP_SmartPlus_contact_person_CP005,SP_SmartPlus_lead_L003,DIFFERENT_HKID,RULE_CONFLICTING_HKID,AUTOMATIC,SUB_HKID,"{'party1_SUB_HKID': 'B567890(1)', 'party2_SUB_HKID': 'L123456(7)'}",2026-03-06T23:18:17.860970,True,SYSTEM
6a19ec28-ae17-46c2-9ab3-5552e7331ab7,SP_SmartPlus_application_A005_applicant,SP_SmartPlus_lead_L003,DIFFERENT_HKID,RULE_CONFLICTING_HKID,AUTOMATIC,SUB_HKID,"{'party1_SUB_HKID': 'E123456(7)', 'party2_SUB_HKID': 'L123456(7)'}",2026-03-06T23:18:17.862119,True,SYSTEM
f31c29e9-8da7-4c64-9ed3-c0166f3157ce,SP_Smile_policy_member_PM006,SP_Smile_policy_member_PM005,DIFFERENT_HKID,RULE_CONFLICTING_HKID,AUTOMATIC,SUB_HKID,"{'party1_SUB_HKID': 'E234567(8)', 'party2_SUB_HKID': 'E123456(7)'}",2026-03-06T23:18:17.869278,True,SYSTEM
cc62d2fc-2085-4e8c-8962-503d5951bdd6,SP_Smile_policy_member_PM006,SP_SmartPlus_quote_member_QM007,DIFFERENT_HKID,RULE_CONFLICTING_HKID,AUTOMATIC,SUB_HKID,"{'party1_SUB_HKID': 'E234567(8)', 'party2_SUB_HKID': 'E123456(7)'}",2026-03-06T23:18:17.870543,True,SYSTEM
33344496-d589-45e4-a720-353af3bf807c,SP_SmartPlus_quote_member_QM008,SP_Smile_policy_member_PM005,DIFFERENT_HKID,RULE_CONFLICTING_HKID,AUTOMATIC,SUB_HKID,"{'party1_SUB_HKID': 'E234567(8)', 'party2_SUB_HKID': 'E123456(7)'}",2026-03-06T23:18:17.873914,True,SYSTEM
b9de81bb-3287-4149-bec3-67c1dc05116d,SP_SmartPlus_quote_member_QM008,SP_SmartPlus_quote_member_QM007,DIFFERENT_HKID,RULE_CONFLICTING_HKID,AUTOMATIC,SUB_HKID,"{'party1_SUB_HKID': 'E234567(8)', 'party2_SUB_HKID': 'E123456(7)'}",2026-03-06T23:18:17.875902,True,SYSTEM
77970cfb-3543-43c6-af5f-f65a8b38719d,SP_SmartPlus_quote_member_QM011,SP_SmartPlus_quote_member_QM010,DIFFERENT_HKID,RULE_CONFLICTING_HKID,AUTOMATIC,SUB_HKID,"{'party1_SUB_HKID': 'I223456(7)', 'party2_SUB_HKID': 'I123456(7)'}",2026-03-06T23:18:17.903524,True,SYSTEM
35ad01ea-d0d2-4728-b853-6052fb3d8484,SP_SmartPlus_quote_member_QM044,SP_Smile_policy_member_PM035,DIFFERENT_HKID,RULE_CONFLICTING_HKID,AUTOMATIC,SUB_HKID,"{'party1_SUB_HKID': 'AC123456(7)', 'party2_SUB_HKID': 'AC113456(7)'}",2026-03-06T23:18:17.905863,True,SYSTEM
f494cd03-1433-47b3-a4db-654eedb5cabd,SP_SmartPlus_quote_member_QM044,SP_SmartPlus_quote_member_QM043,DIFFERENT_HKID,RULE_CONFLICTING_HKID,AUTOMATIC,SUB_HKID,"{'party1_SUB_HKID': 'AC123456(7)', 'party2_SUB_HKID': 'AC113456(7)'}",2026-03-06T23:18:17.911156,True,SYSTEM
c419dc85-9715-4126-a214-666adaad0c6a,SP_SmartPlus_quote_member_QM044,SP_SmartPlus_quote_member_QM046,DIFFERENT_HKID,RULE_CONFLICTING_HKID,AUTOMATIC,SUB_HKID,"{'party1_SUB_HKID': 'AC123456(7)', 'party2_SUB_HKID': 'D123456(7)'}",2026-03-06T23:18:17.912374,True,SYSTEM
28a5d4a1-ab82-42a3-b6ee-8f9759c5a3e1,SP_Smile_policy_member_PM035,SP_Smile_policy_member_PM036,DIFFERENT_HKID,RULE_CONFLICTING_HKID,AUTOMATIC,SUB_HKID,"{'party1_SUB_HKID': 'AC113456(7)', 'party2_SUB_HKID': 'AC123456(7)'}",2026-03-06T23:18:17.916821,True,SYSTEM
28b1ec94-e7a9-4f50-951e-62771d1e7eb0,SP_Smile_policy_member_PM035,SP_SmartPlus_quote_member_QM046,DIFFERENT_HKID,RULE_CONFLICTING_HKID,AUTOMATIC,SUB_HKID,"{'party1_SUB_HKID': 'AC113456(7)', 'party2_SUB_HKID': 'D123456(7)'}",2026-03-06T23:18:17.919471,True,SYSTEM
71b09fc7-d943-48bf-8e6c-bfeb8e63554e,SP_Smile_policy_member_PM036,SP_SmartPlus_quote_member_QM043,DIFFERENT_HKID,RULE_CONFLICTING_HKID,AUTOMATIC,SUB_HKID,"{'party1_SUB_HKID': 'AC123456(7)', 'party2_SUB_HKID': 'AC113456(7)'}",2026-03-06T23:18:17.931823,True,SYSTEM
1890255c-477e-46c9-b6cc-d3cbdf662e21,SP_Smile_policy_member_PM036,SP_SmartPlus_quote_member_QM046,DIFFERENT_HKID,RULE_CONFLICTING_HKID,AUTOMATIC,SUB_HKID,"{'party1_SUB_HKID': 'AC123456(7)', 'party2_SUB_HKID': 'D123456(7)'}",2026-03-06T23:18:17.933093,True,SYSTEM
21a9084a-a68e-432f-a4dc-27f93322699f,SP_SmartPlus_quote_member_QM043,SP_SmartPlus_quote_member_QM046,DIFFERENT_HKID,RULE_CONFLICTING_HKID,AUTOMATIC,SUB_HKID,"{'party1_SUB_HKID': 'AC113456(7)', 'party2_SUB_HKID': 'D123456(7)'}",2026-03-06T23:18:17.935588,True,SYSTEM
7e56cc39-26ed-43c3-a422-288b4c26dbe9,SP_Smile_policy_member_PM034,SP_Smile_policy_member_PM037,DIFFERENT_HKID,RULE_CONFLICTING_HKID,AUTOMATIC,SUB_HKID,"{'party1_SUB_HKID': 'AB123456(7)', 'party2_SUB_HKID': 'C999999(9)'}",2026-03-06T23:18:17.949855,True,SYSTEM
ed43c1f9-dcc4-46b4-81fc-0a1cb11e97fb,SP_Smile_policy_member_PM034,SP_SmartPlus_quote_member_QM045,DIFFERENT_HKID,RULE_CONFLICTING_HKID,AUTOMATIC,SUB_HKID,"{'party1_SUB_HKID': 'AB123456(7)', 'party2_SUB_HKID': 'C123456(7)'}",2026-03-06T23:18:17.951078,True,SYSTEM
a178143c-a481-44da-8315-23d0bebb2edf,SP_Smile_policy_member_PM037,SP_SmartPlus_quote_member_QM045,DIFFERENT_HKID,RULE_CONFLICTING_HKID,AUTOMATIC,SUB_HKID,"{'party1_SUB_HKID': 'C999999(9)', 'party2_SUB_HKID': 'C123456(7)'}",2026-03-06T23:18:17.953412,True,SYSTEM
4bf9d1e0-c532-4127-9b6b-1b29cb0ffa07,SP_SmartPlus_quote_member_QM037,SP_SmartPlus_quote_member_QM036,DIFFERENT_HKID,RULE_CONFLICTING_HKID,AUTOMATIC,SUB_HKID,"{'party1_SUB_HKID': 'W123456(7)', 'party2_SUB_HKID': 'V123456(7)'}",2026-03-06T23:18:17.960822,True,SYSTEM
ef085bbc-7294-4ab9-a9eb-451096da9323,SP_SmartPlus_quote_member_QM037,SP_SmartPlus_quote_member_QM035,DIFFERENT_HKID,RULE_CONFLICTING_HKID,AUTOMATIC,SUB_HKID,"{'party1_SUB_HKID': 'W123456(7)', 'party2_SUB_HKID': 'U123456(7)'}",2026-03-06T23:18:17.962091,True,SYSTEM
d600c279-98b3-4c89-9cba-80e0074f1874,SP_SmartPlus_quote_member_QM036,SP_SmartPlus_quote_member_QM035,DIFFERENT_HKID,RULE_CONFLICTING_HKID,AUTOMATIC,SUB_HKID,"{'party1_SUB_HKID': 'V123456(7)', 'party2_SUB_HKID': 'U123456(7)'}",2026-03-06T23:18:17.965452,True,SYSTEM
4ed03ddf-0200-41ac-948b-326bfcd1e3ff,SP_SmartPlus_application_A003_applicant,SP_SmartPlus_quote_member_QM006,DIFFERENT_HKID,RULE_CONFLICTING_HKID,AUTOMATIC,SUB_HKID,"{'party1_SUB_HKID': 'C123456(7)', 'party2_SUB_HKID': 'D223456(7)'}",2026-03-06T23:18:17.967673,True,SYSTEM
b5e8b0fd-ce5d-478e-9d63-0be6491b29c1,SP_SmartPlus_application_A003_applicant,SP_SmartPlus_quote_member_QM005,DIFFERENT_HKID,RULE_CONFLICTING_HKID,AUTOMATIC,SUB_HKID,"{'party1_SUB_HKID': 'C123456(7)', 'party2_SUB_HKID': 'D123456(7)'}",2026-03-06T23:18:17.968943,True,SYSTEM
68173377-d311-456d-a635-ad25c2f2181c,SP_SmartPlus_application_A003_applicant,SP_SmartPlus_application_A003_spouse,DIFFERENT_HKID,RULE_CONFLICTING_HKID,AUTOMATIC,SUB_HKID,"{'party1_SUB_HKID': 'C123456(7)', 'party2_SUB_HKID': 'C234567(8)'}",2026-03-06T23:18:17.970092,True,SYSTEM
39f7c811-3ee0-49e2-99ac-2168b400e3b9,SP_SmartPlus_quote_member_QM006,SP_SmartPlus_quote_member_QM005,DIFFERENT_HKID,RULE_CONFLICTING_HKID,AUTOMATIC,SUB_HKID,"{'party1_SUB_HKID': 'D223456(7)', 'party2_SUB_HKID': 'D123456(7)'}",2026-03-06T23:18:17.974903,True,SYSTEM
e0cef4af-baf6-44d6-8321-1679963daf7f,SP_SmartPlus_quote_member_QM006,SP_SmartPlus_application_A003_spouse,DIFFERENT_HKID,RULE_CONFLICTING_HKID,AUTOMATIC,SUB_HKID,"{'party1_SUB_HKID': 'D223456(7)', 'party2_SUB_HKID': 'C234567(8)'}",2026-03-06T23:18:17.976312,True,SYSTEM
5232592c-320a-4999-9782-407e02c75691,SP_SmartPlus_quote_member_QM005,SP_SmartPlus_application_A003_spouse,DIFFERENT_HKID,RULE_CONFLICTING_HKID,AUTOMATIC,SUB_HKID,"{'party1_SUB_HKID': 'D123456(7)', 'party2_SUB_HKID': 'C234567(8)'}",2026-03-06T23:18:17.977548,True,SYSTEM
13066568-6967-40bd-a40b-714190d84a8d,SP_SmartPlus_quote_member_QM002,SP_SmartPlus_quote_member_QM003,DIFFERENT_HKID,RULE_CONFLICTING_HKID,AUTOMATIC,SUB_HKID,"{'party1_SUB_HKID': 'B234567(8)', 'party2_SUB_HKID': 'B345678(9)'}",2026-03-06T23:18:17.978901,True,SYSTEM
91840f77-de20-42a9-86e5-ab0569daae5d,SP_SmartPlus_quote_member_QM002,SP_SmartPlus_contact_person_CP003,DIFFERENT_HKID,RULE_CONFLICTING_HKID,AUTOMATIC,SUB_HKID,"{'party1_SUB_HKID': 'B234567(8)', 'party2_SUB_HKID': 'Z345678(9)'}",2026-03-06T23:18:17.980084,True,SYSTEM
7b7415c8-05fa-49ac-ab29-df66663aa036,SP_SmartPlus_quote_member_QM002,SP_SmartPlus_application_A002_spouse,DIFFERENT_HKID,RULE_CONFLICTING_HKID,AUTOMATIC,SUB_HKID,"{'party1_SUB_HKID': 'B234567(8)', 'party2_SUB_HKID': 'B345678(9)'}",2026-03-06T23:18:17.982664,True,SYSTEM
ad18a56b-4823-47b6-aa29-68582f7b464a,SP_SmartPlus_quote_member_QM002,SP_Smile_policy_member_PM003,DIFFERENT_HKID,RULE_CONFLICTING_HKID,AUTOMATIC,SUB_HKID,"{'party1_SUB_HKID': 'B234567(8)', 'party2_SUB_HKID': 'B345678(9)'}",2026-03-06T23:18:17.983955,True,SYSTEM
51e3547c-fe33-476d-ad53-1e9ed0e56665,SP_SmartPlus_quote_member_QM002,SP_Smile_policy_member_PM004,DIFFERENT_HKID,RULE_CONFLICTING_HKID,AUTOMATIC,SUB_HKID,"{'party1_SUB_HKID': 'B234567(8)', 'party2_SUB_HKID': 'C456789(0)'}",2026-03-06T23:18:17.985201,True,SYSTEM
6ff3a1dd-0bca-4626-8bfe-6dfb0a3e6335,SP_SmartPlus_quote_member_QM002,SP_SmartPlus_quote_member_QM004,DIFFERENT_HKID,RULE_CONFLICTING_HKID,AUTOMATIC,SUB_HKID,"{'party1_SUB_HKID': 'B234567(8)', 'party2_SUB_HKID': 'C456789(0)'}",2026-03-06T23:18:17.990558,True,SYSTEM
9a1623c5-d9f0-4628-b408-3f8fdd6ff5d1,SP_SmartPlus_quote_member_QM003,SP_SmartPlus_contact_person_CP003,DIFFERENT_HKID,RULE_CONFLICTING_HKID,AUTOMATIC,SUB_HKID,"{'party1_SUB_HKID': 'B345678(9)', 'party2_SUB_HKID': 'Z345678(9)'}",2026-03-06T23:18:17.993034,True,SYSTEM
ef3a5ae2-1d5f-4cc6-907b-266dbfa6111d,SP_SmartPlus_quote_member_QM003,SP_Smile_policy_member_PM002,DIFFERENT_HKID,RULE_CONFLICTING_HKID,AUTOMATIC,SUB_HKID,"{'party1_SUB_HKID': 'B345678(9)', 'party2_SUB_HKID': 'B234567(8)'}",2026-03-06T23:18:17.994281,True,SYSTEM
ef60b246-4e8c-404a-90a7-fac25a31353c,SP_SmartPlus_quote_member_QM003,SP_Smile_policy_member_PM004,DIFFERENT_HKID,RULE_CONFLICTING_HKID,AUTOMATIC,SUB_HKID,"{'party1_SUB_HKID': 'B345678(9)', 'party2_SUB_HKID': 'C456789(0)'}",2026-03-06T23:18:17.998114,True,SYSTEM
47b9a808-2004-46d0-a455-537eada6550e,SP_SmartPlus_quote_member_QM003,SP_SmartPlus_lead_L002,DIFFERENT_HKID,RULE_CONFLICTING_HKID,AUTOMATIC,SUB_HKID,"{'party1_SUB_HKID': 'B345678(9)', 'party2_SUB_HKID': 'B234567(8)'}",2026-03-06T23:18:17.999305,True,SYSTEM
97ac1137-c212-469d-bbb8-9118655530a0,SP_SmartPlus_quote_member_QM003,SP_SmartPlus_application_A002_applicant,DIFFERENT_HKID,RULE_CONFLICTING_HKID,AUTOMATIC,SUB_HKID,"{'party1_SUB_HKID': 'B345678(9)', 'party2_SUB_HKID': 'B234567(8)'}",2026-03-06T23:18:18.000427,True,SYSTEM
d9e2f9d2-49f2-4e53-89d9-29bea958de16,SP_SmartPlus_quote_member_QM003,SP_SmartPlus_quote_member_QM004,DIFFERENT_HKID,RULE_CONFLICTING_HKID,AUTOMATIC,SUB_HKID,"{'party1_SUB_HKID': 'B345678(9)', 'party2_SUB_HKID': 'C456789(0)'}",2026-03-06T23:18:18.002690,True,SYSTEM
192cb520-5e61-4cd0-b9cf-193cec8bee6b,SP_SmartPlus_contact_person_CP003,SP_Smile_policy_member_PM002,DIFFERENT_HKID,RULE_CONFLICTING_HKID,AUTOMATIC,SUB_HKID,"{'party1_SUB_HKID': 'Z345678(9)', 'party2_SUB_HKID': 'B234567(8)'}",2026-03-06T23:18:18.004876,True,SYSTEM
e6361c6b-d59c-404c-9926-4803f24aecd6,SP_SmartPlus_contact_person_CP003,SP_SmartPlus_application_A002_spouse,DIFFERENT_HKID,RULE_CONFLICTING_HKID,AUTOMATIC,SUB_HKID,"{'party1_SUB_HKID': 'Z345678(9)', 'party2_SUB_HKID': 'B345678(9)'}",2026-03-06T23:18:18.005951,True,SYSTEM
fa542d58-de03-41ac-a00c-6c457a3e4ac9,SP_SmartPlus_contact_person_CP003,SP_Smile_policy_member_PM003,DIFFERENT_HKID,RULE_CONFLICTING_HKID,AUTOMATIC,SUB_HKID,"{'party1_SUB_HKID': 'Z345678(9)', 'party2_SUB_HKID': 'B345678(9)'}",2026-03-06T23:18:18.007097,True,SYSTEM
dad4addb-e7de-46ec-be9b-880c0be4fdd0,SP_SmartPlus_contact_person_CP003,SP_Smile_policy_member_PM004,DIFFERENT_HKID,RULE_CONFLICTING_HKID,AUTOMATIC,SUB_HKID,"{'party1_SUB_HKID': 'Z345678(9)', 'party2_SUB_HKID': 'C456789(0)'}",2026-03-06T23:18:18.008675,True,SYSTEM
5a4b2295-3712-44b4-9b2e-0b7b33995f87,SP_SmartPlus_contact_person_CP003,SP_SmartPlus_lead_L002,DIFFERENT_HKID,RULE_CONFLICTING_HKID,AUTOMATIC,SUB_HKID,"{'party1_SUB_HKID': 'Z345678(9)', 'party2_SUB_HKID': 'B234567(8)'}",2026-03-06T23:18:18.009922,True,SYSTEM
4086ac52-58f7-4071-b677-c70bd37b947b,SP_SmartPlus_contact_person_CP003,SP_SmartPlus_application_A002_applicant,DIFFERENT_HKID,RULE_CONFLICTING_HKID,AUTOMATIC,SUB_HKID,"{'party1_SUB_HKID': 'Z345678(9)', 'party2_SUB_HKID': 'B234567(8)'}",2026-03-06T23:18:18.011200,True,SYSTEM
b61be102-cdf2-40d1-805f-ed5f74e1b44d,SP_SmartPlus_contact_person_CP003,SP_SmartPlus_quote_member_QM004,DIFFERENT_HKID,RULE_CONFLICTING_HKID,AUTOMATIC,SUB_HKID,"{'party1_SUB_HKID': 'Z345678(9)', 'party2_SUB_HKID': 'C456789(0)'}",2026-03-06T23:18:18.013407,True,SYSTEM
915ba275-e3b0-4cf0-9ad2-c0e983f4ab29,SP_Smile_policy_member_PM002,SP_SmartPlus_application_A002_spouse,DIFFERENT_HKID,RULE_CONFLICTING_HKID,AUTOMATIC,SUB_HKID,"{'party1_SUB_HKID': 'B234567(8)', 'party2_SUB_HKID': 'B345678(9)'}",2026-03-06T23:18:18.015572,True,SYSTEM
0d2b5032-206f-41e2-a753-a7510c10c21b,SP_Smile_policy_member_PM002,SP_Smile_policy_member_PM003,DIFFERENT_HKID,RULE_CONFLICTING_HKID,AUTOMATIC,SUB_HKID,"{'party1_SUB_HKID': 'B234567(8)', 'party2_SUB_HKID': 'B345678(9)'}",2026-03-06T23:18:18.016774,True,SYSTEM
d7fb2fe6-3df1-4dea-b7f5-de3e10463c5b,SP_Smile_policy_member_PM002,SP_Smile_policy_member_PM004,DIFFERENT_HKID,RULE_CONFLICTING_HKID,AUTOMATIC,SUB_HKID,"{'party1_SUB_HKID': 'B234567(8)', 'party2_SUB_HKID': 'C456789(0)'}",2026-03-06T23:18:18.018003,True,SYSTEM
d51e433c-1ccd-43b7-8d09-379a1b7d1747,SP_Smile_policy_member_PM002,SP_SmartPlus_quote_member_QM004,DIFFERENT_HKID,RULE_CONFLICTING_HKID,AUTOMATIC,SUB_HKID,"{'party1_SUB_HKID': 'B234567(8)', 'party2_SUB_HKID': 'C456789(0)'}",2026-03-06T23:18:18.022801,True,SYSTEM
5bfeb624-e065-4964-b621-d19085e00e72,SP_SmartPlus_application_A002_spouse,SP_Smile_policy_member_PM004,DIFFERENT_HKID,RULE_CONFLICTING_HKID,AUTOMATIC,SUB_HKID,"{'party1_SUB_HKID': 'B345678(9)', 'party2_SUB_HKID': 'C456789(0)'}",2026-03-06T23:18:18.026856,True,SYSTEM
0a2a4481-0b03-48ba-9b48-3b5fb97a4b47,SP_SmartPlus_application_A002_spouse,SP_SmartPlus_lead_L002,DIFFERENT_HKID,RULE_CONFLICTING_HKID,AUTOMATIC,SUB_HKID,"{'party1_SUB_HKID': 'B345678(9)', 'party2_SUB_HKID': 'B234567(8)'}",2026-03-06T23:18:18.028000,True,SYSTEM
26f91a62-fb3a-43f7-8b77-27dadd417a66,SP_SmartPlus_application_A002_spouse,SP_SmartPlus_application_A002_applicant,DIFFERENT_HKID,RULE_CONFLICTING_HKID,AUTOMATIC,SUB_HKID,"{'party1_SUB_HKID': 'B345678(9)', 'party2_SUB_HKID': 'B234567(8)'}",2026-03-06T23:18:18.029092,True,SYSTEM
9b95ce26-0b50-4a54-bdc2-a7905fa3e929,SP_SmartPlus_application_A002_spouse,SP_SmartPlus_quote_member_QM004,DIFFERENT_HKID,RULE_CONFLICTING_HKID,AUTOMATIC,SUB_HKID,"{'party1_SUB_HKID': 'B345678(9)', 'party2_SUB_HKID': 'C456789(0)'}",2026-03-06T23:18:18.031193,True,SYSTEM
f1abded6-93c7-4431-88f1-d6f4b7a000c9,SP_Smile_policy_member_PM003,SP_Smile_policy_member_PM004,DIFFERENT_HKID,RULE_CONFLICTING_HKID,AUTOMATIC,SUB_HKID,"{'party1_SUB_HKID': 'B345678(9)', 'party2_SUB_HKID': 'C456789(0)'}",2026-03-06T23:18:18.033397,True,SYSTEM
2fc8dde5-b42c-4d46-b9d2-650b0a20cdfa,SP_Smile_policy_member_PM003,SP_SmartPlus_lead_L002,DIFFERENT_HKID,RULE_CONFLICTING_HKID,AUTOMATIC,SUB_HKID,"{'party1_SUB_HKID': 'B345678(9)', 'party2_SUB_HKID': 'B234567(8)'}",2026-03-06T23:18:18.034566,True,SYSTEM
2cb69fb9-6e0b-4db3-af76-13e5c0368466,SP_Smile_policy_member_PM003,SP_SmartPlus_application_A002_applicant,DIFFERENT_HKID,RULE_CONFLICTING_HKID,AUTOMATIC,SUB_HKID,"{'party1_SUB_HKID': 'B345678(9)', 'party2_SUB_HKID': 'B234567(8)'}",2026-03-06T23:18:18.035724,True,SYSTEM
625315ca-b85c-4f00-98e5-daccdc365f8e,SP_Smile_policy_member_PM003,SP_SmartPlus_quote_member_QM004,DIFFERENT_HKID,RULE_CONFLICTING_HKID,AUTOMATIC,SUB_HKID,"{'party1_SUB_HKID': 'B345678(9)', 'party2_SUB_HKID': 'C456789(0)'}",2026-03-06T23:18:18.037973,True,SYSTEM
37e4eee1-ac3e-439c-a600-3cb4b3f481c4,SP_Smile_policy_member_PM004,SP_SmartPlus_lead_L002,DIFFERENT_HKID,RULE_CONFLICTING_HKID,AUTOMATIC,SUB_HKID,"{'party1_SUB_HKID': 'C456789(0)', 'party2_SUB_HKID': 'B234567(8)'}",2026-03-06T23:18:18.040173,True,SYSTEM
a1f8fece-28aa-44b7-aff4-b32a93d26cec,SP_Smile_policy_member_PM004,SP_SmartPlus_application_A002_applicant,DIFFERENT_HKID,RULE_CONFLICTING_HKID,AUTOMATIC,SUB_HKID,"{'party1_SUB_HKID': 'C456789(0)', 'party2_SUB_HKID': 'B234567(8)'}",2026-03-06T23:18:18.041744,True,SYSTEM
8654460c-b758-4194-96c8-63dc2ea8f590,SP_SmartPlus_lead_L002,SP_SmartPlus_quote_member_QM004,DIFFERENT_HKID,RULE_CONFLICTING_HKID,AUTOMATIC,SUB_HKID,"{'party1_SUB_HKID': 'B234567(8)', 'party2_SUB_HKID': 'C456789(0)'}",2026-03-06T23:18:18.048709,True,SYSTEM
cf27ed93-e107-451a-9ac2-88f3c5b0174f,SP_SmartPlus_application_A002_applicant,SP_SmartPlus_quote_member_QM004,DIFFERENT_HKID,RULE_CONFLICTING_HKID,AUTOMATIC,SUB_HKID,"{'party1_SUB_HKID': 'B234567(8)', 'party2_SUB_HKID': 'C456789(0)'}",2026-03-06T23:18:18.051841,True,SYSTEM
84b1ca25-c1ce-4831-98e1-cfec528595f0,SP_SmartPlus_quote_member_QM039,SP_SmartPlus_quote_member_QM040,DIFFERENT_HKID,RULE_CONFLICTING_HKID,AUTOMATIC,SUB_HKID,"{'party1_SUB_HKID': 'Y123456(7)', 'party2_SUB_HKID': 'Z123456(7)'}",2026-03-06T23:18:18.066370,True,SYSTEM
b6c15014-4a65-4d67-a1ff-bd6c835b96ba,SP_SmartPlus_quote_member_QM018,SP_SmartPlus_quote_member_QM034,DIFFERENT_HKID,RULE_CONFLICTING_HKID,AUTOMATIC,SUB_HKID,"{'party1_SUB_HKID': 'O013456(7)', 'party2_SUB_HKID': 'T123456(7)'}",2026-03-06T23:18:18.153766,True,SYSTEM
2fc13ab6-5128-4cff-b08e-80a0d9f6ba03,SP_SmartPlus_quote_member_QM018,SP_Smile_policy_member_PM032,DIFFERENT_HKID,RULE_CONFLICTING_HKID,AUTOMATIC,SUB_HKID,"{'party1_SUB_HKID': 'O013456(7)', 'party2_SUB_HKID': 'T123456(7)'}",2026-03-06T23:18:18.154992,True,SYSTEM
689aa126-6601-4d4a-af00-669789eb719e,SP_SmartPlus_quote_member_QM034,SP_Smile_policy_member_PM016,DIFFERENT_HKID,RULE_CONFLICTING_HKID,AUTOMATIC,SUB_HKID,"{'party1_SUB_HKID': 'T123456(7)', 'party2_SUB_HKID': 'O013456(7)'}",2026-03-06T23:18:18.156232,True,SYSTEM
0ddb2061-168e-418c-beed-c0a41e6ac674,SP_Smile_policy_member_PM016,SP_Smile_policy_member_PM032,DIFFERENT_HKID,RULE_CONFLICTING_HKID,AUTOMATIC,SUB_HKID,"{'party1_SUB_HKID': 'O013456(7)', 'party2_SUB_HKID': 'T123456(7)'}",2026-03-06T23:18:18.158378,True,SYSTEM
61f9ba94-b51a-4129-addf-fe9742de1ba1,SP_SmartPlus_quote_member_QM051,SP_SmartPlus_quote_member_QM053,DIFFERENT_HKID,RULE_CONFLICTING_HKID,AUTOMATIC,SUB_HKID,"{'party1_SUB_HKID': 'TX123456(7)', 'party2_SUB_HKID': 'TY123456(7)'}",2026-03-06T23:18:18.159924,True,SYSTEM
