pm_id,policy_id,contract_number,member_number,first_name,last_name,date_of_birth,email,phone,gov_id_type,gov_id_number,relationship_type,gender,coverage_start_date,coverage_end_date,is_active,created_date,source_system
PM_BULK_000,P_BULK_TEST,C_BULK_000,1,BulkMember0,TestFamily,1990-01-01,bulk0@test.com,+852-9000-0000,HKID,B000000(0),Primary,M,2026-04-15,,True,2026-04-15,Smile
PM_BULK_001,P_BULK_TEST,C_BULK_001,2,BulkMember1,TestFamily,1991-02-02,bulk1@test.com,+852-9001-0001,HKID,B000001(0),Child,F,2026-04-15,,True,2026-04-15,Smile
PM_BULK_002,P_BULK_TEST,C_BULK_002,3,BulkMember2,TestFamily,1992-03-03,bulk2@test.com,+852-9002-0002,HKID,B000002(0),Child,M,2026-04-15,,True,2026-04-15,Smile
PM_BULK_003,P_BULK_TEST,C_BULK_003,4,BulkMember3,TestFamily,1993-04-04,bulk3@test.com,+852-9003-0003,HKID,B000003(0),Child,F,2026-04-15,,True,2026-04-15,Smile
PM_BULK_004,P_BULK_TEST,C_BULK_004,5,BulkMember4,TestFamily,1994-05-05,bulk4@test.com,+852-9004-0004,HKID,B000004(0),Child,M,2026-04-15,,True,2026-04-15,Smile
PM_BULK_005,P_BULK_TEST,C_BULK_005,6,BulkMember5,TestFamily,1995-06-06,bulk5@test.com,+852-9005-0005,HKID,B000005(0),Child,F,2026-04-15,,True,2026-04-15,Smile
PM_BULK_006,P_BULK_TEST,C_BULK_006,7,BulkMember6,TestFamily,1996-07-07,bulk6@test.com,+852-9006-0006,HKID,B000006(0),Child,M,2026-04-15,,True,2026-04-15,Smile
PM_BULK_007,P_BULK_TEST,C_BULK_007,8,BulkMember7,TestFamily,1997-08-08,bulk7@test.com,+852-9007-0007,HKID,B000007(0),Child,F,2026-04-15,,True,2026-04-15,Smile
PM_BULK_008,P_BULK_TEST,C_BULK_008,9,BulkMember8,TestFamily,1998-09-09,bulk8@test.com,+852-9008-0008,HKID,B000008(0),Child,M,2026-04-15,,True,2026-04-15,Smile
PM_BULK_009,P_BULK_TEST,C_BULK_009,10,BulkMember9,TestFamily,1999-10-10,bulk9@test.com,+852-9009-0009,HKID,B000009(0),Child,F,2026-04-15,,True,2026-04-15,Smile
PM_BULK_010,P_BULK_TEST,C_BULK_010,11,BulkMember10,TestFamily,2000-11-11,bulk10@test.com,+852-9010-0010,HKID,B000010(0),Child,M,2026-04-15,,True,2026-04-15,Smile
PM_BULK_011,P_BULK_TEST,C_BULK_011,12,BulkMember11,TestFamily,2001-12-12,bulk11@test.com,+852-9011-0011,HKID,B000011(0),Child,F,2026-04-15,,True,2026-04-15,Smile
PM_BULK_012,P_BULK_TEST,C_BULK_012,13,BulkMember12,TestFamily,2002-01-13,bulk12@test.com,+852-9012-0012,HKID,B000012(0),Child,M,2026-04-15,,True,2026-04-15,Smile
PM_BULK_013,P_BULK_TEST,C_BULK_013,14,BulkMember13,TestFamily,2003-02-14,bulk13@test.com,+852-9013-0013,HKID,B000013(0),Child,F,2026-04-15,,True,2026-04-15,Smile
PM_BULK_014,P_BULK_TEST,C_BULK_014,15,BulkMember14,TestFamily,2004-03-15,bulk14@test.com,+852-9014-0014,HKID,B000014(0),Child,M,2026-04-15,,True,2026-04-15,Smile
PM_BULK_015,P_BULK_TEST,C_BULK_015,16,BulkMember15,TestFamily,2005-04-16,bulk15@test.com,+852-9015-0015,HKID,B000015(0),Child,F,2026-04-15,,True,2026-04-15,Smile
PM_BULK_016,P_BULK_TEST,C_BULK_016,17,BulkMember16,TestFamily,2006-05-17,bulk16@test.com,+852-9016-0016,HKID,B000016(0),Child,M,2026-04-15,,True,2026-04-15,Smile
PM_BULK_017,P_BULK_TEST,C_BULK_017,18,BulkMember17,TestFamily,2007-06-18,bulk17@test.com,+852-9017-0017,HKID,B000017(0),Child,F,2026-04-15,,True,2026-04-15,Smile
PM_BULK_018,P_BULK_TEST,C_BULK_018,19,BulkMember18,TestFamily,2008-07-19,bulk18@test.com,+852-9018-0018,HKID,B000018(0),Child,M,2026-04-15,,True,2026-04-15,Smile
PM_BULK_019,P_BULK_TEST,C_BULK_019,20,BulkMember19,TestFamily,2009-08-20,bulk19@test.com,+852-9019-0019,HKID,B000019(0),Child,F,2026-04-15,,True,2026-04-15,Smile
PM013,P013,C013,1,John,Corrected,1990-03-03,corrected@email.com,+852-9133-3333,HKID,C130000(0),Primary,M,2024-01-01,,True,2024-01-25,Smile
